"date","ageSib","ethnicityCensus","geog","datacol"
2019,0,0,1,184015
2019,0,0,2,144429
2019,0,0,3,251582
2019,0,0,4,424898
2019,0,0,5,241458
2019,0,0,6,239642
2019,0,1,1,1580
2019,0,1,2,1170
2019,0,1,3,1839
2019,0,1,4,1560
2019,0,1,5,1541
2019,0,1,6,1751
2019,0,2,1,1239
2019,0,2,2,911
2019,0,2,3,9551
2019,0,2,4,34581
2019,0,2,5,6526
2019,0,2,6,4105
2019,0,3,1,855
2019,0,3,2,479
2019,0,3,3,2945
2019,0,3,4,15108
2019,0,3,5,8203
2019,0,3,6,2117
2019,0,4,1,197
2019,0,4,2,0
2019,0,4,3,409
2019,0,4,4,1812
2019,0,4,5,1640
2019,0,4,6,538
2019,0,5,1,78151
2019,0,5,2,50697
2019,0,5,3,100268
2019,0,5,4,140373
2019,0,5,5,91494
2019,0,5,6,103141
2019,0,6,1,7768
2019,0,6,2,17141
2019,0,6,3,6703
2019,0,6,4,10951
2019,0,6,5,4878
2019,0,6,6,4422
2019,0,8,1,2144
2019,0,8,2,1790
2019,0,8,3,4075
2019,0,8,4,8064
2019,0,8,5,6447
2019,0,8,6,3744
2019,0,9,1,14863
2019,0,9,2,29765
2019,0,9,3,14549
2019,0,9,4,22871
2019,0,9,5,11861
2019,0,9,6,10390
2019,0,10,1,4424
2019,0,10,2,2572
2019,0,10,3,14639
2019,0,10,4,44106
2019,0,10,5,14738
2019,0,10,6,9125
2019,0,11,1,71999
2019,0,11,2,39534
2019,0,11,3,93810
2019,0,11,4,130780
2019,0,11,5,86317
2019,0,11,6,98306
2019,0,12,1,795
2019,0,12,2,370
2019,0,12,3,2794
2019,0,12,4,14692
2019,0,12,5,7813
2019,0,12,6,2003
2019,1,0,1,42128
2019,1,0,2,31251
2019,1,0,3,58726
2019,1,0,4,116274
2019,1,0,5,56846
2019,1,0,6,52609
2019,1,1,1,369
2019,1,1,2,211
2019,1,1,3,383
2019,1,1,4,319
2019,1,1,5,360
2019,1,1,6,329
2019,1,2,1,330
2019,1,2,2,211
2019,1,2,3,2502
2019,1,2,4,10688
2019,1,2,5,1404
2019,1,2,6,868
2019,1,3,1,212
2019,1,3,2,84
2019,1,3,3,756
2019,1,3,4,3769
2019,1,3,5,1917
2019,1,3,6,407
2019,1,4,1,51
2019,1,4,2,0
2019,1,4,3,100
2019,1,4,4,405
2019,1,4,5,391
2019,1,4,6,66
2019,1,5,1,17911
2019,1,5,2,11273
2019,1,5,3,23007
2019,1,5,4,37684
2019,1,5,5,21337
2019,1,5,6,22688
2019,1,6,1,1600
2019,1,6,2,3471
2019,1,6,3,1455
2019,1,6,4,2787
2019,1,6,5,1190
2019,1,6,6,973
2019,1,8,1,568
2019,1,8,2,365
2019,1,8,3,1159
2019,1,8,4,2485
2019,1,8,5,1824
2019,1,8,6,972
2019,1,9,1,3359
2019,1,9,2,6150
2019,1,9,3,3507
2019,1,9,4,6164
2019,1,9,5,3126
2019,1,9,6,2464
2019,1,10,1,1133
2019,1,10,2,554
2019,1,10,3,3810
2019,1,10,4,13411
2019,1,10,5,3550
2019,1,10,6,1965
2019,1,11,1,16410
2019,1,11,2,8869
2019,1,11,3,21328
2019,1,11,4,34906
2019,1,11,5,19959
2019,1,11,6,21495
2019,1,12,1,185
2019,1,12,2,63
2019,1,12,3,719
2019,1,12,4,3656
2019,1,12,5,1788
2019,1,12,6,382
2019,2,0,1,102437
2019,2,0,2,75961
2019,2,0,3,144886
2019,2,0,4,232688
2019,2,0,5,137646
2019,2,0,6,140407
2019,2,1,1,836
2019,2,1,2,665
2019,2,1,3,1065
2019,2,1,4,887
2019,2,1,5,873
2019,2,1,6,1090
2019,2,2,1,660
2019,2,2,2,545
2019,2,2,3,5326
2019,2,2,4,17679
2019,2,2,5,3843
2019,2,2,6,2460
2019,2,3,1,445
2019,2,3,2,276
2019,2,3,3,1494
2019,2,3,4,7771
2019,2,3,5,4470
2019,2,3,6,1252
2019,2,4,1,85
2019,2,4,2,0
2019,2,4,3,207
2019,2,4,4,933
2019,2,4,5,816
2019,2,4,6,341
2019,2,5,1,44698
2019,2,5,2,27887
2019,2,5,3,59306
2019,2,5,4,80508
2019,2,5,5,53586
2019,2,5,6,61108
2019,2,6,1,3414
2019,2,6,2,7680
2019,2,6,3,3024
2019,2,6,4,4654
2019,2,6,5,2103
2019,2,6,6,1983
2019,2,8,1,1065
2019,2,8,2,927
2019,2,8,3,2021
2019,2,8,4,3912
2019,2,8,5,3132
2019,2,8,6,1969
2019,2,9,1,6414
2019,2,9,2,13060
2019,2,9,3,6476
2019,2,9,4,9990
2019,2,9,5,5324
2019,2,9,6,4719
2019,2,10,1,2327
2019,2,10,2,1521
2019,2,10,3,8106
2019,2,10,4,22541
2019,2,10,5,8019
2019,2,10,6,5411
2019,2,11,1,42071
2019,2,11,2,23178
2019,2,11,3,56430
2019,2,11,4,76244
2019,2,11,5,51179
2019,2,11,6,58882
2019,2,12,1,422
2019,2,12,2,222
2019,2,12,3,1431
2019,2,12,4,7569
2019,2,12,5,4301
2019,2,12,6,1192
2019,3,0,1,39450
2019,3,0,2,37217
2019,3,0,3,47970
2019,3,0,4,75936
2019,3,0,5,46966
2019,3,0,6,46626
2019,3,1,1,375
2019,3,1,2,294
2019,3,1,3,391
2019,3,1,4,354
2019,3,1,5,308
2019,3,1,6,332
2019,3,2,1,249
2019,3,2,2,155
2019,3,2,3,1723
2019,3,2,4,6214
2019,3,2,5,1279
2019,3,2,6,777
2019,3,3,1,198
2019,3,3,2,119
2019,3,3,3,695
2019,3,3,4,3568
2019,3,3,5,1816
2019,3,3,6,458
2019,3,4,1,61
2019,3,4,2,0
2019,3,4,3,102
2019,3,4,4,474
2019,3,4,5,433
2019,3,4,6,131
2019,3,5,1,15542
2019,3,5,2,11537
2019,3,5,3,17955
2019,3,5,4,22181
2019,3,5,5,16571
2019,3,5,6,19345
2019,3,6,1,2754
2019,3,6,2,5990
2019,3,6,3,2224
2019,3,6,4,3510
2019,3,6,5,1585
2019,3,6,6,1466
2019,3,8,1,511
2019,3,8,2,498
2019,3,8,3,895
2019,3,8,4,1667
2019,3,8,5,1491
2019,3,8,6,803
2019,3,9,1,5090
2019,3,9,2,10555
2019,3,9,3,4566
2019,3,9,4,6717
2019,3,9,5,3411
2019,3,9,6,3207
2019,3,10,1,964
2019,3,10,2,497
2019,3,10,3,2723
2019,3,10,4,8154
2019,3,10,5,3169
2019,3,10,6,1749
2019,3,11,1,13518
2019,3,11,2,7487
2019,3,11,3,16052
2019,3,11,4,19630
2019,3,11,5,15179
2019,3,11,6,17929
2019,3,12,1,188
2019,3,12,2,85
2019,3,12,3,644
2019,3,12,4,3467
2019,3,12,5,1724
2019,3,12,6,429
2018,0,0,1,184015
2018,0,0,2,144429
2018,0,0,3,251582
2018,0,0,4,424898
2018,0,0,5,241458
2018,0,0,6,239642
2018,0,1,1,1580
2018,0,1,2,1170
2018,0,1,3,1839
2018,0,1,4,1560
2018,0,1,5,1541
2018,0,1,6,1751
2018,0,2,1,1239
2018,0,2,2,911
2018,0,2,3,9551
2018,0,2,4,34581
2018,0,2,5,6526
2018,0,2,6,4105
2018,0,3,1,855
2018,0,3,2,479
2018,0,3,3,2945
2018,0,3,4,15108
2018,0,3,5,8203
2018,0,3,6,2117
2018,0,4,1,197
2018,0,4,2,0
2018,0,4,3,409
2018,0,4,4,1812
2018,0,4,5,1640
2018,0,4,6,538
2018,0,5,1,78151
2018,0,5,2,50697
2018,0,5,3,100268
2018,0,5,4,140373
2018,0,5,5,91494
2018,0,5,6,103141
2018,0,6,1,7768
2018,0,6,2,17141
2018,0,6,3,6703
2018,0,6,4,10951
2018,0,6,5,4878
2018,0,6,6,4422
2018,0,8,1,2144
2018,0,8,2,1790
2018,0,8,3,4075
2018,0,8,4,8064
2018,0,8,5,6447
2018,0,8,6,3744
2018,0,9,1,14863
2018,0,9,2,29765
2018,0,9,3,14549
2018,0,9,4,22871
2018,0,9,5,11861
2018,0,9,6,10390
2018,0,10,1,4424
2018,0,10,2,2572
2018,0,10,3,14639
2018,0,10,4,44106
2018,0,10,5,14738
2018,0,10,6,9125
2018,0,11,1,71999
2018,0,11,2,39534
2018,0,11,3,93810
2018,0,11,4,130780
2018,0,11,5,86317
2018,0,11,6,98306
2018,0,12,1,795
2018,0,12,2,370
2018,0,12,3,2794
2018,0,12,4,14692
2018,0,12,5,7813
2018,0,12,6,2003
2018,1,0,1,42128
2018,1,0,2,31251
2018,1,0,3,58726
2018,1,0,4,116274
2018,1,0,5,56846
2018,1,0,6,52609
2018,1,1,1,369
2018,1,1,2,211
2018,1,1,3,383
2018,1,1,4,319
2018,1,1,5,360
2018,1,1,6,329
2018,1,2,1,330
2018,1,2,2,211
2018,1,2,3,2502
2018,1,2,4,10688
2018,1,2,5,1404
2018,1,2,6,868
2018,1,3,1,212
2018,1,3,2,84
2018,1,3,3,756
2018,1,3,4,3769
2018,1,3,5,1917
2018,1,3,6,407
2018,1,4,1,51
2018,1,4,2,0
2018,1,4,3,100
2018,1,4,4,405
2018,1,4,5,391
2018,1,4,6,66
2018,1,5,1,17911
2018,1,5,2,11273
2018,1,5,3,23007
2018,1,5,4,37684
2018,1,5,5,21337
2018,1,5,6,22688
2018,1,6,1,1600
2018,1,6,2,3471
2018,1,6,3,1455
2018,1,6,4,2787
2018,1,6,5,1190
2018,1,6,6,973
2018,1,8,1,568
2018,1,8,2,365
2018,1,8,3,1159
2018,1,8,4,2485
2018,1,8,5,1824
2018,1,8,6,972
2018,1,9,1,3359
2018,1,9,2,6150
2018,1,9,3,3507
2018,1,9,4,6164
2018,1,9,5,3126
2018,1,9,6,2464
2018,1,10,1,1133
2018,1,10,2,554
2018,1,10,3,3810
2018,1,10,4,13411
2018,1,10,5,3550
2018,1,10,6,1965
2018,1,11,1,16410
2018,1,11,2,8869
2018,1,11,3,21328
2018,1,11,4,34906
2018,1,11,5,19959
2018,1,11,6,21495
2018,1,12,1,185
2018,1,12,2,63
2018,1,12,3,719
2018,1,12,4,3656
2018,1,12,5,1788
2018,1,12,6,382
2018,2,0,1,102437
2018,2,0,2,75961
2018,2,0,3,144886
2018,2,0,4,232688
2018,2,0,5,137646
2018,2,0,6,140407
2018,2,1,1,836
2018,2,1,2,665
2018,2,1,3,1065
2018,2,1,4,887
2018,2,1,5,873
2018,2,1,6,1090
2018,2,2,1,660
2018,2,2,2,545
2018,2,2,3,5326
2018,2,2,4,17679
2018,2,2,5,3843
2018,2,2,6,2460
2018,2,3,1,445
2018,2,3,2,276
2018,2,3,3,1494
2018,2,3,4,7771
2018,2,3,5,4470
2018,2,3,6,1252
2018,2,4,1,85
2018,2,4,2,0
2018,2,4,3,207
2018,2,4,4,933
2018,2,4,5,816
2018,2,4,6,341
2018,2,5,1,44698
2018,2,5,2,27887
2018,2,5,3,59306
2018,2,5,4,80508
2018,2,5,5,53586
2018,2,5,6,61108
2018,2,6,1,3414
2018,2,6,2,7680
2018,2,6,3,3024
2018,2,6,4,4654
2018,2,6,5,2103
2018,2,6,6,1983
2018,2,8,1,1065
2018,2,8,2,927
2018,2,8,3,2021
2018,2,8,4,3912
2018,2,8,5,3132
2018,2,8,6,1969
2018,2,9,1,6414
2018,2,9,2,13060
2018,2,9,3,6476
2018,2,9,4,9990
2018,2,9,5,5324
2018,2,9,6,4719
2018,2,10,1,2327
2018,2,10,2,1521
2018,2,10,3,8106
2018,2,10,4,22541
2018,2,10,5,8019
2018,2,10,6,5411
2018,2,11,1,42071
2018,2,11,2,23178
2018,2,11,3,56430
2018,2,11,4,76244
2018,2,11,5,51179
2018,2,11,6,58882
2018,2,12,1,422
2018,2,12,2,222
2018,2,12,3,1431
2018,2,12,4,7569
2018,2,12,5,4301
2018,2,12,6,1192
2018,3,0,1,39450
2018,3,0,2,37217
2018,3,0,3,47970
2018,3,0,4,75936
2018,3,0,5,46966
2018,3,0,6,46626
2018,3,1,1,375
2018,3,1,2,294
2018,3,1,3,391
2018,3,1,4,354
2018,3,1,5,308
2018,3,1,6,332
2018,3,2,1,249
2018,3,2,2,155
2018,3,2,3,1723
2018,3,2,4,6214
2018,3,2,5,1279
2018,3,2,6,777
2018,3,3,1,198
2018,3,3,2,119
2018,3,3,3,695
2018,3,3,4,3568
2018,3,3,5,1816
2018,3,3,6,458
2018,3,4,1,61
2018,3,4,2,0
2018,3,4,3,102
2018,3,4,4,474
2018,3,4,5,433
2018,3,4,6,131
2018,3,5,1,15542
2018,3,5,2,11537
2018,3,5,3,17955
2018,3,5,4,22181
2018,3,5,5,16571
2018,3,5,6,19345
2018,3,6,1,2754
2018,3,6,2,5990
2018,3,6,3,2224
2018,3,6,4,3510
2018,3,6,5,1585
2018,3,6,6,1466
2018,3,8,1,511
2018,3,8,2,498
2018,3,8,3,895
2018,3,8,4,1667
2018,3,8,5,1491
2018,3,8,6,803
2018,3,9,1,5090
2018,3,9,2,10555
2018,3,9,3,4566
2018,3,9,4,6717
2018,3,9,5,3411
2018,3,9,6,3207
2018,3,10,1,964
2018,3,10,2,497
2018,3,10,3,2723
2018,3,10,4,8154
2018,3,10,5,3169
2018,3,10,6,1749
2018,3,11,1,13518
2018,3,11,2,7487
2018,3,11,3,16052
2018,3,11,4,19630
2018,3,11,5,15179
2018,3,11,6,17929
2018,3,12,1,188
2018,3,12,2,85
2018,3,12,3,644
2018,3,12,4,3467
2018,3,12,5,1724
2018,3,12,6,429
2017,0,0,1,184015
2017,0,0,2,144429
2017,0,0,3,251582
2017,0,0,4,424898
2017,0,0,5,241458
2017,0,0,6,239642
2017,0,1,1,1580
2017,0,1,2,1170
2017,0,1,3,1839
2017,0,1,4,1560
2017,0,1,5,1541
2017,0,1,6,1751
2017,0,2,1,1239
2017,0,2,2,911
2017,0,2,3,9551
2017,0,2,4,34581
2017,0,2,5,6526
2017,0,2,6,4105
2017,0,3,1,855
2017,0,3,2,479
2017,0,3,3,2945
2017,0,3,4,15108
2017,0,3,5,8203
2017,0,3,6,2117
2017,0,4,1,197
2017,0,4,2,0
2017,0,4,3,409
2017,0,4,4,1812
2017,0,4,5,1640
2017,0,4,6,538
2017,0,5,1,78151
2017,0,5,2,50697
2017,0,5,3,100268
2017,0,5,4,140373
2017,0,5,5,91494
2017,0,5,6,103141
2017,0,6,1,7768
2017,0,6,2,17141
2017,0,6,3,6703
2017,0,6,4,10951
2017,0,6,5,4878
2017,0,6,6,4422
2017,0,8,1,2144
2017,0,8,2,1790
2017,0,8,3,4075
2017,0,8,4,8064
2017,0,8,5,6447
2017,0,8,6,3744
2017,0,9,1,14863
2017,0,9,2,29765
2017,0,9,3,14549
2017,0,9,4,22871
2017,0,9,5,11861
2017,0,9,6,10390
2017,0,10,1,4424
2017,0,10,2,2572
2017,0,10,3,14639
2017,0,10,4,44106
2017,0,10,5,14738
2017,0,10,6,9125
2017,0,11,1,71999
2017,0,11,2,39534
2017,0,11,3,93810
2017,0,11,4,130780
2017,0,11,5,86317
2017,0,11,6,98306
2017,0,12,1,795
2017,0,12,2,370
2017,0,12,3,2794
2017,0,12,4,14692
2017,0,12,5,7813
2017,0,12,6,2003
2017,1,0,1,42128
2017,1,0,2,31251
2017,1,0,3,58726
2017,1,0,4,116274
2017,1,0,5,56846
2017,1,0,6,52609
2017,1,1,1,369
2017,1,1,2,211
2017,1,1,3,383
2017,1,1,4,319
2017,1,1,5,360
2017,1,1,6,329
2017,1,2,1,330
2017,1,2,2,211
2017,1,2,3,2502
2017,1,2,4,10688
2017,1,2,5,1404
2017,1,2,6,868
2017,1,3,1,212
2017,1,3,2,84
2017,1,3,3,756
2017,1,3,4,3769
2017,1,3,5,1917
2017,1,3,6,407
2017,1,4,1,51
2017,1,4,2,0
2017,1,4,3,100
2017,1,4,4,405
2017,1,4,5,391
2017,1,4,6,66
2017,1,5,1,17911
2017,1,5,2,11273
2017,1,5,3,23007
2017,1,5,4,37684
2017,1,5,5,21337
2017,1,5,6,22688
2017,1,6,1,1600
2017,1,6,2,3471
2017,1,6,3,1455
2017,1,6,4,2787
2017,1,6,5,1190
2017,1,6,6,973
2017,1,8,1,568
2017,1,8,2,365
2017,1,8,3,1159
2017,1,8,4,2485
2017,1,8,5,1824
2017,1,8,6,972
2017,1,9,1,3359
2017,1,9,2,6150
2017,1,9,3,3507
2017,1,9,4,6164
2017,1,9,5,3126
2017,1,9,6,2464
2017,1,10,1,1133
2017,1,10,2,554
2017,1,10,3,3810
2017,1,10,4,13411
2017,1,10,5,3550
2017,1,10,6,1965
2017,1,11,1,16410
2017,1,11,2,8869
2017,1,11,3,21328
2017,1,11,4,34906
2017,1,11,5,19959
2017,1,11,6,21495
2017,1,12,1,185
2017,1,12,2,63
2017,1,12,3,719
2017,1,12,4,3656
2017,1,12,5,1788
2017,1,12,6,382
2017,2,0,1,102437
2017,2,0,2,75961
2017,2,0,3,144886
2017,2,0,4,232688
2017,2,0,5,137646
2017,2,0,6,140407
2017,2,1,1,836
2017,2,1,2,665
2017,2,1,3,1065
2017,2,1,4,887
2017,2,1,5,873
2017,2,1,6,1090
2017,2,2,1,660
2017,2,2,2,545
2017,2,2,3,5326
2017,2,2,4,17679
2017,2,2,5,3843
2017,2,2,6,2460
2017,2,3,1,445
2017,2,3,2,276
2017,2,3,3,1494
2017,2,3,4,7771
2017,2,3,5,4470
2017,2,3,6,1252
2017,2,4,1,85
2017,2,4,2,0
2017,2,4,3,207
2017,2,4,4,933
2017,2,4,5,816
2017,2,4,6,341
2017,2,5,1,44698
2017,2,5,2,27887
2017,2,5,3,59306
2017,2,5,4,80508
2017,2,5,5,53586
2017,2,5,6,61108
2017,2,6,1,3414
2017,2,6,2,7680
2017,2,6,3,3024
2017,2,6,4,4654
2017,2,6,5,2103
2017,2,6,6,1983
2017,2,8,1,1065
2017,2,8,2,927
2017,2,8,3,2021
2017,2,8,4,3912
2017,2,8,5,3132
2017,2,8,6,1969
2017,2,9,1,6414
2017,2,9,2,13060
2017,2,9,3,6476
2017,2,9,4,9990
2017,2,9,5,5324
2017,2,9,6,4719
2017,2,10,1,2327
2017,2,10,2,1521
2017,2,10,3,8106
2017,2,10,4,22541
2017,2,10,5,8019
2017,2,10,6,5411
2017,2,11,1,42071
2017,2,11,2,23178
2017,2,11,3,56430
2017,2,11,4,76244
2017,2,11,5,51179
2017,2,11,6,58882
2017,2,12,1,422
2017,2,12,2,222
2017,2,12,3,1431
2017,2,12,4,7569
2017,2,12,5,4301
2017,2,12,6,1192
2017,3,0,1,39450
2017,3,0,2,37217
2017,3,0,3,47970
2017,3,0,4,75936
2017,3,0,5,46966
2017,3,0,6,46626
2017,3,1,1,375
2017,3,1,2,294
2017,3,1,3,391
2017,3,1,4,354
2017,3,1,5,308
2017,3,1,6,332
2017,3,2,1,249
2017,3,2,2,155
2017,3,2,3,1723
2017,3,2,4,6214
2017,3,2,5,1279
2017,3,2,6,777
2017,3,3,1,198
2017,3,3,2,119
2017,3,3,3,695
2017,3,3,4,3568
2017,3,3,5,1816
2017,3,3,6,458
2017,3,4,1,61
2017,3,4,2,0
2017,3,4,3,102
2017,3,4,4,474
2017,3,4,5,433
2017,3,4,6,131
2017,3,5,1,15542
2017,3,5,2,11537
2017,3,5,3,17955
2017,3,5,4,22181
2017,3,5,5,16571
2017,3,5,6,19345
2017,3,6,1,2754
2017,3,6,2,5990
2017,3,6,3,2224
2017,3,6,4,3510
2017,3,6,5,1585
2017,3,6,6,1466
2017,3,8,1,511
2017,3,8,2,498
2017,3,8,3,895
2017,3,8,4,1667
2017,3,8,5,1491
2017,3,8,6,803
2017,3,9,1,5090
2017,3,9,2,10555
2017,3,9,3,4566
2017,3,9,4,6717
2017,3,9,5,3411
2017,3,9,6,3207
2017,3,10,1,964
2017,3,10,2,497
2017,3,10,3,2723
2017,3,10,4,8154
2017,3,10,5,3169
2017,3,10,6,1749
2017,3,11,1,13518
2017,3,11,2,7487
2017,3,11,3,16052
2017,3,11,4,19630
2017,3,11,5,15179
2017,3,11,6,17929
2017,3,12,1,188
2017,3,12,2,85
2017,3,12,3,644
2017,3,12,4,3467
2017,3,12,5,1724
2017,3,12,6,429
2016,0,0,1,184015
2016,0,0,2,144429
2016,0,0,3,251582
2016,0,0,4,424898
2016,0,0,5,241458
2016,0,0,6,239642
2016,0,1,1,1580
2016,0,1,2,1170
2016,0,1,3,1839
2016,0,1,4,1560
2016,0,1,5,1541
2016,0,1,6,1751
2016,0,2,1,1239
2016,0,2,2,911
2016,0,2,3,9551
2016,0,2,4,34581
2016,0,2,5,6526
2016,0,2,6,4105
2016,0,3,1,855
2016,0,3,2,479
2016,0,3,3,2945
2016,0,3,4,15108
2016,0,3,5,8203
2016,0,3,6,2117
2016,0,4,1,197
2016,0,4,2,0
2016,0,4,3,409
2016,0,4,4,1812
2016,0,4,5,1640
2016,0,4,6,538
2016,0,5,1,78151
2016,0,5,2,50697
2016,0,5,3,100268
2016,0,5,4,140373
2016,0,5,5,91494
2016,0,5,6,103141
2016,0,6,1,7768
2016,0,6,2,17141
2016,0,6,3,6703
2016,0,6,4,10951
2016,0,6,5,4878
2016,0,6,6,4422
2016,0,8,1,2144
2016,0,8,2,1790
2016,0,8,3,4075
2016,0,8,4,8064
2016,0,8,5,6447
2016,0,8,6,3744
2016,0,9,1,14863
2016,0,9,2,29765
2016,0,9,3,14549
2016,0,9,4,22871
2016,0,9,5,11861
2016,0,9,6,10390
2016,0,10,1,4424
2016,0,10,2,2572
2016,0,10,3,14639
2016,0,10,4,44106
2016,0,10,5,14738
2016,0,10,6,9125
2016,0,11,1,71999
2016,0,11,2,39534
2016,0,11,3,93810
2016,0,11,4,130780
2016,0,11,5,86317
2016,0,11,6,98306
2016,0,12,1,795
2016,0,12,2,370
2016,0,12,3,2794
2016,0,12,4,14692
2016,0,12,5,7813
2016,0,12,6,2003
2016,1,0,1,42128
2016,1,0,2,31251
2016,1,0,3,58726
2016,1,0,4,116274
2016,1,0,5,56846
2016,1,0,6,52609
2016,1,1,1,369
2016,1,1,2,211
2016,1,1,3,383
2016,1,1,4,319
2016,1,1,5,360
2016,1,1,6,329
2016,1,2,1,330
2016,1,2,2,211
2016,1,2,3,2502
2016,1,2,4,10688
2016,1,2,5,1404
2016,1,2,6,868
2016,1,3,1,212
2016,1,3,2,84
2016,1,3,3,756
2016,1,3,4,3769
2016,1,3,5,1917
2016,1,3,6,407
2016,1,4,1,51
2016,1,4,2,0
2016,1,4,3,100
2016,1,4,4,405
2016,1,4,5,391
2016,1,4,6,66
2016,1,5,1,17911
2016,1,5,2,11273
2016,1,5,3,23007
2016,1,5,4,37684
2016,1,5,5,21337
2016,1,5,6,22688
2016,1,6,1,1600
2016,1,6,2,3471
2016,1,6,3,1455
2016,1,6,4,2787
2016,1,6,5,1190
2016,1,6,6,973
2016,1,8,1,568
2016,1,8,2,365
2016,1,8,3,1159
2016,1,8,4,2485
2016,1,8,5,1824
2016,1,8,6,972
2016,1,9,1,3359
2016,1,9,2,6150
2016,1,9,3,3507
2016,1,9,4,6164
2016,1,9,5,3126
2016,1,9,6,2464
2016,1,10,1,1133
2016,1,10,2,554
2016,1,10,3,3810
2016,1,10,4,13411
2016,1,10,5,3550
2016,1,10,6,1965
2016,1,11,1,16410
2016,1,11,2,8869
2016,1,11,3,21328
2016,1,11,4,34906
2016,1,11,5,19959
2016,1,11,6,21495
2016,1,12,1,185
2016,1,12,2,63
2016,1,12,3,719
2016,1,12,4,3656
2016,1,12,5,1788
2016,1,12,6,382
2016,2,0,1,102437
2016,2,0,2,75961
2016,2,0,3,144886
2016,2,0,4,232688
2016,2,0,5,137646
2016,2,0,6,140407
2016,2,1,1,836
2016,2,1,2,665
2016,2,1,3,1065
2016,2,1,4,887
2016,2,1,5,873
2016,2,1,6,1090
2016,2,2,1,660
2016,2,2,2,545
2016,2,2,3,5326
2016,2,2,4,17679
2016,2,2,5,3843
2016,2,2,6,2460
2016,2,3,1,445
2016,2,3,2,276
2016,2,3,3,1494
2016,2,3,4,7771
2016,2,3,5,4470
2016,2,3,6,1252
2016,2,4,1,85
2016,2,4,2,0
2016,2,4,3,207
2016,2,4,4,933
2016,2,4,5,816
2016,2,4,6,341
2016,2,5,1,44698
2016,2,5,2,27887
2016,2,5,3,59306
2016,2,5,4,80508
2016,2,5,5,53586
2016,2,5,6,61108
2016,2,6,1,3414
2016,2,6,2,7680
2016,2,6,3,3024
2016,2,6,4,4654
2016,2,6,5,2103
2016,2,6,6,1983
2016,2,8,1,1065
2016,2,8,2,927
2016,2,8,3,2021
2016,2,8,4,3912
2016,2,8,5,3132
2016,2,8,6,1969
2016,2,9,1,6414
2016,2,9,2,13060
2016,2,9,3,6476
2016,2,9,4,9990
2016,2,9,5,5324
2016,2,9,6,4719
2016,2,10,1,2327
2016,2,10,2,1521
2016,2,10,3,8106
2016,2,10,4,22541
2016,2,10,5,8019
2016,2,10,6,5411
2016,2,11,1,42071
2016,2,11,2,23178
2016,2,11,3,56430
2016,2,11,4,76244
2016,2,11,5,51179
2016,2,11,6,58882
2016,2,12,1,422
2016,2,12,2,222
2016,2,12,3,1431
2016,2,12,4,7569
2016,2,12,5,4301
2016,2,12,6,1192
2016,3,0,1,39450
2016,3,0,2,37217
2016,3,0,3,47970
2016,3,0,4,75936
2016,3,0,5,46966
2016,3,0,6,46626
2016,3,1,1,375
2016,3,1,2,294
2016,3,1,3,391
2016,3,1,4,354
2016,3,1,5,308
2016,3,1,6,332
2016,3,2,1,249
2016,3,2,2,155
2016,3,2,3,1723
2016,3,2,4,6214
2016,3,2,5,1279
2016,3,2,6,777
2016,3,3,1,198
2016,3,3,2,119
2016,3,3,3,695
2016,3,3,4,3568
2016,3,3,5,1816
2016,3,3,6,458
2016,3,4,1,61
2016,3,4,2,0
2016,3,4,3,102
2016,3,4,4,474
2016,3,4,5,433
2016,3,4,6,131
2016,3,5,1,15542
2016,3,5,2,11537
2016,3,5,3,17955
2016,3,5,4,22181
2016,3,5,5,16571
2016,3,5,6,19345
2016,3,6,1,2754
2016,3,6,2,5990
2016,3,6,3,2224
2016,3,6,4,3510
2016,3,6,5,1585
2016,3,6,6,1466
2016,3,8,1,511
2016,3,8,2,498
2016,3,8,3,895
2016,3,8,4,1667
2016,3,8,5,1491
2016,3,8,6,803
2016,3,9,1,5090
2016,3,9,2,10555
2016,3,9,3,4566
2016,3,9,4,6717
2016,3,9,5,3411
2016,3,9,6,3207
2016,3,10,1,964
2016,3,10,2,497
2016,3,10,3,2723
2016,3,10,4,8154
2016,3,10,5,3169
2016,3,10,6,1749
2016,3,11,1,13518
2016,3,11,2,7487
2016,3,11,3,16052
2016,3,11,4,19630
2016,3,11,5,15179
2016,3,11,6,17929
2016,3,12,1,188
2016,3,12,2,85
2016,3,12,3,644
2016,3,12,4,3467
2016,3,12,5,1724
2016,3,12,6,429
2015,0,0,1,184015
2015,0,0,2,144429
2015,0,0,3,251582
2015,0,0,4,424898
2015,0,0,5,241458
2015,0,0,6,239642
2015,0,1,1,1580
2015,0,1,2,1170
2015,0,1,3,1839
2015,0,1,4,1560
2015,0,1,5,1541
2015,0,1,6,1751
2015,0,2,1,1239
2015,0,2,2,911
2015,0,2,3,9551
2015,0,2,4,34581
2015,0,2,5,6526
2015,0,2,6,4105
2015,0,3,1,855
2015,0,3,2,479
2015,0,3,3,2945
2015,0,3,4,15108
2015,0,3,5,8203
2015,0,3,6,2117
2015,0,4,1,197
2015,0,4,2,0
2015,0,4,3,409
2015,0,4,4,1812
2015,0,4,5,1640
2015,0,4,6,538
2015,0,5,1,78151
2015,0,5,2,50697
2015,0,5,3,100268
2015,0,5,4,140373
2015,0,5,5,91494
2015,0,5,6,103141
2015,0,6,1,7768
2015,0,6,2,17141
2015,0,6,3,6703
2015,0,6,4,10951
2015,0,6,5,4878
2015,0,6,6,4422
2015,0,8,1,2144
2015,0,8,2,1790
2015,0,8,3,4075
2015,0,8,4,8064
2015,0,8,5,6447
2015,0,8,6,3744
2015,0,9,1,14863
2015,0,9,2,29765
2015,0,9,3,14549
2015,0,9,4,22871
2015,0,9,5,11861
2015,0,9,6,10390
2015,0,10,1,4424
2015,0,10,2,2572
2015,0,10,3,14639
2015,0,10,4,44106
2015,0,10,5,14738
2015,0,10,6,9125
2015,0,11,1,71999
2015,0,11,2,39534
2015,0,11,3,93810
2015,0,11,4,130780
2015,0,11,5,86317
2015,0,11,6,98306
2015,0,12,1,795
2015,0,12,2,370
2015,0,12,3,2794
2015,0,12,4,14692
2015,0,12,5,7813
2015,0,12,6,2003
2015,1,0,1,42128
2015,1,0,2,31251
2015,1,0,3,58726
2015,1,0,4,116274
2015,1,0,5,56846
2015,1,0,6,52609
2015,1,1,1,369
2015,1,1,2,211
2015,1,1,3,383
2015,1,1,4,319
2015,1,1,5,360
2015,1,1,6,329
2015,1,2,1,330
2015,1,2,2,211
2015,1,2,3,2502
2015,1,2,4,10688
2015,1,2,5,1404
2015,1,2,6,868
2015,1,3,1,212
2015,1,3,2,84
2015,1,3,3,756
2015,1,3,4,3769
2015,1,3,5,1917
2015,1,3,6,407
2015,1,4,1,51
2015,1,4,2,0
2015,1,4,3,100
2015,1,4,4,405
2015,1,4,5,391
2015,1,4,6,66
2015,1,5,1,17911
2015,1,5,2,11273
2015,1,5,3,23007
2015,1,5,4,37684
2015,1,5,5,21337
2015,1,5,6,22688
2015,1,6,1,1600
2015,1,6,2,3471
2015,1,6,3,1455
2015,1,6,4,2787
2015,1,6,5,1190
2015,1,6,6,973
2015,1,8,1,568
2015,1,8,2,365
2015,1,8,3,1159
2015,1,8,4,2485
2015,1,8,5,1824
2015,1,8,6,972
2015,1,9,1,3359
2015,1,9,2,6150
2015,1,9,3,3507
2015,1,9,4,6164
2015,1,9,5,3126
2015,1,9,6,2464
2015,1,10,1,1133
2015,1,10,2,554
2015,1,10,3,3810
2015,1,10,4,13411
2015,1,10,5,3550
2015,1,10,6,1965
2015,1,11,1,16410
2015,1,11,2,8869
2015,1,11,3,21328
2015,1,11,4,34906
2015,1,11,5,19959
2015,1,11,6,21495
2015,1,12,1,185
2015,1,12,2,63
2015,1,12,3,719
2015,1,12,4,3656
2015,1,12,5,1788
2015,1,12,6,382
2015,2,0,1,102437
2015,2,0,2,75961
2015,2,0,3,144886
2015,2,0,4,232688
2015,2,0,5,137646
2015,2,0,6,140407
2015,2,1,1,836
2015,2,1,2,665
2015,2,1,3,1065
2015,2,1,4,887
2015,2,1,5,873
2015,2,1,6,1090
2015,2,2,1,660
2015,2,2,2,545
2015,2,2,3,5326
2015,2,2,4,17679
2015,2,2,5,3843
2015,2,2,6,2460
2015,2,3,1,445
2015,2,3,2,276
2015,2,3,3,1494
2015,2,3,4,7771
2015,2,3,5,4470
2015,2,3,6,1252
2015,2,4,1,85
2015,2,4,2,0
2015,2,4,3,207
2015,2,4,4,933
2015,2,4,5,816
2015,2,4,6,341
2015,2,5,1,44698
2015,2,5,2,27887
2015,2,5,3,59306
2015,2,5,4,80508
2015,2,5,5,53586
2015,2,5,6,61108
2015,2,6,1,3414
2015,2,6,2,7680
2015,2,6,3,3024
2015,2,6,4,4654
2015,2,6,5,2103
2015,2,6,6,1983
2015,2,8,1,1065
2015,2,8,2,927
2015,2,8,3,2021
2015,2,8,4,3912
2015,2,8,5,3132
2015,2,8,6,1969
2015,2,9,1,6414
2015,2,9,2,13060
2015,2,9,3,6476
2015,2,9,4,9990
2015,2,9,5,5324
2015,2,9,6,4719
2015,2,10,1,2327
2015,2,10,2,1521
2015,2,10,3,8106
2015,2,10,4,22541
2015,2,10,5,8019
2015,2,10,6,5411
2015,2,11,1,42071
2015,2,11,2,23178
2015,2,11,3,56430
2015,2,11,4,76244
2015,2,11,5,51179
2015,2,11,6,58882
2015,2,12,1,422
2015,2,12,2,222
2015,2,12,3,1431
2015,2,12,4,7569
2015,2,12,5,4301
2015,2,12,6,1192
2015,3,0,1,39450
2015,3,0,2,37217
2015,3,0,3,47970
2015,3,0,4,75936
2015,3,0,5,46966
2015,3,0,6,46626
2015,3,1,1,375
2015,3,1,2,294
2015,3,1,3,391
2015,3,1,4,354
2015,3,1,5,308
2015,3,1,6,332
2015,3,2,1,249
2015,3,2,2,155
2015,3,2,3,1723
2015,3,2,4,6214
2015,3,2,5,1279
2015,3,2,6,777
2015,3,3,1,198
2015,3,3,2,119
2015,3,3,3,695
2015,3,3,4,3568
2015,3,3,5,1816
2015,3,3,6,458
2015,3,4,1,61
2015,3,4,2,0
2015,3,4,3,102
2015,3,4,4,474
2015,3,4,5,433
2015,3,4,6,131
2015,3,5,1,15542
2015,3,5,2,11537
2015,3,5,3,17955
2015,3,5,4,22181
2015,3,5,5,16571
2015,3,5,6,19345
2015,3,6,1,2754
2015,3,6,2,5990
2015,3,6,3,2224
2015,3,6,4,3510
2015,3,6,5,1585
2015,3,6,6,1466
2015,3,8,1,511
2015,3,8,2,498
2015,3,8,3,895
2015,3,8,4,1667
2015,3,8,5,1491
2015,3,8,6,803
2015,3,9,1,5090
2015,3,9,2,10555
2015,3,9,3,4566
2015,3,9,4,6717
2015,3,9,5,3411
2015,3,9,6,3207
2015,3,10,1,964
2015,3,10,2,497
2015,3,10,3,2723
2015,3,10,4,8154
2015,3,10,5,3169
2015,3,10,6,1749
2015,3,11,1,13518
2015,3,11,2,7487
2015,3,11,3,16052
2015,3,11,4,19630
2015,3,11,5,15179
2015,3,11,6,17929
2015,3,12,1,188
2015,3,12,2,85
2015,3,12,3,644
2015,3,12,4,3467
2015,3,12,5,1724
2015,3,12,6,429
2014,0,0,1,184015
2014,0,0,2,144429
2014,0,0,3,251582
2014,0,0,4,424898
2014,0,0,5,241458
2014,0,0,6,239642
2014,0,1,1,1580
2014,0,1,2,1170
2014,0,1,3,1839
2014,0,1,4,1560
2014,0,1,5,1541
2014,0,1,6,1751
2014,0,2,1,1239
2014,0,2,2,911
2014,0,2,3,9551
2014,0,2,4,34581
2014,0,2,5,6526
2014,0,2,6,4105
2014,0,3,1,855
2014,0,3,2,479
2014,0,3,3,2945
2014,0,3,4,15108
2014,0,3,5,8203
2014,0,3,6,2117
2014,0,4,1,197
2014,0,4,2,0
2014,0,4,3,409
2014,0,4,4,1812
2014,0,4,5,1640
2014,0,4,6,538
2014,0,5,1,78151
2014,0,5,2,50697
2014,0,5,3,100268
2014,0,5,4,140373
2014,0,5,5,91494
2014,0,5,6,103141
2014,0,6,1,7768
2014,0,6,2,17141
2014,0,6,3,6703
2014,0,6,4,10951
2014,0,6,5,4878
2014,0,6,6,4422
2014,0,8,1,2144
2014,0,8,2,1790
2014,0,8,3,4075
2014,0,8,4,8064
2014,0,8,5,6447
2014,0,8,6,3744
2014,0,9,1,14863
2014,0,9,2,29765
2014,0,9,3,14549
2014,0,9,4,22871
2014,0,9,5,11861
2014,0,9,6,10390
2014,0,10,1,4424
2014,0,10,2,2572
2014,0,10,3,14639
2014,0,10,4,44106
2014,0,10,5,14738
2014,0,10,6,9125
2014,0,11,1,71999
2014,0,11,2,39534
2014,0,11,3,93810
2014,0,11,4,130780
2014,0,11,5,86317
2014,0,11,6,98306
2014,0,12,1,795
2014,0,12,2,370
2014,0,12,3,2794
2014,0,12,4,14692
2014,0,12,5,7813
2014,0,12,6,2003
2014,1,0,1,42128
2014,1,0,2,31251
2014,1,0,3,58726
2014,1,0,4,116274
2014,1,0,5,56846
2014,1,0,6,52609
2014,1,1,1,369
2014,1,1,2,211
2014,1,1,3,383
2014,1,1,4,319
2014,1,1,5,360
2014,1,1,6,329
2014,1,2,1,330
2014,1,2,2,211
2014,1,2,3,2502
2014,1,2,4,10688
2014,1,2,5,1404
2014,1,2,6,868
2014,1,3,1,212
2014,1,3,2,84
2014,1,3,3,756
2014,1,3,4,3769
2014,1,3,5,1917
2014,1,3,6,407
2014,1,4,1,51
2014,1,4,2,0
2014,1,4,3,100
2014,1,4,4,405
2014,1,4,5,391
2014,1,4,6,66
2014,1,5,1,17911
2014,1,5,2,11273
2014,1,5,3,23007
2014,1,5,4,37684
2014,1,5,5,21337
2014,1,5,6,22688
2014,1,6,1,1600
2014,1,6,2,3471
2014,1,6,3,1455
2014,1,6,4,2787
2014,1,6,5,1190
2014,1,6,6,973
2014,1,8,1,568
2014,1,8,2,365
2014,1,8,3,1159
2014,1,8,4,2485
2014,1,8,5,1824
2014,1,8,6,972
2014,1,9,1,3359
2014,1,9,2,6150
2014,1,9,3,3507
2014,1,9,4,6164
2014,1,9,5,3126
2014,1,9,6,2464
2014,1,10,1,1133
2014,1,10,2,554
2014,1,10,3,3810
2014,1,10,4,13411
2014,1,10,5,3550
2014,1,10,6,1965
2014,1,11,1,16410
2014,1,11,2,8869
2014,1,11,3,21328
2014,1,11,4,34906
2014,1,11,5,19959
2014,1,11,6,21495
2014,1,12,1,185
2014,1,12,2,63
2014,1,12,3,719
2014,1,12,4,3656
2014,1,12,5,1788
2014,1,12,6,382
2014,2,0,1,102437
2014,2,0,2,75961
2014,2,0,3,144886
2014,2,0,4,232688
2014,2,0,5,137646
2014,2,0,6,140407
2014,2,1,1,836
2014,2,1,2,665
2014,2,1,3,1065
2014,2,1,4,887
2014,2,1,5,873
2014,2,1,6,1090
2014,2,2,1,660
2014,2,2,2,545
2014,2,2,3,5326
2014,2,2,4,17679
2014,2,2,5,3843
2014,2,2,6,2460
2014,2,3,1,445
2014,2,3,2,276
2014,2,3,3,1494
2014,2,3,4,7771
2014,2,3,5,4470
2014,2,3,6,1252
2014,2,4,1,85
2014,2,4,2,0
2014,2,4,3,207
2014,2,4,4,933
2014,2,4,5,816
2014,2,4,6,341
2014,2,5,1,44698
2014,2,5,2,27887
2014,2,5,3,59306
2014,2,5,4,80508
2014,2,5,5,53586
2014,2,5,6,61108
2014,2,6,1,3414
2014,2,6,2,7680
2014,2,6,3,3024
2014,2,6,4,4654
2014,2,6,5,2103
2014,2,6,6,1983
2014,2,8,1,1065
2014,2,8,2,927
2014,2,8,3,2021
2014,2,8,4,3912
2014,2,8,5,3132
2014,2,8,6,1969
2014,2,9,1,6414
2014,2,9,2,13060
2014,2,9,3,6476
2014,2,9,4,9990
2014,2,9,5,5324
2014,2,9,6,4719
2014,2,10,1,2327
2014,2,10,2,1521
2014,2,10,3,8106
2014,2,10,4,22541
2014,2,10,5,8019
2014,2,10,6,5411
2014,2,11,1,42071
2014,2,11,2,23178
2014,2,11,3,56430
2014,2,11,4,76244
2014,2,11,5,51179
2014,2,11,6,58882
2014,2,12,1,422
2014,2,12,2,222
2014,2,12,3,1431
2014,2,12,4,7569
2014,2,12,5,4301
2014,2,12,6,1192
2014,3,0,1,39450
2014,3,0,2,37217
2014,3,0,3,47970
2014,3,0,4,75936
2014,3,0,5,46966
2014,3,0,6,46626
2014,3,1,1,375
2014,3,1,2,294
2014,3,1,3,391
2014,3,1,4,354
2014,3,1,5,308
2014,3,1,6,332
2014,3,2,1,249
2014,3,2,2,155
2014,3,2,3,1723
2014,3,2,4,6214
2014,3,2,5,1279
2014,3,2,6,777
2014,3,3,1,198
2014,3,3,2,119
2014,3,3,3,695
2014,3,3,4,3568
2014,3,3,5,1816
2014,3,3,6,458
2014,3,4,1,61
2014,3,4,2,0
2014,3,4,3,102
2014,3,4,4,474
2014,3,4,5,433
2014,3,4,6,131
2014,3,5,1,15542
2014,3,5,2,11537
2014,3,5,3,17955
2014,3,5,4,22181
2014,3,5,5,16571
2014,3,5,6,19345
2014,3,6,1,2754
2014,3,6,2,5990
2014,3,6,3,2224
2014,3,6,4,3510
2014,3,6,5,1585
2014,3,6,6,1466
2014,3,8,1,511
2014,3,8,2,498
2014,3,8,3,895
2014,3,8,4,1667
2014,3,8,5,1491
2014,3,8,6,803
2014,3,9,1,5090
2014,3,9,2,10555
2014,3,9,3,4566
2014,3,9,4,6717
2014,3,9,5,3411
2014,3,9,6,3207
2014,3,10,1,964
2014,3,10,2,497
2014,3,10,3,2723
2014,3,10,4,8154
2014,3,10,5,3169
2014,3,10,6,1749
2014,3,11,1,13518
2014,3,11,2,7487
2014,3,11,3,16052
2014,3,11,4,19630
2014,3,11,5,15179
2014,3,11,6,17929
2014,3,12,1,188
2014,3,12,2,85
2014,3,12,3,644
2014,3,12,4,3467
2014,3,12,5,1724
2014,3,12,6,429
2013,0,0,1,185897
2013,0,0,2,145797
2013,0,0,3,252918
2013,0,0,4,425254
2013,0,0,5,242152
2013,0,0,6,241847
2013,0,1,1,1737
2013,0,1,2,1250
2013,0,1,3,1928
2013,0,1,4,1585
2013,0,1,5,1591
2013,0,1,6,1930
2013,0,2,1,1315
2013,0,2,2,998
2013,0,2,3,9651
2013,0,2,4,34607
2013,0,2,5,6576
2013,0,2,6,4236
2013,0,3,1,915
2013,0,3,2,561
2013,0,3,3,3035
2013,0,3,4,15133
2013,0,3,5,8252
2013,0,3,6,2192
2013,0,4,1,221
2013,0,4,2,2
2013,0,4,3,449
2013,0,4,4,1837
2013,0,4,5,1689
2013,0,4,6,586
2013,0,5,1,78475
2013,0,5,2,50871
2013,0,5,3,100393
2013,0,5,4,140399
2013,0,5,5,91543
2013,0,5,6,103415
2013,0,6,1,7917
2013,0,6,2,17288
2013,0,6,3,6826
2013,0,6,4,10977
2013,0,6,5,4928
2013,0,6,6,4621
2013,0,8,1,2324
2013,0,8,2,1910
2013,0,8,3,4175
2013,0,8,4,8089
2013,0,8,5,6497
2013,0,8,6,3942
2013,0,9,1,15090
2013,0,9,2,29917
2013,0,9,3,14673
2013,0,9,4,22897
2013,0,9,5,11911
2013,0,9,6,10625
2013,0,10,1,4735
2013,0,10,2,2844
2013,0,10,3,14972
2013,0,10,4,44208
2013,0,10,5,14935
2013,0,10,6,9649
2013,0,11,1,72322
2013,0,11,2,39710
2013,0,11,3,93936
2013,0,11,4,130806
2013,0,11,5,86367
2013,0,11,6,98579
2013,0,12,1,846
2013,0,12,2,446
2013,0,12,3,2880
2013,0,12,4,14716
2013,0,12,5,7863
2013,0,12,6,2072
2013,1,0,1,42720
2013,1,0,2,31660
2013,1,0,3,59154
2013,1,0,4,116390
2013,1,0,5,57080
2013,1,0,6,53301
2013,1,1,1,411
2013,1,1,2,229
2013,1,1,3,413
2013,1,1,4,327
2013,1,1,5,377
2013,1,1,6,385
2013,1,2,1,354
2013,1,2,2,235
2013,1,2,3,2536
2013,1,2,4,10696
2013,1,2,5,1422
2013,1,2,6,899
2013,1,3,1,232
2013,1,3,2,109
2013,1,3,3,783
2013,1,3,4,3777
2013,1,3,5,1933
2013,1,3,6,427
2013,1,4,1,59
2013,1,4,2,0
2013,1,4,3,108
2013,1,4,4,413
2013,1,4,5,407
2013,1,4,6,82
2013,1,5,1,18018
2013,1,5,2,11331
2013,1,5,3,23048
2013,1,5,4,37692
2013,1,5,5,21353
2013,1,5,6,22779
2013,1,6,1,1648
2013,1,6,2,3519
2013,1,6,3,1496
2013,1,6,4,2796
2013,1,6,5,1208
2013,1,6,6,1042
2013,1,8,1,621
2013,1,8,2,399
2013,1,8,3,1192
2013,1,8,4,2494
2013,1,8,5,1840
2013,1,8,6,1036
2013,1,9,1,3433
2013,1,9,2,6201
2013,1,9,3,3548
2013,1,9,4,6173
2013,1,9,5,3142
2013,1,9,6,2530
2013,1,10,1,1224
2013,1,10,2,624
2013,1,10,3,3914
2013,1,10,4,13443
2013,1,10,5,3618
2013,1,10,6,2138
2013,1,11,1,16516
2013,1,11,2,8929
2013,1,11,3,21369
2013,1,11,4,34915
2013,1,11,5,19976
2013,1,11,6,21585
2013,1,12,1,204
2013,1,12,2,84
2013,1,12,3,747
2013,1,12,4,3664
2013,1,12,5,1804
2013,1,12,6,398
2013,2,0,1,103144
2013,2,0,2,76514
2013,2,0,3,145373
2013,2,0,4,232804
2013,2,0,5,137876
2013,2,0,6,141244
2013,2,1,1,901
2013,2,1,2,711
2013,2,1,3,1099
2013,2,1,4,895
2013,2,1,5,890
2013,2,1,6,1163
2013,2,2,1,692
2013,2,2,2,584
2013,2,2,3,5359
2013,2,2,4,17688
2013,2,2,5,3859
2013,2,2,6,2528
2013,2,3,1,469
2013,2,3,2,308
2013,2,3,3,1529
2013,2,3,4,7779
2013,2,3,5,4486
2013,2,3,6,1282
2013,2,4,1,93
2013,2,4,2,2
2013,2,4,3,231
2013,2,4,4,941
2013,2,4,5,833
2013,2,4,6,357
2013,2,5,1,44807
2013,2,5,2,27944
2013,2,5,3,59349
2013,2,5,4,80517
2013,2,5,5,53603
2013,2,5,6,61199
2013,2,6,1,3466
2013,2,6,2,7729
2013,2,6,3,3065
2013,2,6,4,4662
2013,2,6,5,2119
2013,2,6,6,2047
2013,2,8,1,1134
2013,2,8,2,979
2013,2,8,3,2054
2013,2,8,4,3920
2013,2,8,5,3148
2013,2,8,6,2046
2013,2,9,1,6500
2013,2,9,2,13111
2013,2,9,3,6518
2013,2,9,4,9999
2013,2,9,5,5340
2013,2,9,6,4803
2013,2,10,1,2456
2013,2,10,2,1657
2013,2,10,3,8231
2013,2,10,4,22574
2013,2,10,5,8085
2013,2,10,6,5625
2013,2,11,1,42180
2013,2,11,2,23236
2013,2,11,3,56474
2013,2,11,4,76252
2013,2,11,5,51195
2013,2,11,6,58972
2013,2,12,1,446
2013,2,12,2,253
2013,2,12,3,1464
2013,2,12,4,7577
2013,2,12,5,4318
2013,2,12,6,1222
2013,3,0,1,40033
2013,3,0,2,37623
2013,3,0,3,48391
2013,3,0,4,76060
2013,3,0,5,47196
2013,3,0,6,47302
2013,3,1,1,425
2013,3,1,2,310
2013,3,1,3,416
2013,3,1,4,363
2013,3,1,5,324
2013,3,1,6,382
2013,3,2,1,269
2013,3,2,2,179
2013,3,2,3,1756
2013,3,2,4,6223
2013,3,2,5,1295
2013,3,2,6,809
2013,3,3,1,214
2013,3,3,2,144
2013,3,3,3,723
2013,3,3,4,3577
2013,3,3,5,1833
2013,3,3,6,483
2013,3,4,1,69
2013,3,4,2,0
2013,3,4,3,110
2013,3,4,4,483
2013,3,4,5,449
2013,3,4,6,147
2013,3,5,1,15650
2013,3,5,2,11596
2013,3,5,3,17996
2013,3,5,4,22190
2013,3,5,5,16587
2013,3,5,6,19437
2013,3,6,1,2803
2013,3,6,2,6040
2013,3,6,3,2265
2013,3,6,4,3519
2013,3,6,5,1601
2013,3,6,6,1532
2013,3,8,1,569
2013,3,8,2,532
2013,3,8,3,929
2013,3,8,4,1675
2013,3,8,5,1509
2013,3,8,6,860
2013,3,9,1,5157
2013,3,9,2,10605
2013,3,9,3,4607
2013,3,9,4,6725
2013,3,9,5,3429
2013,3,9,6,3292
2013,3,10,1,1055
2013,3,10,2,563
2013,3,10,3,2827
2013,3,10,4,8191
2013,3,10,5,3232
2013,3,10,6,1886
2013,3,11,1,13626
2013,3,11,2,7545
2013,3,11,3,16093
2013,3,11,4,19639
2013,3,11,5,15196
2013,3,11,6,18022
2013,3,12,1,196
2013,3,12,2,109
2013,3,12,3,669
2013,3,12,4,3475
2013,3,12,5,1741
2013,3,12,6,452
2012,0,0,1,189119
2012,0,0,2,150187
2012,0,0,3,252877
2012,0,0,4,424651
2012,0,0,5,240600
2012,0,0,6,245251
2012,0,1,1,2206
2012,0,1,2,1486
2012,0,1,3,2105
2012,0,1,4,1596
2012,0,1,5,1658
2012,0,1,6,2345
2012,0,2,1,1636
2012,0,2,2,1277
2012,0,2,3,10165
2012,0,2,4,35607
2012,0,2,5,6726
2012,0,2,6,4723
2012,0,3,1,1137
2012,0,3,2,781
2012,0,3,3,3322
2012,0,3,4,15279
2012,0,3,5,8189
2012,0,3,6,2498
2012,0,4,1,311
2012,0,4,2,103
2012,0,4,3,637
2012,0,4,4,1947
2012,0,4,5,1839
2012,0,4,6,795
2012,0,5,1,77838
2012,0,5,2,51203
2012,0,5,3,98317
2012,0,5,4,138183
2012,0,5,5,89941
2012,0,5,6,102429
2012,0,6,1,8526
2012,0,6,2,18010
2012,0,6,3,7376
2012,0,6,4,11477
2012,0,6,5,5214
2012,0,6,6,5293
2012,0,8,1,2908
2012,0,8,2,2231
2012,0,8,3,4514
2012,0,8,4,8234
2012,0,8,5,6733
2012,0,8,6,4540
2012,0,9,1,16072
2012,0,9,2,31273
2012,0,9,3,15596
2012,0,9,4,23932
2012,0,9,5,12466
2012,0,9,6,11604
2012,0,10,1,5988
2012,0,10,2,3710
2012,0,10,3,16132
2012,0,10,4,45386
2012,0,10,5,15482
2012,0,10,6,11263
2012,0,11,1,71473
2012,0,11,2,39458
2012,0,11,3,91557
2012,0,11,4,128161
2012,0,11,5,84567
2012,0,11,6,97397
2012,0,12,1,1024
2012,0,12,2,655
2012,0,12,3,3156
2012,0,12,4,14849
2012,0,12,5,7785
2012,0,12,6,2364
2012,1,0,1,44088
2012,1,0,2,32881
2012,1,0,3,59485
2012,1,0,4,116920
2012,1,0,5,56937
2012,1,0,6,54572
2012,1,1,1,558
2012,1,1,2,309
2012,1,1,3,476
2012,1,1,4,332
2012,1,1,5,407
2012,1,1,6,527
2012,1,2,1,451
2012,1,2,2,320
2012,1,2,3,2695
2012,1,2,4,11100
2012,1,2,5,1470
2012,1,2,6,1030
2012,1,3,1,310
2012,1,3,2,184
2012,1,3,3,864
2012,1,3,4,3845
2012,1,3,5,1929
2012,1,3,6,509
2012,1,4,1,85
2012,1,4,2,14
2012,1,4,3,166
2012,1,4,4,441
2012,1,4,5,457
2012,1,4,6,142
2012,1,5,1,18053
2012,1,5,2,11487
2012,1,5,3,22624
2012,1,5,4,37307
2012,1,5,5,21034
2012,1,5,6,22640
2012,1,6,1,1790
2012,1,6,2,3635
2012,1,6,3,1617
2012,1,6,4,2890
2012,1,6,5,1263
2012,1,6,6,1210
2012,1,8,1,799
2012,1,8,2,492
2012,1,8,3,1299
2012,1,8,4,2544
2012,1,8,5,1909
2012,1,8,6,1228
2012,1,9,1,3667
2012,1,9,2,6408
2012,1,9,3,3747
2012,1,9,4,6392
2012,1,9,5,3257
2012,1,9,6,2760
2012,1,10,1,1599
2012,1,10,2,886
2012,1,10,3,4289
2012,1,10,4,13918
2012,1,10,5,3802
2012,1,10,6,2633
2012,1,11,1,16510
2012,1,11,2,8991
2012,1,11,3,20882
2012,1,11,4,34422
2012,1,11,5,19615
2012,1,11,6,21416
2012,1,12,1,266
2012,1,12,2,155
2012,1,12,3,826
2012,1,12,4,3729
2012,1,12,5,1794
2012,1,12,6,477
2012,2,0,1,103384
2012,2,0,2,77897
2012,2,0,3,144503
2012,2,0,4,231449
2012,2,0,5,136444
2012,2,0,6,141818
2012,2,1,1,1055
2012,2,1,2,798
2012,2,1,3,1153
2012,2,1,4,890
2012,2,1,5,900
2012,2,1,6,1303
2012,2,2,1,816
2012,2,2,2,693
2012,2,2,3,5590
2012,2,2,4,18103
2012,2,2,5,3909
2012,2,2,6,2745
2012,2,3,1,558
2012,2,3,2,380
2012,2,3,3,1641
2012,2,3,4,7788
2012,2,3,5,4419
2012,2,3,6,1412
2012,2,4,1,127
2012,2,4,2,60
2012,2,4,3,303
2012,2,4,4,990
2012,2,4,5,883
2012,2,4,6,444
2012,2,5,1,44071
2012,2,5,2,27838
2012,2,5,3,58078
2012,2,5,4,79108
2012,2,5,5,52628
2012,2,5,6,60419
2012,2,6,1,3720
2012,2,6,2,8076
2012,2,6,3,3299
2012,2,6,4,4877
2012,2,6,5,2242
2012,2,6,6,2319
2012,2,8,1,1346
2012,2,8,2,1100
2012,2,8,3,2188
2012,2,8,4,3968
2012,2,8,5,3241
2012,2,8,6,2265
2012,2,9,1,6914
2012,2,9,2,13753
2012,2,9,3,6925
2012,2,9,4,10462
2012,2,9,5,5594
2012,2,9,6,5209
2012,2,10,1,2915
2012,2,10,2,2010
2012,2,10,3,8693
2012,2,10,4,23035
2012,2,10,5,8257
2012,2,10,6,6259
2012,2,11,1,41347
2012,2,11,2,22868
2012,2,11,3,55059
2012,2,11,4,74649
2012,2,11,5,50126
2012,2,11,6,58096
2012,2,12,1,515
2012,2,12,2,321
2012,2,12,3,1574
2012,2,12,4,7579
2012,2,12,5,4245
2012,2,12,6,1347
2012,3,0,1,41647
2012,3,0,2,39409
2012,3,0,3,48889
2012,3,0,4,76282
2012,3,0,5,47219
2012,3,0,6,48861
2012,3,1,1,593
2012,3,1,2,379
2012,3,1,3,476
2012,3,1,4,374
2012,3,1,5,351
2012,3,1,6,515
2012,3,2,1,369
2012,3,2,2,264
2012,3,2,3,1880
2012,3,2,4,6404
2012,3,2,5,1347
2012,3,2,6,948
2012,3,3,1,269
2012,3,3,2,217
2012,3,3,3,817
2012,3,3,4,3646
2012,3,3,5,1841
2012,3,3,6,577
2012,3,4,1,99
2012,3,4,2,29
2012,3,4,3,168
2012,3,4,4,516
2012,3,4,5,499
2012,3,4,6,209
2012,3,5,1,15714
2012,3,5,2,11878
2012,3,5,3,17615
2012,3,5,4,21768
2012,3,5,5,16279
2012,3,5,6,19370
2012,3,6,1,3016
2012,3,6,2,6299
2012,3,6,3,2460
2012,3,6,4,3710
2012,3,6,5,1709
2012,3,6,6,1764
2012,3,8,1,763
2012,3,8,2,639
2012,3,8,3,1027
2012,3,8,4,1722
2012,3,8,5,1583
2012,3,8,6,1047
2012,3,9,1,5491
2012,3,9,2,11112
2012,3,9,3,4924
2012,3,9,4,7078
2012,3,9,5,3615
2012,3,9,6,3635
2012,3,10,1,1474
2012,3,10,2,814
2012,3,10,3,3150
2012,3,10,4,8433
2012,3,10,5,3423
2012,3,10,6,2371
2012,3,11,1,13616
2012,3,11,2,7599
2012,3,11,3,15616
2012,3,11,4,19090
2012,3,11,5,14826
2012,3,11,6,17885
2012,3,12,1,243
2012,3,12,2,179
2012,3,12,3,756
2012,3,12,4,3541
2012,3,12,5,1746
2012,3,12,6,540
2011,0,0,1,191104
2011,0,0,2,149263
2011,0,0,3,255953
2011,0,0,4,426233
2011,0,0,5,243511
2011,0,0,6,247447
2011,0,1,1,2244
2011,0,1,2,1508
2011,0,1,3,2138
2011,0,1,4,1638
2011,0,1,5,1692
2011,0,1,6,2384
2011,0,2,1,1606
2011,0,2,2,1240
2011,0,2,3,9864
2011,0,2,4,34675
2011,0,2,5,6676
2011,0,2,6,4624
2011,0,3,1,1140
2011,0,3,2,774
2011,0,3,3,3238
2011,0,3,4,15193
2011,0,3,5,8355
2011,0,3,6,2483
2011,0,4,1,291
2011,0,4,2,96
2011,0,4,3,618
2011,0,4,4,1889
2011,0,4,5,1791
2011,0,4,6,766
2011,0,5,1,79084
2011,0,5,2,51212
2011,0,5,3,100637
2011,0,5,4,140545
2011,0,5,5,91616
2011,0,5,6,103961
2011,0,6,1,8322
2011,0,6,2,17590
2011,0,6,3,7080
2011,0,6,4,11032
2011,0,6,5,5029
2011,0,6,6,5080
2011,0,8,1,2866
2011,0,8,2,2210
2011,0,8,3,4400
2011,0,8,4,8144
2011,0,8,5,6597
2011,0,8,6,4425
2011,0,9,1,15609
2011,0,9,2,30238
2011,0,9,3,14924
2011,0,9,4,22958
2011,0,9,5,12009
2011,0,9,6,11126
2011,0,10,1,5973
2011,0,10,2,3685
2011,0,10,3,15791
2011,0,10,4,44436
2011,0,10,5,15337
2011,0,10,6,11117
2011,0,11,1,72936
2011,0,11,2,40057
2011,0,11,3,94184
2011,0,11,4,130947
2011,0,11,5,86444
2011,0,11,6,99129
2011,0,12,1,1033
2011,0,12,2,653
2011,0,12,3,3079
2011,0,12,4,14776
2011,0,12,5,7965
2011,0,12,6,2352
2011,1,0,1,44374
2011,1,0,2,32757
2011,1,0,3,60161
2011,1,0,4,116699
2011,1,0,5,57539
2011,1,0,6,55077
2011,1,1,1,560
2011,1,1,2,310
2011,1,1,3,483
2011,1,1,4,345
2011,1,1,5,411
2011,1,1,6,531
2011,1,2,1,440
2011,1,2,2,310
2011,1,2,3,2606
2011,1,2,4,10718
2011,1,2,5,1455
2011,1,2,6,1020
2011,1,3,1,309
2011,1,3,2,182
2011,1,3,3,851
2011,1,3,4,3796
2011,1,3,5,1967
2011,1,3,6,509
2011,1,4,1,80
2011,1,4,2,13
2011,1,4,3,161
2011,1,4,4,430
2011,1,4,5,441
2011,1,4,6,138
2011,1,5,1,18226
2011,1,5,2,11446
2011,1,5,3,23131
2011,1,5,4,37734
2011,1,5,5,21381
2011,1,5,6,22962
2011,1,6,1,1782
2011,1,6,2,3621
2011,1,6,3,1581
2011,1,6,4,2814
2011,1,6,5,1241
2011,1,6,6,1186
2011,1,8,1,792
2011,1,8,2,496
2011,1,8,3,1267
2011,1,8,4,2512
2011,1,8,5,1874
2011,1,8,6,1193
2011,1,9,1,3607
2011,1,9,2,6307
2011,1,9,3,3632
2011,1,9,4,6193
2011,1,9,5,3175
2011,1,9,6,2692
2011,1,10,1,1585
2011,1,10,2,873
2011,1,10,3,4181
2011,1,10,4,13519
2011,1,10,5,3751
2011,1,10,6,2598
2011,1,11,1,16725
2011,1,11,2,9045
2011,1,11,3,21453
2011,1,11,4,34955
2011,1,11,5,20004
2011,1,11,6,21771
2011,1,12,1,268
2011,1,12,2,154
2011,1,12,3,815
2011,1,12,4,3683
2011,1,12,5,1839
2011,1,12,6,477
2011,2,0,1,105040
2011,2,0,2,77799
2011,2,0,3,146415
2011,2,0,4,233192
2011,2,0,5,138312
2011,2,0,6,143291
2011,2,1,1,1091
2011,2,1,2,813
2011,2,1,3,1173
2011,2,1,4,913
2011,2,1,5,923
2011,2,1,6,1328
2011,2,2,1,808
2011,2,2,2,676
2011,2,2,3,5433
2011,2,2,4,17714
2011,2,2,5,3892
2011,2,2,6,2680
2011,2,3,1,562
2011,2,3,2,381
2011,2,3,3,1596
2011,2,3,4,7801
2011,2,3,5,4521
2011,2,3,6,1402
2011,2,4,1,120
2011,2,4,2,57
2011,2,4,3,295
2011,2,4,4,959
2011,2,4,5,867
2011,2,4,6,429
2011,2,5,1,44998
2011,2,5,2,28056
2011,2,5,3,59426
2011,2,5,4,80589
2011,2,5,5,53619
2011,2,5,6,61378
2011,2,6,1,3607
2011,2,6,2,7829
2011,2,6,3,3149
2011,2,6,4,4681
2011,2,6,5,2153
2011,2,6,6,2210
2011,2,8,1,1333
2011,2,8,2,1085
2011,2,8,3,2134
2011,2,8,4,3939
2011,2,8,5,3181
2011,2,8,6,2220
2011,2,9,1,6687
2011,2,9,2,13222
2011,2,9,3,6602
2011,2,9,4,10020
2011,2,9,5,5373
2011,2,9,6,4971
2011,2,10,1,2941
2011,2,10,2,2003
2011,2,10,3,8523
2011,2,10,4,22655
2011,2,10,5,8218
2011,2,10,6,6181
2011,2,11,1,42372
2011,2,11,2,23351
2011,2,11,3,56553
2011,2,11,4,76322
2011,2,11,5,51214
2011,2,11,6,59153
2011,2,12,1,521
2011,2,12,2,326
2011,2,12,3,1531
2011,2,12,4,7599
2011,2,12,5,4351
2011,2,12,6,1339
2011,3,0,1,41690
2011,3,0,2,38707
2011,3,0,3,49377
2011,3,0,4,76342
2011,3,0,5,47660
2011,3,0,6,49079
2011,3,1,1,593
2011,3,1,2,385
2011,3,1,3,482
2011,3,1,4,380
2011,3,1,5,358
2011,3,1,6,525
2011,3,2,1,358
2011,3,2,2,254
2011,3,2,3,1825
2011,3,2,4,6243
2011,3,2,5,1329
2011,3,2,6,924
2011,3,3,1,269
2011,3,3,2,211
2011,3,3,3,791
2011,3,3,4,3596
2011,3,3,5,1867
2011,3,3,6,572
2011,3,4,1,91
2011,3,4,2,26
2011,3,4,3,162
2011,3,4,4,500
2011,3,4,5,483
2011,3,4,6,199
2011,3,5,1,15860
2011,3,5,2,11710
2011,3,5,3,18080
2011,3,5,4,22222
2011,3,5,5,16616
2011,3,5,6,19621
2011,3,6,1,2933
2011,3,6,2,6140
2011,3,6,3,2350
2011,3,6,4,3537
2011,3,6,5,1635
2011,3,6,6,1684
2011,3,8,1,741
2011,3,8,2,629
2011,3,8,3,999
2011,3,8,4,1693
2011,3,8,5,1542
2011,3,8,6,1012
2011,3,9,1,5315
2011,3,9,2,10709
2011,3,9,3,4690
2011,3,9,4,6745
2011,3,9,5,3461
2011,3,9,6,3463
2011,3,10,1,1447
2011,3,10,2,809
2011,3,10,3,3087
2011,3,10,4,8262
2011,3,10,5,3368
2011,3,10,6,2338
2011,3,11,1,13839
2011,3,11,2,7661
2011,3,11,3,16178
2011,3,11,4,19670
2011,3,11,5,15226
2011,3,11,6,18205
2011,3,12,1,244
2011,3,12,2,173
2011,3,12,3,733
2011,3,12,4,3494
2011,3,12,5,1775
2011,3,12,6,536
2010,0,0,1,193494
2010,0,0,2,148467
2010,0,0,3,259148
2010,0,0,4,427014
2010,0,0,5,246636
2010,0,0,6,249754
2010,0,1,1,2288
2010,0,1,2,1528
2010,0,1,3,2171
2010,0,1,4,1675
2010,0,1,5,1730
2010,0,1,6,2427
2010,0,2,1,1579
2010,0,2,2,1206
2010,0,2,3,9575
2010,0,2,4,33690
2010,0,2,5,6631
2010,0,2,6,4530
2010,0,3,1,1150
2010,0,3,2,770
2010,0,3,3,3155
2010,0,3,4,15080
2010,0,3,5,8520
2010,0,3,6,2463
2010,0,4,1,272
2010,0,4,2,92
2010,0,4,3,600
2010,0,4,4,1828
2010,0,4,5,1742
2010,0,4,6,738
2010,0,5,1,80493
2010,0,5,2,51270
2010,0,5,3,102991
2010,0,5,4,142620
2010,0,5,5,93379
2010,0,5,6,105536
2010,0,6,1,8140
2010,0,6,2,17179
2010,0,6,3,6787
2010,0,6,4,10573
2010,0,6,5,4847
2010,0,6,6,4866
2010,0,8,1,2825
2010,0,8,2,2185
2010,0,8,3,4295
2010,0,8,4,8041
2010,0,8,5,6469
2010,0,8,6,4317
2010,0,9,1,15184
2010,0,9,2,29240
2010,0,9,3,14266
2010,0,9,4,21953
2010,0,9,5,11565
2010,0,9,6,10653
2010,0,10,1,5970
2010,0,10,2,3661
2010,0,10,3,15472
2010,0,10,4,43416
2010,0,10,5,15209
2010,0,10,6,10983
2010,0,11,1,74550
2010,0,11,2,40682
2010,0,11,3,96830
2010,0,11,4,133461
2010,0,11,5,88398
2010,0,11,6,100902
2010,0,12,1,1043
2010,0,12,2,654
2010,0,12,3,3006
2010,0,12,4,14677
2010,0,12,5,8146
2010,0,12,6,2339
2010,1,0,1,44758
2010,1,0,2,32656
2010,1,0,3,60862
2010,1,0,4,116266
2010,1,0,5,58192
2010,1,0,6,55602
2010,1,1,1,563
2010,1,1,2,310
2010,1,1,3,488
2010,1,1,4,356
2010,1,1,5,415
2010,1,1,6,538
2010,1,2,1,432
2010,1,2,2,301
2010,1,2,3,2519
2010,1,2,4,10321
2010,1,2,5,1441
2010,1,2,6,1008
2010,1,3,1,310
2010,1,3,2,182
2010,1,3,3,838
2010,1,3,4,3741
2010,1,3,5,2006
2010,1,3,6,509
2010,1,4,1,75
2010,1,4,2,13
2010,1,4,3,156
2010,1,4,4,419
2010,1,4,5,425
2010,1,4,6,134
2010,1,5,1,18438
2010,1,5,2,11417
2010,1,5,3,23646
2010,1,5,4,38086
2010,1,5,5,21748
2010,1,5,6,23296
2010,1,6,1,1777
2010,1,6,2,3606
2010,1,6,3,1545
2010,1,6,4,2734
2010,1,6,5,1220
2010,1,6,6,1156
2010,1,8,1,784
2010,1,8,2,499
2010,1,8,3,1239
2010,1,8,4,2476
2010,1,8,5,1841
2010,1,8,6,1160
2010,1,9,1,3555
2010,1,9,2,6210
2010,1,9,3,3522
2010,1,9,4,5984
2010,1,9,5,3097
2010,1,9,6,2621
2010,1,10,1,1576
2010,1,10,2,859
2010,1,10,3,4079
2010,1,10,4,13100
2010,1,10,5,3705
2010,1,10,6,2567
2010,1,11,1,16978
2010,1,11,2,9105
2010,1,11,3,22027
2010,1,11,4,35418
2010,1,11,5,20411
2010,1,11,6,22135
2010,1,12,1,270
2010,1,12,2,154
2010,1,12,3,803
2010,1,12,4,3631
2010,1,12,5,1883
2010,1,12,6,478
2010,2,0,1,106908
2010,2,0,2,77761
2010,2,0,3,148398
2010,2,0,4,234488
2010,2,0,5,140304
2010,2,0,6,144830
2010,2,1,1,1131
2010,2,1,2,827
2010,2,1,3,1195
2010,2,1,4,934
2010,2,1,5,949
2010,2,1,6,1355
2010,2,2,1,801
2010,2,2,2,661
2010,2,2,3,5284
2010,2,2,4,17297
2010,2,2,5,3878
2010,2,2,6,2620
2010,2,3,1,568
2010,2,3,2,383
2010,2,3,3,1552
2010,2,3,4,7800
2010,2,3,5,4622
2010,2,3,6,1390
2010,2,4,1,112
2010,2,4,2,54
2010,2,4,3,288
2010,2,4,4,926
2010,2,4,5,850
2010,2,4,6,412
2010,2,5,1,46015
2010,2,5,2,28297
2010,2,5,3,60795
2010,2,5,4,81904
2010,2,5,5,54663
2010,2,5,6,62359
2010,2,6,1,3505
2010,2,6,2,7588
2010,2,6,3,3001
2010,2,6,4,4479
2010,2,6,5,2064
2010,2,6,6,2104
2010,2,8,1,1322
2010,2,8,2,1067
2010,2,8,3,2084
2010,2,8,4,3904
2010,2,8,5,3126
2010,2,8,6,2175
2010,2,9,1,6473
2010,2,9,2,12709
2010,2,9,3,6282
2010,2,9,4,9565
2010,2,9,5,5157
2010,2,9,6,4740
2010,2,10,1,2970
2010,2,10,2,1999
2010,2,10,3,8364
2010,2,10,4,22238
2010,2,10,5,8187
2010,2,10,6,6113
2010,2,11,1,43484
2010,2,11,2,23846
2010,2,11,3,58062
2010,2,11,4,77836
2010,2,11,5,52349
2010,2,11,6,60231
2010,2,12,1,527
2010,2,12,2,330
2010,2,12,3,1491
2010,2,12,4,7605
2010,2,12,5,4459
2010,2,12,6,1331
2010,3,0,1,41828
2010,3,0,2,38050
2010,3,0,3,49888
2010,3,0,4,76260
2010,3,0,5,48140
2010,3,0,6,49322
2010,3,1,1,594
2010,3,1,2,391
2010,3,1,3,488
2010,3,1,4,385
2010,3,1,5,366
2010,3,1,6,534
2010,3,2,1,346
2010,3,2,2,244
2010,3,2,3,1772
2010,3,2,4,6072
2010,3,2,5,1312
2010,3,2,6,902
2010,3,3,1,272
2010,3,3,2,205
2010,3,3,3,765
2010,3,3,4,3539
2010,3,3,5,1892
2010,3,3,6,564
2010,3,4,1,85
2010,3,4,2,25
2010,3,4,3,156
2010,3,4,4,483
2010,3,4,5,467
2010,3,4,6,192
2010,3,5,1,16040
2010,3,5,2,11556
2010,3,5,3,18550
2010,3,5,4,22630
2010,3,5,5,16968
2010,3,5,6,19881
2010,3,6,1,2858
2010,3,6,2,5985
2010,3,6,3,2241
2010,3,6,4,3360
2010,3,6,5,1563
2010,3,6,6,1606
2010,3,8,1,719
2010,3,8,2,619
2010,3,8,3,972
2010,3,8,4,1661
2010,3,8,5,1502
2010,3,8,6,982
2010,3,9,1,5156
2010,3,9,2,10321
2010,3,9,3,4462
2010,3,9,4,6404
2010,3,9,5,3311
2010,3,9,6,3292
2010,3,10,1,1424
2010,3,10,2,803
2010,3,10,3,3029
2010,3,10,4,8078
2010,3,10,5,3317
2010,3,10,6,2303
2010,3,11,1,14088
2010,3,11,2,7731
2010,3,11,3,16741
2010,3,11,4,20207
2010,3,11,5,15638
2010,3,11,6,18536
2010,3,12,1,246
2010,3,12,2,170
2010,3,12,3,712
2010,3,12,4,3441
2010,3,12,5,1804
2010,3,12,6,530
2009,0,0,1,194645
2009,0,0,2,147880
2009,0,0,3,261078
2009,0,0,4,424051
2009,0,0,5,249391
2009,0,0,6,252040
2009,0,1,1,2316
2009,0,1,2,1548
2009,0,1,3,2194
2009,0,1,4,1697
2009,0,1,5,1763
2009,0,1,6,2467
2009,0,2,1,1541
2009,0,2,2,1174
2009,0,2,3,9241
2009,0,2,4,32439
2009,0,2,5,6579
2009,0,2,6,4441
2009,0,3,1,1153
2009,0,3,2,767
2009,0,3,3,3059
2009,0,3,4,14839
2009,0,3,5,8678
2009,0,3,6,2447
2009,0,4,1,253
2009,0,4,2,89
2009,0,4,3,580
2009,0,4,4,1752
2009,0,4,5,1692
2009,0,4,6,712
2009,0,5,1,81388
2009,0,5,2,51401
2009,0,5,3,104826
2009,0,5,4,143395
2009,0,5,5,94984
2009,0,5,6,107091
2009,0,6,1,7909
2009,0,6,2,16794
2009,0,6,3,6470
2009,0,6,4,10033
2009,0,6,5,4665
2009,0,6,6,4652
2009,0,8,1,2766
2009,0,8,2,2165
2009,0,8,3,4169
2009,0,8,4,7870
2009,0,8,5,6334
2009,0,8,6,4210
2009,0,9,1,14665
2009,0,9,2,28279
2009,0,9,3,13553
2009,0,9,4,20785
2009,0,9,5,11115
2009,0,9,6,10189
2009,0,10,1,5924
2009,0,10,2,3641
2009,0,10,3,15083
2009,0,10,4,42046
2009,0,10,5,15063
2009,0,10,6,10850
2009,0,11,1,75682
2009,0,11,2,41366
2009,0,11,3,98982
2009,0,11,4,134742
2009,0,11,5,90199
2009,0,11,6,102653
2009,0,12,1,1048
2009,0,12,2,656
2009,0,12,3,2921
2009,0,12,4,14453
2009,0,12,5,8319
2009,0,12,6,2328
2009,1,0,1,44851
2009,1,0,2,32604
2009,1,0,3,61269
2009,1,0,4,114831
2009,1,0,5,58760
2009,1,0,6,56122
2009,1,1,1,562
2009,1,1,2,310
2009,1,1,3,491
2009,1,1,4,364
2009,1,1,5,418
2009,1,1,6,544
2009,1,2,1,420
2009,1,2,2,292
2009,1,2,3,2421
2009,1,2,4,9845
2009,1,2,5,1425
2009,1,2,6,997
2009,1,3,1,310
2009,1,3,2,182
2009,1,3,3,822
2009,1,3,4,3655
2009,1,3,5,2043
2009,1,3,6,509
2009,1,4,1,70
2009,1,4,2,14
2009,1,4,3,151
2009,1,4,4,404
2009,1,4,5,409
2009,1,4,6,130
2009,1,5,1,18532
2009,1,5,2,11404
2009,1,5,3,24044
2009,1,5,4,38097
2009,1,5,5,22080
2009,1,5,6,23625
2009,1,6,1,1761
2009,1,6,2,3597
2009,1,6,3,1503
2009,1,6,4,2632
2009,1,6,5,1199
2009,1,6,6,1127
2009,1,8,1,771
2009,1,8,2,504
2009,1,8,3,1204
2009,1,8,4,2419
2009,1,8,5,1806
2009,1,8,6,1127
2009,1,9,1,3479
2009,1,9,2,6120
2009,1,9,3,3396
2009,1,9,4,5729
2009,1,9,5,3016
2009,1,9,6,2553
2009,1,10,1,1554
2009,1,10,2,846
2009,1,10,3,3959
2009,1,10,4,12578
2009,1,10,5,3655
2009,1,10,6,2535
2009,1,11,1,17121
2009,1,11,2,9181
2009,1,11,3,22490
2009,1,11,4,35559
2009,1,11,5,20784
2009,1,11,6,22496
2009,1,12,1,271
2009,1,12,2,154
2009,1,12,3,788
2009,1,12,4,3549
2009,1,12,5,1925
2009,1,12,6,479
2009,2,0,1,108089
2009,2,0,2,77831
2009,2,0,3,149649
2009,2,0,4,233704
2009,2,0,5,142076
2009,2,0,6,146352
2009,2,1,1,1162
2009,2,1,2,841
2009,2,1,3,1211
2009,2,1,4,946
2009,2,1,5,972
2009,2,1,6,1380
2009,2,2,1,789
2009,2,2,2,648
2009,2,2,3,5109
2009,2,2,4,16741
2009,2,2,5,3860
2009,2,2,6,2563
2009,2,3,1,570
2009,2,3,2,386
2009,2,3,3,1501
2009,2,3,4,7731
2009,2,3,5,4719
2009,2,3,6,1381
2009,2,4,1,104
2009,2,4,2,51
2009,2,4,3,280
2009,2,4,4,886
2009,2,4,5,832
2009,2,4,6,397
2009,2,5,1,46736
2009,2,5,2,28576
2009,2,5,3,61855
2009,2,5,4,82469
2009,2,5,5,55612
2009,2,5,6,63327
2009,2,6,1,3383
2009,2,6,2,7360
2009,2,6,3,2843
2009,2,6,4,4243
2009,2,6,5,1975
2009,2,6,6,1998
2009,2,8,1,1302
2009,2,8,2,1052
2009,2,8,3,2025
2009,2,8,4,3836
2009,2,8,5,3067
2009,2,8,6,2131
2009,2,9,1,6222
2009,2,9,2,12213
2009,2,9,3,5940
2009,2,9,4,9039
2009,2,9,5,4939
2009,2,9,6,4512
2009,2,10,1,2978
2009,2,10,2,1996
2009,2,10,3,8166
2009,2,10,4,21639
2009,2,10,5,8146
2009,2,10,6,6045
2009,2,11,1,44313
2009,2,11,2,24373
2009,2,11,3,59274
2009,2,11,4,78630
2009,2,11,5,53392
2009,2,11,6,61294
2009,2,12,1,530
2009,2,12,2,335
2009,2,12,3,1445
2009,2,12,4,7544
2009,2,12,5,4562
2009,2,12,6,1324
2009,3,0,1,41705
2009,3,0,2,37445
2009,3,0,3,50160
2009,3,0,4,75516
2009,3,0,5,48555
2009,3,0,6,49566
2009,3,1,1,592
2009,3,1,2,397
2009,3,1,3,492
2009,3,1,4,387
2009,3,1,5,373
2009,3,1,6,543
2009,3,2,1,332
2009,3,2,2,234
2009,3,2,3,1711
2009,3,2,4,5853
2009,3,2,5,1294
2009,3,2,6,881
2009,3,3,1,273
2009,3,3,2,199
2009,3,3,3,736
2009,3,3,4,3453
2009,3,3,5,1916
2009,3,3,6,557
2009,3,4,1,79
2009,3,4,2,24
2009,3,4,3,149
2009,3,4,4,462
2009,3,4,5,451
2009,3,4,6,185
2009,3,5,1,16120
2009,3,5,2,11421
2009,3,5,3,18927
2009,3,5,4,22829
2009,3,5,5,17292
2009,3,5,6,20139
2009,3,6,1,2765
2009,3,6,2,5837
2009,3,6,3,2124
2009,3,6,4,3158
2009,3,6,5,1491
2009,3,6,6,1527
2009,3,8,1,693
2009,3,8,2,609
2009,3,8,3,940
2009,3,8,4,1615
2009,3,8,5,1461
2009,3,8,6,952
2009,3,9,1,4964
2009,3,9,2,9946
2009,3,9,3,4217
2009,3,9,4,6017
2009,3,9,5,3160
2009,3,9,6,3124
2009,3,10,1,1392
2009,3,10,2,799
2009,3,10,3,2958
2009,3,10,4,7829
2009,3,10,5,3262
2009,3,10,6,2270
2009,3,11,1,14248
2009,3,11,2,7812
2009,3,11,3,17218
2009,3,11,4,20553
2009,3,11,5,16023
2009,3,11,6,18863
2009,3,12,1,247
2009,3,12,2,167
2009,3,12,3,688
2009,3,12,4,3360
2009,3,12,5,1832
2009,3,12,6,525
2008,0,0,1,195275
2008,0,0,2,146874
2008,0,0,3,262604
2008,0,0,4,422108
2008,0,0,5,251474
2008,0,0,6,252887
2008,0,1,1,2327
2008,0,1,2,1569
2008,0,1,3,2214
2008,0,1,4,1723
2008,0,1,5,1792
2008,0,1,6,2492
2008,0,2,1,1505
2008,0,2,2,1138
2008,0,2,3,8913
2008,0,2,4,31287
2008,0,2,5,6511
2008,0,2,6,4323
2008,0,3,1,1148
2008,0,3,2,760
2008,0,3,3,2963
2008,0,3,4,14635
2008,0,3,5,8817
2008,0,3,6,2418
2008,0,4,1,232
2008,0,4,2,84
2008,0,4,3,554
2008,0,4,4,1683
2008,0,4,5,1640
2008,0,4,6,682
2008,0,5,1,82059
2008,0,5,2,51356
2008,0,5,3,106472
2008,0,5,4,144478
2008,0,5,5,96316
2008,0,5,6,108032
2008,0,6,1,7655
2008,0,6,2,16386
2008,0,6,3,6145
2008,0,6,4,9528
2008,0,6,5,4474
2008,0,6,6,4424
2008,0,8,1,2707
2008,0,8,2,2142
2008,0,8,3,4041
2008,0,8,4,7720
2008,0,8,5,6186
2008,0,8,6,4076
2008,0,9,1,14113
2008,0,9,2,27286
2008,0,9,3,12829
2008,0,9,4,19688
2008,0,9,5,10646
2008,0,9,6,9671
2008,0,10,1,5870
2008,0,10,2,3619
2008,0,10,3,14688
2008,0,10,4,40799
2008,0,10,5,14882
2008,0,10,6,10658
2008,0,11,1,76610
2008,0,11,2,41880
2008,0,11,3,100953
2008,0,11,4,136300
2008,0,11,5,91737
2008,0,11,6,103806
2008,0,12,1,1049
2008,0,12,2,654
2008,0,12,3,2832
2008,0,12,4,14267
2008,0,12,5,8473
2008,0,12,6,2305
2008,1,0,1,44847
2008,1,0,2,32454
2008,1,0,3,61586
2008,1,0,4,113686
2008,1,0,5,59173
2008,1,0,6,56333
2008,1,1,1,559
2008,1,1,2,311
2008,1,1,3,495
2008,1,1,4,373
2008,1,1,5,421
2008,1,1,6,546
2008,1,2,1,409
2008,1,2,2,283
2008,1,2,3,2325
2008,1,2,4,9401
2008,1,2,5,1407
2008,1,2,6,982
2008,1,3,1,306
2008,1,3,2,181
2008,1,3,3,805
2008,1,3,4,3578
2008,1,3,5,2075
2008,1,3,6,507
2008,1,4,1,65
2008,1,4,2,13
2008,1,4,3,143
2008,1,4,4,391
2008,1,4,5,392
2008,1,4,6,127
2008,1,5,1,18586
2008,1,5,2,11353
2008,1,5,3,24397
2008,1,5,4,38193
2008,1,5,5,22349
2008,1,5,6,23821
2008,1,6,1,1738
2008,1,6,2,3580
2008,1,6,3,1459
2008,1,6,4,2538
2008,1,6,5,1174
2008,1,6,6,1096
2008,1,8,1,760
2008,1,8,2,507
2008,1,8,3,1169
2008,1,8,4,2369
2008,1,8,5,1768
2008,1,8,6,1087
2008,1,9,1,3396
2008,1,9,2,6019
2008,1,9,3,3268
2008,1,9,4,5492
2008,1,9,5,2930
2008,1,9,6,2472
2008,1,10,1,1533
2008,1,10,2,835
2008,1,10,3,3839
2008,1,10,4,12096
2008,1,10,5,3596
2008,1,10,6,2492
2008,1,11,1,17224
2008,1,11,2,9219
2008,1,11,3,22913
2008,1,11,4,35778
2008,1,11,5,21098
2008,1,11,6,22726
2008,1,12,1,271
2008,1,12,2,153
2008,1,12,3,773
2008,1,12,4,3477
2008,1,12,5,1963
2008,1,12,6,477
2008,2,0,1,108959
2008,2,0,2,77658
2008,2,0,3,150667
2008,2,0,4,233464
2008,2,0,5,143458
2008,2,0,6,147024
2008,2,1,1,1184
2008,2,1,2,855
2008,2,1,3,1224
2008,2,1,4,961
2008,2,1,5,993
2008,2,1,6,1396
2008,2,2,1,776
2008,2,2,2,631
2008,2,2,3,4938
2008,2,2,4,16234
2008,2,2,5,3831
2008,2,2,6,2487
2008,2,3,1,571
2008,2,3,2,385
2008,2,3,3,1450
2008,2,3,4,7680
2008,2,3,5,4806
2008,2,3,6,1362
2008,2,4,1,96
2008,2,4,2,49
2008,2,4,3,269
2008,2,4,4,849
2008,2,4,5,814
2008,2,4,6,380
2008,2,5,1,47318
2008,2,5,2,28749
2008,2,5,3,62808
2008,2,5,4,83209
2008,2,5,5,56400
2008,2,5,6,63929
2008,2,6,1,3251
2008,2,6,2,7122
2008,2,6,3,2681
2008,2,6,4,4022
2008,2,6,5,1884
2008,2,6,6,1885
2008,2,8,1,1280
2008,2,8,2,1035
2008,2,8,3,1964
2008,2,8,4,3777
2008,2,8,5,3001
2008,2,8,6,2074
2008,2,9,1,5957
2008,2,9,2,11705
2008,2,9,3,5594
2008,2,9,4,8545
2008,2,9,5,4711
2008,2,9,6,4258
2008,2,10,1,2981
2008,2,10,2,1991
2008,2,10,3,7965
2008,2,10,4,21101
2008,2,10,5,8085
2008,2,10,6,5941
2008,2,11,1,45014
2008,2,11,2,24797
2008,2,11,3,60378
2008,2,11,4,79584
2008,2,11,5,54278
2008,2,11,6,62002
2008,2,12,1,531
2008,2,12,2,339
2008,2,12,3,1396
2008,2,12,4,7502
2008,2,12,5,4655
2008,2,12,6,1310
2008,3,0,1,41469
2008,3,0,2,36762
2008,3,0,3,50351
2008,3,0,4,74958
2008,3,0,5,48843
2008,3,0,6,49530
2008,3,1,1,584
2008,3,1,2,403
2008,3,1,3,495
2008,3,1,4,389
2008,3,1,5,378
2008,3,1,6,550
2008,3,2,1,320
2008,3,2,2,224
2008,3,2,3,1650
2008,3,2,4,5652
2008,3,2,5,1273
2008,3,2,6,854
2008,3,3,1,271
2008,3,3,2,194
2008,3,3,3,708
2008,3,3,4,3377
2008,3,3,5,1936
2008,3,3,6,549
2008,3,4,1,71
2008,3,4,2,22
2008,3,4,3,142
2008,3,4,4,443
2008,3,4,5,434
2008,3,4,6,175
2008,3,5,1,16155
2008,3,5,2,11254
2008,3,5,3,19267
2008,3,5,4,23076
2008,3,5,5,17567
2008,3,5,6,20282
2008,3,6,1,2666
2008,3,6,2,5684
2008,3,6,3,2005
2008,3,6,4,2968
2008,3,6,5,1416
2008,3,6,6,1443
2008,3,8,1,667
2008,3,8,2,600
2008,3,8,3,908
2008,3,8,4,1574
2008,3,8,5,1417
2008,3,8,6,915
2008,3,9,1,4760
2008,3,9,2,9562
2008,3,9,3,3967
2008,3,9,4,5651
2008,3,9,5,3005
2008,3,9,6,2941
2008,3,10,1,1356
2008,3,10,2,793
2008,3,10,3,2884
2008,3,10,4,7602
2008,3,10,5,3201
2008,3,10,6,2225
2008,3,11,1,14372
2008,3,11,2,7864
2008,3,11,3,17662
2008,3,11,4,20938
2008,3,11,5,16361
2008,3,11,6,19078
2008,3,12,1,247
2008,3,12,2,162
2008,3,12,3,663
2008,3,12,4,3288
2008,3,12,5,1855
2008,3,12,6,518
2007,0,0,1,195050
2007,0,0,2,145873
2007,0,0,3,262853
2007,0,0,4,419186
2007,0,0,5,252438
2007,0,0,6,252436
2007,0,1,1,2344
2007,0,1,2,1585
2007,0,1,3,2223
2007,0,1,4,1743
2007,0,1,5,1814
2007,0,1,6,2505
2007,0,2,1,1460
2007,0,2,2,1107
2007,0,2,3,8544
2007,0,2,4,30084
2007,0,2,5,6418
2007,0,2,6,4193
2007,0,3,1,1143
2007,0,3,2,756
2007,0,3,3,2853
2007,0,3,4,14402
2007,0,3,5,8914
2007,0,3,6,2372
2007,0,4,1,211
2007,0,4,2,80
2007,0,4,3,532
2007,0,4,4,1611
2007,0,4,5,1582
2007,0,4,6,647
2007,0,5,1,82356
2007,0,5,2,51320
2007,0,5,3,107577
2007,0,5,4,145188
2007,0,5,5,97211
2007,0,5,6,108394
2007,0,6,1,7374
2007,0,6,2,15969
2007,0,6,3,5802
2007,0,6,4,9011
2007,0,6,5,4268
2007,0,6,6,4172
2007,0,8,1,2634
2007,0,8,2,2115
2007,0,8,3,3895
2007,0,8,4,7555
2007,0,8,5,6014
2007,0,8,6,3931
2007,0,9,1,13507
2007,0,9,2,26296
2007,0,9,3,12067
2007,0,9,4,18567
2007,0,9,5,10139
2007,0,9,6,9126
2007,0,10,1,5796
2007,0,10,2,3593
2007,0,10,3,14232
2007,0,10,4,39481
2007,0,10,5,14640
2007,0,10,6,10423
2007,0,11,1,77176
2007,0,11,2,42399
2007,0,11,3,102394
2007,0,11,4,137496
2007,0,11,5,92853
2007,0,11,6,104402
2007,0,12,1,1049
2007,0,12,2,653
2007,0,12,3,2734
2007,0,12,4,14048
2007,0,12,5,8585
2007,0,12,6,2271
2007,1,0,1,44648
2007,1,0,2,32304
2007,1,0,3,61598
2007,1,0,4,112292
2007,1,0,5,59324
2007,1,0,6,56249
2007,1,1,1,555
2007,1,1,2,311
2007,1,1,3,496
2007,1,1,4,380
2007,1,1,5,422
2007,1,1,6,546
2007,1,2,1,393
2007,1,2,2,275
2007,1,2,3,2218
2007,1,2,4,8944
2007,1,2,5,1384
2007,1,2,6,962
2007,1,3,1,305
2007,1,3,2,180
2007,1,3,3,784
2007,1,3,4,3495
2007,1,3,5,2097
2007,1,3,6,500
2007,1,4,1,58
2007,1,4,2,14
2007,1,4,3,137
2007,1,4,4,377
2007,1,4,5,374
2007,1,4,6,122
2007,1,5,1,18556
2007,1,5,2,11306
2007,1,5,3,24628
2007,1,5,4,38195
2007,1,5,5,22518
2007,1,5,6,23889
2007,1,6,1,1711
2007,1,6,2,3558
2007,1,6,3,1408
2007,1,6,4,2441
2007,1,6,5,1145
2007,1,6,6,1059
2007,1,8,1,745
2007,1,8,2,507
2007,1,8,3,1127
2007,1,8,4,2314
2007,1,8,5,1723
2007,1,8,6,1044
2007,1,9,1,3298
2007,1,9,2,5917
2007,1,9,3,3127
2007,1,9,4,5248
2007,1,9,5,2832
2007,1,9,6,2381
2007,1,10,1,1504
2007,1,10,2,822
2007,1,10,3,3702
2007,1,10,4,11595
2007,1,10,5,3523
2007,1,10,6,2436
2007,1,11,1,17252
2007,1,11,2,9263
2007,1,11,3,23217
2007,1,11,4,35906
2007,1,11,5,21315
2007,1,11,6,22836
2007,1,12,1,271
2007,1,12,2,151
2007,1,12,3,754
2007,1,12,4,3397
2007,1,12,5,1991
2007,1,12,6,474
2007,2,0,1,109340
2007,2,0,2,77482
2007,2,0,3,150953
2007,2,0,4,232666
2007,2,0,5,144202
2007,2,0,6,146947
2007,2,1,1,1208
2007,2,1,2,867
2007,2,1,3,1232
2007,2,1,4,973
2007,2,1,5,1010
2007,2,1,6,1407
2007,2,2,1,761
2007,2,2,2,617
2007,2,2,3,4742
2007,2,2,4,15699
2007,2,2,5,3788
2007,2,2,6,2406
2007,2,3,1,569
2007,2,3,2,387
2007,2,3,3,1394
2007,2,3,4,7613
2007,2,3,5,4871
2007,2,3,6,1337
2007,2,4,1,88
2007,2,4,2,46
2007,2,4,3,260
2007,2,4,4,811
2007,2,4,5,792
2007,2,4,6,361
2007,2,5,1,47682
2007,2,5,2,28921
2007,2,5,3,63440
2007,2,5,4,83731
2007,2,5,5,56932
2007,2,5,6,64190
2007,2,6,1,3107
2007,2,6,2,6883
2007,2,6,3,2513
2007,2,6,4,3796
2007,2,6,5,1786
2007,2,6,6,1762
2007,2,8,1,1254
2007,2,8,2,1017
2007,2,8,3,1895
2007,2,8,4,3711
2007,2,8,5,2923
2007,2,8,6,2010
2007,2,9,1,5671
2007,2,9,2,11200
2007,2,9,3,5233
2007,2,9,4,8040
2007,2,9,5,4468
2007,2,9,6,3996
2007,2,10,1,2971
2007,2,10,2,1984
2007,2,10,3,7731
2007,2,10,4,20524
2007,2,10,5,7991
2007,2,10,6,5814
2007,2,11,1,45496
2007,2,11,2,25216
2007,2,11,3,61169
2007,2,11,4,80326
2007,2,11,5,54916
2007,2,11,6,62374
2007,2,12,1,533
2007,2,12,2,344
2007,2,12,3,1344
2007,2,12,4,7442
2007,2,12,5,4725
2007,2,12,6,1290
2007,3,0,1,41062
2007,3,0,2,36087
2007,3,0,3,50302
2007,3,0,4,74228
2007,3,0,5,48912
2007,3,0,6,49240
2007,3,1,1,581
2007,3,1,2,407
2007,3,1,3,495
2007,3,1,4,390
2007,3,1,5,382
2007,3,1,6,552
2007,3,2,1,306
2007,3,2,2,215
2007,3,2,3,1584
2007,3,2,4,5441
2007,3,2,5,1246
2007,3,2,6,825
2007,3,3,1,269
2007,3,3,2,189
2007,3,3,3,675
2007,3,3,4,3294
2007,3,3,5,1946
2007,3,3,6,535
2007,3,4,1,65
2007,3,4,2,20
2007,3,4,3,135
2007,3,4,4,423
2007,3,4,5,416
2007,3,4,6,164
2007,3,5,1,16118
2007,3,5,2,11093
2007,3,5,3,19509
2007,3,5,4,23262
2007,3,5,5,17761
2007,3,5,6,20315
2007,3,6,1,2556
2007,3,6,2,5528
2007,3,6,3,1881
2007,3,6,4,2774
2007,3,6,5,1337
2007,3,6,6,1351
2007,3,8,1,635
2007,3,8,2,591
2007,3,8,3,873
2007,3,8,4,1530
2007,3,8,5,1368
2007,3,8,6,877
2007,3,9,1,4538
2007,3,9,2,9179
2007,3,9,3,3707
2007,3,9,4,5279
2007,3,9,5,2839
2007,3,9,6,2749
2007,3,10,1,1321
2007,3,10,2,787
2007,3,10,3,2799
2007,3,10,4,7362
2007,3,10,5,3126
2007,3,10,6,2173
2007,3,11,1,14428
2007,3,11,2,7920
2007,3,11,3,18008
2007,3,11,4,21264
2007,3,11,5,16622
2007,3,11,6,19192
2007,3,12,1,245
2007,3,12,2,158
2007,3,12,3,636
2007,3,12,4,3209
2007,3,12,5,1869
2007,3,12,6,507
2006,0,0,1,194915
2006,0,0,2,144622
2006,0,0,3,261339
2006,0,0,4,415329
2006,0,0,5,252095
2006,0,0,6,251385
2006,0,1,1,2360
2006,0,1,2,1599
2006,0,1,3,2215
2006,0,1,4,1760
2006,0,1,5,1824
2006,0,1,6,2513
2006,0,2,1,1420
2006,0,2,2,1073
2006,0,2,3,8140
2006,0,2,4,28839
2006,0,2,5,6293
2006,0,2,6,4056
2006,0,3,1,1138
2006,0,3,2,746
2006,0,3,3,2729
2006,0,3,4,14139
2006,0,3,5,8958
2006,0,3,6,2327
2006,0,4,1,191
2006,0,4,2,75
2006,0,4,3,503
2006,0,4,4,1537
2006,0,4,5,1516
2006,0,4,6,616
2006,0,5,1,82667
2006,0,5,2,51206
2006,0,5,3,107916
2006,0,5,4,145529
2006,0,5,5,97602
2006,0,5,6,108478
2006,0,6,1,7117
2006,0,6,2,15523
2006,0,6,3,5434
2006,0,6,4,8484
2006,0,6,5,4043
2006,0,6,6,3922
2006,0,8,1,2566
2006,0,8,2,2086
2006,0,8,3,3733
2006,0,8,4,7377
2006,0,8,5,5814
2006,0,8,6,3780
2006,0,9,1,12945
2006,0,9,2,25253
2006,0,9,3,11253
2006,0,9,4,17430
2006,0,9,5,9588
2006,0,9,6,8577
2006,0,10,1,5726
2006,0,10,2,3563
2006,0,10,3,13700
2006,0,10,4,38102
2006,0,10,5,14327
2006,0,10,6,10166
2006,0,11,1,77740
2006,0,11,2,42847
2006,0,11,3,103096
2006,0,11,4,138329
2006,0,11,5,93483
2006,0,11,6,104717
2006,0,12,1,1045
2006,0,12,2,651
2006,0,12,3,2620
2006,0,12,4,13803
2006,0,12,5,8647
2006,0,12,6,2233
2006,1,0,1,44470
2006,1,0,2,32095
2006,1,0,3,61201
2006,1,0,4,110659
2006,1,0,5,59169
2006,1,0,6,56028
2006,1,1,1,553
2006,1,1,2,310
2006,1,1,3,492
2006,1,1,4,387
2006,1,1,5,420
2006,1,1,6,545
2006,1,2,1,381
2006,1,2,2,266
2006,1,2,3,2103
2006,1,2,4,8477
2006,1,2,5,1353
2006,1,2,6,941
2006,1,3,1,303
2006,1,3,2,178
2006,1,3,3,759
2006,1,3,4,3405
2006,1,3,5,2107
2006,1,3,6,494
2006,1,4,1,53
2006,1,4,2,14
2006,1,4,3,130
2006,1,4,4,362
2006,1,4,5,355
2006,1,4,6,117
2006,1,5,1,18530
2006,1,5,2,11240
2006,1,5,3,24683
2006,1,5,4,38104
2006,1,5,5,22570
2006,1,5,6,23898
2006,1,6,1,1684
2006,1,6,2,3528
2006,1,6,3,1351
2006,1,6,4,2339
2006,1,6,5,1111
2006,1,6,6,1019
2006,1,8,1,731
2006,1,8,2,509
2006,1,8,3,1082
2006,1,8,4,2255
2006,1,8,5,1669
2006,1,8,6,999
2006,1,9,1,3208
2006,1,9,2,5799
2006,1,9,3,2972
2006,1,9,4,4996
2006,1,9,5,2721
2006,1,9,6,2287
2006,1,10,1,1477
2006,1,10,2,809
2006,1,10,3,3546
2006,1,10,4,11079
2006,1,10,5,3434
2006,1,10,6,2375
2006,1,11,1,17279
2006,1,11,2,9291
2006,1,11,3,23352
2006,1,11,4,35943
2006,1,11,5,21421
2006,1,11,6,22884
2006,1,12,1,271
2006,1,12,2,151
2006,1,12,3,731
2006,1,12,4,3312
2006,1,12,5,2008
2006,1,12,6,469
2006,2,0,1,109753
2006,2,0,2,77175
2006,2,0,3,150219
2006,2,0,4,231325
2006,2,0,5,144197
2006,2,0,6,146510
2006,2,1,1,1232
2006,2,1,2,878
2006,2,1,3,1230
2006,2,1,4,982
2006,2,1,5,1020
2006,2,1,6,1413
2006,2,2,1,748
2006,2,2,2,602
2006,2,2,3,4529
2006,2,2,4,15139
2006,2,2,5,3726
2006,2,2,6,2320
2006,2,3,1,567
2006,2,3,2,386
2006,2,3,3,1329
2006,2,3,4,7528
2006,2,3,5,4905
2006,2,3,6,1311
2006,2,4,1,80
2006,2,4,2,43
2006,2,4,3,248
2006,2,4,4,772
2006,2,4,5,766
2006,2,4,6,343
2006,2,5,1,48045
2006,2,5,2,29048
2006,2,5,3,63623
2006,2,5,4,84038
2006,2,5,5,57170
2006,2,5,6,64283
2006,2,6,1,2979
2006,2,6,2,6632
2006,2,6,3,2335
2006,2,6,4,3566
2006,2,6,5,1680
2006,2,6,6,1643
2006,2,8,1,1227
2006,2,8,2,997
2006,2,8,3,1816
2006,2,8,4,3638
2006,2,8,5,2832
2006,2,8,6,1943
2006,2,9,1,5404
2006,2,9,2,10676
2006,2,9,3,4848
2006,2,9,4,7529
2006,2,9,5,4207
2006,2,9,6,3731
2006,2,10,1,2964
2006,2,10,2,1974
2006,2,10,3,7455
2006,2,10,4,19912
2006,2,10,5,7857
2006,2,10,6,5676
2006,2,11,1,45976
2006,2,11,2,25594
2006,2,11,3,61522
2006,2,11,4,80855
2006,2,11,5,55268
2006,2,11,6,62580
2006,2,12,1,531
2006,2,12,2,345
2006,2,12,3,1284
2006,2,12,4,7366
2006,2,12,5,4766
2006,2,12,6,1267
2006,3,0,1,40692
2006,3,0,2,35352
2006,3,0,3,49919
2006,3,0,4,73345
2006,3,0,5,48729
2006,3,0,6,48847
2006,3,1,1,575
2006,3,1,2,411
2006,3,1,3,493
2006,3,1,4,391
2006,3,1,5,384
2006,3,1,6,555
2006,3,2,1,291
2006,3,2,2,205
2006,3,2,3,1508
2006,3,2,4,5223
2006,3,2,5,1214
2006,3,2,6,795
2006,3,3,1,268
2006,3,3,2,182
2006,3,3,3,641
2006,3,3,4,3206
2006,3,3,5,1946
2006,3,3,6,522
2006,3,4,1,58
2006,3,4,2,18
2006,3,4,3,125
2006,3,4,4,403
2006,3,4,5,395
2006,3,4,6,156
2006,3,5,1,16092
2006,3,5,2,10918
2006,3,5,3,19610
2006,3,5,4,23387
2006,3,5,5,17862
2006,3,5,6,20297
2006,3,6,1,2454
2006,3,6,2,5363
2006,3,6,3,1748
2006,3,6,4,2579
2006,3,6,5,1252
2006,3,6,6,1260
2006,3,8,1,608
2006,3,8,2,580
2006,3,8,3,835
2006,3,8,4,1484
2006,3,8,5,1313
2006,3,8,6,838
2006,3,9,1,4333
2006,3,9,2,8778
2006,3,9,3,3433
2006,3,9,4,4905
2006,3,9,5,2660
2006,3,9,6,2559
2006,3,10,1,1285
2006,3,10,2,780
2006,3,10,3,2699
2006,3,10,4,7111
2006,3,10,5,3036
2006,3,10,6,2115
2006,3,11,1,14485
2006,3,11,2,7962
2006,3,11,3,18222
2006,3,11,4,21531
2006,3,11,5,16794
2006,3,11,6,19253
2006,3,12,1,243
2006,3,12,2,155
2006,3,12,3,605
2006,3,12,4,3125
2006,3,12,5,1873
2006,3,12,6,497
