"date","ageCensus","ethnicityCensus","geog","datacol"
2019,0,0,1,219521
2019,0,0,2,186902
2019,0,0,3,272249
2019,0,0,4,454542
2019,0,0,5,266647
2019,0,0,6,267027
2019,0,1,1,7521
2019,0,1,2,6881
2019,0,1,3,6970
2019,0,1,4,5705
2019,0,1,5,5435
2019,0,1,6,7214
2019,0,2,1,4311
2019,0,2,2,3341
2019,0,2,3,21924
2019,0,2,4,76637
2019,0,2,5,14539
2019,0,2,6,10380
2019,0,3,1,4186
2019,0,3,2,3237
2019,0,3,3,8383
2019,0,3,4,39302
2019,0,3,5,19089
2019,0,3,6,6710
2019,0,4,1,1339
2019,0,4,2,572
2019,0,4,3,1757
2019,0,4,4,6103
2019,0,4,5,5534
2019,0,4,6,2456
2019,0,5,1,185965
2019,0,5,2,163008
2019,0,5,3,204979
2019,0,5,4,273207
2019,0,5,5,178225
2019,0,5,6,213212
2019,0,8,1,16167
2019,0,8,2,9843
2019,0,8,3,28224
2019,0,8,4,53586
2019,0,8,5,43821
2019,0,8,6,27027
2019,0,9,1,54281
2019,0,9,2,100750
2019,0,9,3,52468
2019,0,9,4,73468
2019,0,9,5,45066
2019,0,9,6,43726
2019,0,10,1,23425
2019,0,10,2,12523
2019,0,10,3,50758
2019,0,10,4,129515
2019,0,10,5,58751
2019,0,10,6,39270
2019,0,11,1,138577
2019,0,11,2,71889
2019,0,11,3,161958
2019,0,11,4,215469
2019,0,11,5,146205
2019,0,11,6,178423
2019,0,12,1,3219
2019,0,12,2,1729
2019,0,12,3,7057
2019,0,12,4,36089
2019,0,12,5,16621
2019,0,12,6,5591
2019,1,0,1,58106
2019,1,0,2,50121
2019,1,0,3,74160
2019,1,0,4,127784
2019,1,0,5,76331
2019,1,0,6,68552
2019,1,1,1,2165
2019,1,1,2,1788
2019,1,1,3,1866
2019,1,1,4,1525
2019,1,1,5,1522
2019,1,1,6,1927
2019,1,2,1,1068
2019,1,2,2,803
2019,1,2,3,5880
2019,1,2,4,21872
2019,1,2,5,3472
2019,1,2,6,2329
2019,1,3,1,1087
2019,1,3,2,906
2019,1,3,3,2515
2019,1,3,4,11084
2019,1,3,5,5463
2019,1,3,6,1494
2019,1,4,1,399
2019,1,4,2,131
2019,1,4,3,469
2019,1,4,4,1712
2019,1,4,5,1663
2019,1,4,6,580
2019,1,5,1,48365
2019,1,5,2,43587
2019,1,5,3,54213
2019,1,5,4,73863
2019,1,5,5,49971
2019,1,5,6,54112
2019,1,8,1,4996
2019,1,8,2,2891
2019,1,8,3,9207
2019,1,8,4,17726
2019,1,8,5,14234
2019,1,8,6,8083
2019,1,9,1,15928
2019,1,9,2,28849
2019,1,9,3,16330
2019,1,9,4,23386
2019,1,9,5,14937
2019,1,9,6,13165
2019,1,10,1,6760
2019,1,10,2,3272
2019,1,10,3,14726
2019,1,10,4,38638
2019,1,10,5,17170
2019,1,10,6,10420
2019,1,11,1,34608
2019,1,11,2,17553
2019,1,11,3,41039
2019,1,11,4,55733
2019,1,11,5,39607
2019,1,11,6,43789
2019,1,12,1,794
2019,1,12,2,436
2019,1,12,3,2059
2019,1,12,4,10026
2019,1,12,5,4614
2019,1,12,6,1163
2019,2,0,1,61439
2019,2,0,2,53265
2019,2,0,3,76683
2019,2,0,4,128712
2019,2,0,5,75722
2019,2,0,6,74234
2019,2,1,1,2085
2019,2,1,2,2077
2019,2,1,3,1910
2019,2,1,4,1545
2019,2,1,5,1579
2019,2,1,6,1973
2019,2,2,1,1248
2019,2,2,2,1004
2019,2,2,3,6383
2019,2,2,4,22350
2019,2,2,5,4306
2019,2,2,6,2965
2019,2,3,1,1203
2019,2,3,2,875
2019,2,3,3,2366
2019,2,3,4,11012
2019,2,3,5,5211
2019,2,3,6,1775
2019,2,4,1,363
2019,2,4,2,155
2019,2,4,3,521
2019,2,4,4,1648
2019,2,4,5,1523
2019,2,4,6,656
2019,2,5,1,51884
2019,2,5,2,46217
2019,2,5,3,57293
2019,2,5,4,76748
2019,2,5,5,50387
2019,2,5,6,59304
2019,2,8,1,4627
2019,2,8,2,2925
2019,2,8,3,8199
2019,2,8,4,15407
2019,2,8,5,12712
2019,2,8,6,7535
2019,2,9,1,15704
2019,2,9,2,29078
2019,2,9,3,15683
2019,2,9,4,21428
2019,2,9,5,13251
2019,2,9,6,12722
2019,2,10,1,6679
2019,2,10,2,3790
2019,2,10,3,14634
2019,2,10,4,37324
2019,2,10,5,17104
2019,2,10,6,10911
2019,2,11,1,38123
2019,2,11,2,19921
2019,2,11,3,44399
2019,2,11,4,59842
2019,2,11,5,40839
2019,2,11,6,49127
2019,2,12,1,917
2019,2,12,2,468
2019,2,12,3,1959
2019,2,12,4,10116
2019,2,12,5,4526
2019,2,12,6,1456
2019,3,0,1,61917
2019,3,0,2,52857
2019,3,0,3,77409
2019,3,0,4,124189
2019,3,0,5,73744
2019,3,0,6,79003
2019,3,1,1,2057
2019,3,1,2,2026
2019,3,1,3,2036
2019,3,1,4,1561
2019,3,1,5,1473
2019,3,1,6,2131
2019,3,2,1,1129
2019,3,2,2,931
2019,3,2,3,6142
2019,3,2,4,20117
2019,3,2,5,4153
2019,3,2,6,3189
2019,3,3,1,1135
2019,3,3,2,904
2019,3,3,3,2279
2019,3,3,4,10743
2019,3,3,5,5350
2019,3,3,6,2088
2019,3,4,1,387
2019,3,4,2,172
2019,3,4,3,463
2019,3,4,4,1684
2019,3,4,5,1468
2019,3,4,6,769
2019,3,5,1,52945
2019,3,5,2,46146
2019,3,5,3,59257
2019,3,5,4,76687
2019,3,5,5,49849
2019,3,5,6,63254
2019,3,8,1,4239
2019,3,8,2,2658
2019,3,8,3,7219
2019,3,8,4,13397
2019,3,8,5,11445
2019,3,8,6,7545
2019,3,9,1,14592
2019,3,9,2,27730
2019,3,9,3,13647
2019,3,9,4,18695
2019,3,9,5,11319
2019,3,9,6,11716
2019,3,10,1,6290
2019,3,10,2,3495
2019,3,10,3,13859
2019,3,10,4,33708
2019,3,10,5,15943
2019,3,10,6,11640
2019,3,11,1,40134
2019,3,11,2,21125
2019,3,11,3,47938
2019,3,11,4,61878
2019,3,11,5,41741
2019,3,11,6,53834
2019,3,12,1,881
2019,3,12,2,494
2019,3,12,3,1959
2019,3,12,4,9906
2019,3,12,5,4738
2019,3,12,6,1794
2019,4,0,1,38036
2019,4,0,2,30647
2019,4,0,3,43990
2019,4,0,4,73855
2019,4,0,5,40847
2019,4,0,6,45224
2019,4,1,1,1197
2019,4,1,2,982
2019,4,1,3,1151
2019,4,1,4,1073
2019,4,1,5,858
2019,4,1,6,1167
2019,4,2,1,846
2019,4,2,2,592
2019,4,2,3,3514
2019,4,2,4,12297
2019,4,2,5,2604
2019,4,2,6,1883
2019,4,3,1,740
2019,4,3,2,544
2019,4,3,3,1214
2019,4,3,4,6463
2019,4,3,5,3063
2019,4,3,6,1338
2019,4,4,1,179
2019,4,4,2,105
2019,4,4,3,298
2019,4,4,4,1058
2019,4,4,5,876
2019,4,4,6,436
2019,4,5,1,32751
2019,4,5,2,27049
2019,4,5,3,34209
2019,4,5,4,45907
2019,4,5,5,28016
2019,4,5,6,36524
2019,4,8,1,2288
2019,4,8,2,1359
2019,4,8,3,3591
2019,4,8,4,7055
2019,4,8,5,5425
2019,4,8,6,3849
2019,4,9,1,8041
2019,4,9,2,15082
2019,4,9,3,6802
2019,4,9,4,9958
2019,4,9,5,5557
2019,4,9,6,6106
2019,4,10,1,3677
2019,4,10,2,1957
2019,4,10,3,7531
2019,4,10,4,19843
2019,4,10,5,8532
2019,4,10,6,6282
2019,4,11,1,25694
2019,4,11,2,13279
2019,4,11,3,28576
2019,4,11,4,38014
2019,4,11,5,24015
2019,4,11,6,31659
2019,4,12,1,605
2019,4,12,2,321
2019,4,12,3,1073
2019,4,12,4,6040
2019,4,12,5,2741
2019,4,12,6,1161
2019,6,0,1,938730
2019,6,0,2,677990
2019,6,0,3,1252660
2019,6,0,4,2190200
2019,6,0,5,1139340
2019,6,0,6,1228650
2019,6,1,1,24206
2019,6,1,2,20115
2019,6,1,3,23976
2019,6,1,4,22518
2019,6,1,5,18764
2019,6,1,6,25482
2019,6,2,1,21626
2019,6,2,2,14700
2019,6,2,3,104318
2019,6,2,4,382430
2019,6,2,5,75708
2019,6,2,6,48676
2019,6,3,1,14397
2019,6,3,2,11027
2019,6,3,3,30976
2019,6,3,4,149995
2019,6,3,5,73551
2019,6,3,6,24251
2019,6,4,1,3785
2019,6,4,2,1745
2019,6,4,3,6316
2019,6,4,4,20044
2019,6,4,5,17463
2019,6,4,6,8065
2019,6,5,1,839495
2019,6,5,2,608993
2019,6,5,3,1027702
2019,6,5,4,1495669
2019,6,5,5,868887
2019,6,5,6,1064579
2019,6,8,1,35221
2019,6,8,2,21410
2019,6,8,3,59372
2019,6,8,4,119544
2019,6,8,5,84967
2019,6,8,6,57597
2019,6,9,1,136174
2019,6,9,2,245522
2019,6,9,3,137679
2019,6,9,4,223749
2019,6,9,5,114263
2019,6,9,6,109899
2019,6,10,1,71842
2019,6,10,2,40154
2019,6,10,3,175575
2019,6,10,4,512300
2019,6,10,5,175208
2019,6,10,6,122952
2019,6,11,1,718774
2019,6,11,2,384659
2019,6,11,3,911718
2019,6,11,4,1313072
2019,6,11,5,782418
2019,6,11,6,974165
2019,6,12,1,11940
2019,6,12,2,7655
2019,6,12,3,27688
2019,6,12,4,141079
2019,6,12,5,67451
2019,6,12,6,21634
2018,0,0,1,219521
2018,0,0,2,186902
2018,0,0,3,272249
2018,0,0,4,454542
2018,0,0,5,266647
2018,0,0,6,267027
2018,0,1,1,7521
2018,0,1,2,6881
2018,0,1,3,6970
2018,0,1,4,5705
2018,0,1,5,5435
2018,0,1,6,7214
2018,0,2,1,4311
2018,0,2,2,3341
2018,0,2,3,21924
2018,0,2,4,76637
2018,0,2,5,14539
2018,0,2,6,10380
2018,0,3,1,4186
2018,0,3,2,3237
2018,0,3,3,8383
2018,0,3,4,39302
2018,0,3,5,19089
2018,0,3,6,6710
2018,0,4,1,1339
2018,0,4,2,572
2018,0,4,3,1757
2018,0,4,4,6103
2018,0,4,5,5534
2018,0,4,6,2456
2018,0,5,1,185965
2018,0,5,2,163008
2018,0,5,3,204979
2018,0,5,4,273207
2018,0,5,5,178225
2018,0,5,6,213212
2018,0,8,1,16167
2018,0,8,2,9843
2018,0,8,3,28224
2018,0,8,4,53586
2018,0,8,5,43821
2018,0,8,6,27027
2018,0,9,1,54281
2018,0,9,2,100750
2018,0,9,3,52468
2018,0,9,4,73468
2018,0,9,5,45066
2018,0,9,6,43726
2018,0,10,1,23425
2018,0,10,2,12523
2018,0,10,3,50758
2018,0,10,4,129515
2018,0,10,5,58751
2018,0,10,6,39270
2018,0,11,1,138577
2018,0,11,2,71889
2018,0,11,3,161958
2018,0,11,4,215469
2018,0,11,5,146205
2018,0,11,6,178423
2018,0,12,1,3219
2018,0,12,2,1729
2018,0,12,3,7057
2018,0,12,4,36089
2018,0,12,5,16621
2018,0,12,6,5591
2018,1,0,1,58106
2018,1,0,2,50121
2018,1,0,3,74160
2018,1,0,4,127784
2018,1,0,5,76331
2018,1,0,6,68552
2018,1,1,1,2165
2018,1,1,2,1788
2018,1,1,3,1866
2018,1,1,4,1525
2018,1,1,5,1522
2018,1,1,6,1927
2018,1,2,1,1068
2018,1,2,2,803
2018,1,2,3,5880
2018,1,2,4,21872
2018,1,2,5,3472
2018,1,2,6,2329
2018,1,3,1,1087
2018,1,3,2,906
2018,1,3,3,2515
2018,1,3,4,11084
2018,1,3,5,5463
2018,1,3,6,1494
2018,1,4,1,399
2018,1,4,2,131
2018,1,4,3,469
2018,1,4,4,1712
2018,1,4,5,1663
2018,1,4,6,580
2018,1,5,1,48365
2018,1,5,2,43587
2018,1,5,3,54213
2018,1,5,4,73863
2018,1,5,5,49971
2018,1,5,6,54112
2018,1,8,1,4996
2018,1,8,2,2891
2018,1,8,3,9207
2018,1,8,4,17726
2018,1,8,5,14234
2018,1,8,6,8083
2018,1,9,1,15928
2018,1,9,2,28849
2018,1,9,3,16330
2018,1,9,4,23386
2018,1,9,5,14937
2018,1,9,6,13165
2018,1,10,1,6760
2018,1,10,2,3272
2018,1,10,3,14726
2018,1,10,4,38638
2018,1,10,5,17170
2018,1,10,6,10420
2018,1,11,1,34608
2018,1,11,2,17553
2018,1,11,3,41039
2018,1,11,4,55733
2018,1,11,5,39607
2018,1,11,6,43789
2018,1,12,1,794
2018,1,12,2,436
2018,1,12,3,2059
2018,1,12,4,10026
2018,1,12,5,4614
2018,1,12,6,1163
2018,2,0,1,61439
2018,2,0,2,53265
2018,2,0,3,76683
2018,2,0,4,128712
2018,2,0,5,75722
2018,2,0,6,74234
2018,2,1,1,2085
2018,2,1,2,2077
2018,2,1,3,1910
2018,2,1,4,1545
2018,2,1,5,1579
2018,2,1,6,1973
2018,2,2,1,1248
2018,2,2,2,1004
2018,2,2,3,6383
2018,2,2,4,22350
2018,2,2,5,4306
2018,2,2,6,2965
2018,2,3,1,1203
2018,2,3,2,875
2018,2,3,3,2366
2018,2,3,4,11012
2018,2,3,5,5211
2018,2,3,6,1775
2018,2,4,1,363
2018,2,4,2,155
2018,2,4,3,521
2018,2,4,4,1648
2018,2,4,5,1523
2018,2,4,6,656
2018,2,5,1,51884
2018,2,5,2,46217
2018,2,5,3,57293
2018,2,5,4,76748
2018,2,5,5,50387
2018,2,5,6,59304
2018,2,8,1,4627
2018,2,8,2,2925
2018,2,8,3,8199
2018,2,8,4,15407
2018,2,8,5,12712
2018,2,8,6,7535
2018,2,9,1,15704
2018,2,9,2,29078
2018,2,9,3,15683
2018,2,9,4,21428
2018,2,9,5,13251
2018,2,9,6,12722
2018,2,10,1,6679
2018,2,10,2,3790
2018,2,10,3,14634
2018,2,10,4,37324
2018,2,10,5,17104
2018,2,10,6,10911
2018,2,11,1,38123
2018,2,11,2,19921
2018,2,11,3,44399
2018,2,11,4,59842
2018,2,11,5,40839
2018,2,11,6,49127
2018,2,12,1,917
2018,2,12,2,468
2018,2,12,3,1959
2018,2,12,4,10116
2018,2,12,5,4526
2018,2,12,6,1456
2018,3,0,1,61917
2018,3,0,2,52857
2018,3,0,3,77409
2018,3,0,4,124189
2018,3,0,5,73744
2018,3,0,6,79003
2018,3,1,1,2057
2018,3,1,2,2026
2018,3,1,3,2036
2018,3,1,4,1561
2018,3,1,5,1473
2018,3,1,6,2131
2018,3,2,1,1129
2018,3,2,2,931
2018,3,2,3,6142
2018,3,2,4,20117
2018,3,2,5,4153
2018,3,2,6,3189
2018,3,3,1,1135
2018,3,3,2,904
2018,3,3,3,2279
2018,3,3,4,10743
2018,3,3,5,5350
2018,3,3,6,2088
2018,3,4,1,387
2018,3,4,2,172
2018,3,4,3,463
2018,3,4,4,1684
2018,3,4,5,1468
2018,3,4,6,769
2018,3,5,1,52945
2018,3,5,2,46146
2018,3,5,3,59257
2018,3,5,4,76687
2018,3,5,5,49849
2018,3,5,6,63254
2018,3,8,1,4239
2018,3,8,2,2658
2018,3,8,3,7219
2018,3,8,4,13397
2018,3,8,5,11445
2018,3,8,6,7545
2018,3,9,1,14592
2018,3,9,2,27730
2018,3,9,3,13647
2018,3,9,4,18695
2018,3,9,5,11319
2018,3,9,6,11716
2018,3,10,1,6290
2018,3,10,2,3495
2018,3,10,3,13859
2018,3,10,4,33708
2018,3,10,5,15943
2018,3,10,6,11640
2018,3,11,1,40134
2018,3,11,2,21125
2018,3,11,3,47938
2018,3,11,4,61878
2018,3,11,5,41741
2018,3,11,6,53834
2018,3,12,1,881
2018,3,12,2,494
2018,3,12,3,1959
2018,3,12,4,9906
2018,3,12,5,4738
2018,3,12,6,1794
2018,4,0,1,38036
2018,4,0,2,30647
2018,4,0,3,43990
2018,4,0,4,73855
2018,4,0,5,40847
2018,4,0,6,45224
2018,4,1,1,1197
2018,4,1,2,982
2018,4,1,3,1151
2018,4,1,4,1073
2018,4,1,5,858
2018,4,1,6,1167
2018,4,2,1,846
2018,4,2,2,592
2018,4,2,3,3514
2018,4,2,4,12297
2018,4,2,5,2604
2018,4,2,6,1883
2018,4,3,1,740
2018,4,3,2,544
2018,4,3,3,1214
2018,4,3,4,6463
2018,4,3,5,3063
2018,4,3,6,1338
2018,4,4,1,179
2018,4,4,2,105
2018,4,4,3,298
2018,4,4,4,1058
2018,4,4,5,876
2018,4,4,6,436
2018,4,5,1,32751
2018,4,5,2,27049
2018,4,5,3,34209
2018,4,5,4,45907
2018,4,5,5,28016
2018,4,5,6,36524
2018,4,8,1,2288
2018,4,8,2,1359
2018,4,8,3,3591
2018,4,8,4,7055
2018,4,8,5,5425
2018,4,8,6,3849
2018,4,9,1,8041
2018,4,9,2,15082
2018,4,9,3,6802
2018,4,9,4,9958
2018,4,9,5,5557
2018,4,9,6,6106
2018,4,10,1,3677
2018,4,10,2,1957
2018,4,10,3,7531
2018,4,10,4,19843
2018,4,10,5,8532
2018,4,10,6,6282
2018,4,11,1,25694
2018,4,11,2,13279
2018,4,11,3,28576
2018,4,11,4,38014
2018,4,11,5,24015
2018,4,11,6,31659
2018,4,12,1,605
2018,4,12,2,321
2018,4,12,3,1073
2018,4,12,4,6040
2018,4,12,5,2741
2018,4,12,6,1161
2018,6,0,1,938730
2018,6,0,2,677990
2018,6,0,3,1252660
2018,6,0,4,2190200
2018,6,0,5,1139340
2018,6,0,6,1228650
2018,6,1,1,24206
2018,6,1,2,20115
2018,6,1,3,23976
2018,6,1,4,22518
2018,6,1,5,18764
2018,6,1,6,25482
2018,6,2,1,21626
2018,6,2,2,14700
2018,6,2,3,104318
2018,6,2,4,382430
2018,6,2,5,75708
2018,6,2,6,48676
2018,6,3,1,14397
2018,6,3,2,11027
2018,6,3,3,30976
2018,6,3,4,149995
2018,6,3,5,73551
2018,6,3,6,24251
2018,6,4,1,3785
2018,6,4,2,1745
2018,6,4,3,6316
2018,6,4,4,20044
2018,6,4,5,17463
2018,6,4,6,8065
2018,6,5,1,839495
2018,6,5,2,608993
2018,6,5,3,1027702
2018,6,5,4,1495669
2018,6,5,5,868887
2018,6,5,6,1064579
2018,6,8,1,35221
2018,6,8,2,21410
2018,6,8,3,59372
2018,6,8,4,119544
2018,6,8,5,84967
2018,6,8,6,57597
2018,6,9,1,136174
2018,6,9,2,245522
2018,6,9,3,137679
2018,6,9,4,223749
2018,6,9,5,114263
2018,6,9,6,109899
2018,6,10,1,71842
2018,6,10,2,40154
2018,6,10,3,175575
2018,6,10,4,512300
2018,6,10,5,175208
2018,6,10,6,122952
2018,6,11,1,718774
2018,6,11,2,384659
2018,6,11,3,911718
2018,6,11,4,1313072
2018,6,11,5,782418
2018,6,11,6,974165
2018,6,12,1,11940
2018,6,12,2,7655
2018,6,12,3,27688
2018,6,12,4,141079
2018,6,12,5,67451
2018,6,12,6,21634
2017,0,0,1,217070
2017,0,0,2,185315
2017,0,0,3,268981
2017,0,0,4,449696
2017,0,0,5,263411
2017,0,0,6,265080
2017,0,1,1,7433
2017,0,1,2,6873
2017,0,1,3,6897
2017,0,1,4,5682
2017,0,1,5,5369
2017,0,1,6,7131
2017,0,2,1,4150
2017,0,2,2,3254
2017,0,2,3,21002
2017,0,2,4,74053
2017,0,2,5,14137
2017,0,2,6,10045
2017,0,3,1,4060
2017,0,3,2,3161
2017,0,3,3,8071
2017,0,3,4,38710
2017,0,3,5,18684
2017,0,3,6,6518
2017,0,4,1,1266
2017,0,4,2,553
2017,0,4,3,1700
2017,0,4,4,5978
2017,0,4,5,5330
2017,0,4,6,2371
2017,0,5,1,184541
2017,0,5,2,161956
2017,0,5,3,204148
2017,0,5,4,272991
2017,0,5,5,177583
2017,0,5,6,212889
2017,0,8,1,15590
2017,0,8,2,9503
2017,0,8,3,27152
2017,0,8,4,52279
2017,0,8,5,42304
2017,0,8,6,26099
2017,0,9,1,52921
2017,0,9,2,99049
2017,0,9,3,50813
2017,0,9,4,71966
2017,0,9,5,43644
2017,0,9,6,42341
2017,0,10,1,22721
2017,0,10,2,12297
2017,0,10,3,48939
2017,0,10,4,125795
2017,0,10,5,56924
2017,0,10,6,38121
2017,0,11,1,138277
2017,0,11,2,72269
2017,0,11,3,162419
2017,0,11,4,216355
2017,0,11,5,146547
2017,0,11,6,179153
2017,0,12,1,3129
2017,0,12,2,1692
2017,0,12,3,6803
2017,0,12,4,35578
2017,0,12,5,16293
2017,0,12,6,5446
2017,1,0,1,58029
2017,1,0,2,50526
2017,1,0,3,73703
2017,1,0,4,127445
2017,1,0,5,75933
2017,1,0,6,68482
2017,1,1,1,2164
2017,1,1,2,1825
2017,1,1,3,1861
2017,1,1,4,1533
2017,1,1,5,1506
2017,1,1,6,1919
2017,1,2,1,1041
2017,1,2,2,796
2017,1,2,3,5663
2017,1,2,4,21324
2017,1,2,5,3405
2017,1,2,6,2268
2017,1,3,1,1066
2017,1,3,2,900
2017,1,3,3,2435
2017,1,3,4,11020
2017,1,3,5,5372
2017,1,3,6,1468
2017,1,4,1,382
2017,1,4,2,129
2017,1,4,3,458
2017,1,4,4,1693
2017,1,4,5,1614
2017,1,4,6,567
2017,1,5,1,48486
2017,1,5,2,44017
2017,1,5,3,54399
2017,1,5,4,74445
2017,1,5,5,50183
2017,1,5,6,54375
2017,1,8,1,4863
2017,1,8,2,2842
2017,1,8,3,8875
2017,1,8,4,17428
2017,1,8,5,13849
2017,1,8,6,7857
2017,1,9,1,15695
2017,1,9,2,28904
2017,1,9,3,15956
2017,1,9,4,23115
2017,1,9,5,14571
2017,1,9,6,12838
2017,1,10,1,6622
2017,1,10,2,3264
2017,1,10,3,14259
2017,1,10,4,37857
2017,1,10,5,16759
2017,1,10,6,10193
2017,1,11,1,34909
2017,1,11,2,17913
2017,1,11,3,41488
2017,1,11,4,56490
2017,1,11,5,40058
2017,1,11,6,44286
2017,1,12,1,780
2017,1,12,2,434
2017,1,12,3,1993
2017,1,12,4,9981
2017,1,12,5,4543
2017,1,12,6,1150
2017,2,0,1,60798
2017,2,0,2,53033
2017,2,0,3,75755
2017,2,0,4,127585
2017,2,0,5,74681
2017,2,0,6,73793
2017,2,1,1,2071
2017,2,1,2,2094
2017,2,1,3,1889
2017,2,1,4,1538
2017,2,1,5,1566
2017,2,1,6,1948
2017,2,2,1,1201
2017,2,2,2,978
2017,2,2,3,6108
2017,2,2,4,21643
2017,2,2,5,4188
2017,2,2,6,2877
2017,2,3,1,1171
2017,2,3,2,858
2017,2,3,3,2276
2017,2,3,4,10854
2017,2,3,5,5098
2017,2,3,6,1726
2017,2,4,1,345
2017,2,4,2,151
2017,2,4,3,504
2017,2,4,4,1619
2017,2,4,5,1466
2017,2,4,6,634
2017,2,5,1,51525
2017,2,5,2,46116
2017,2,5,3,57076
2017,2,5,4,76866
2017,2,5,5,50098
2017,2,5,6,59297
2017,2,8,1,4456
2017,2,8,2,2820
2017,2,8,3,7892
2017,2,8,4,15062
2017,2,8,5,12259
2017,2,8,6,7284
2017,2,9,1,15368
2017,2,9,2,28744
2017,2,9,3,15211
2017,2,9,4,21020
2017,2,9,5,12817
2017,2,9,6,12339
2017,2,10,1,6476
2017,2,10,2,3738
2017,2,10,3,14097
2017,2,10,4,36325
2017,2,10,5,16563
2017,2,10,6,10605
2017,2,11,1,38043
2017,2,11,2,20079
2017,2,11,3,44555
2017,2,11,4,60261
2017,2,11,5,40861
2017,2,11,6,49412
2017,2,12,1,893
2017,2,12,2,461
2017,2,12,3,1886
2017,2,12,4,9979
2017,2,12,5,4436
2017,2,12,6,1419
2017,3,0,1,60277
2017,3,0,2,51307
2017,3,0,3,75441
2017,3,0,4,120838
2017,3,0,5,71874
2017,3,0,6,77350
2017,3,1,1,1995
2017,3,1,2,1971
2017,3,1,3,1985
2017,3,1,4,1532
2017,3,1,5,1434
2017,3,1,6,2077
2017,3,2,1,1073
2017,3,2,2,890
2017,3,2,3,5810
2017,3,2,4,19110
2017,3,2,5,3986
2017,3,2,6,3052
2017,3,3,1,1081
2017,3,3,2,859
2017,3,3,3,2167
2017,3,3,4,10400
2017,3,3,5,5169
2017,3,3,6,1997
2017,3,4,1,360
2017,3,4,2,164
2017,3,4,3,441
2017,3,4,4,1621
2017,3,4,5,1392
2017,3,4,6,727
2017,3,5,1,51720
2017,3,5,2,44892
2017,3,5,3,58158
2017,3,5,4,75339
2017,3,5,5,49003
2017,3,5,6,62287
2017,3,8,1,4019
2017,3,8,2,2511
2017,3,8,3,6867
2017,3,8,4,12833
2017,3,8,5,10884
2017,3,8,6,7184
2017,3,9,1,13962
2017,3,9,2,26618
2017,3,9,3,12988
2017,3,9,4,17990
2017,3,9,5,10802
2017,3,9,6,11181
2017,3,10,1,6009
2017,3,10,2,3366
2017,3,10,3,13202
2017,3,10,4,32174
2017,3,10,5,15225
2017,3,10,6,11140
2017,3,11,1,39442
2017,3,11,2,20843
2017,3,11,3,47378
2017,3,11,4,61073
2017,3,11,5,41258
2017,3,11,6,53282
2017,3,12,1,843
2017,3,12,2,470
2017,3,12,3,1868
2017,3,12,4,9599
2017,3,12,5,4586
2017,3,12,6,1727
2017,4,0,1,37949
2017,4,0,2,30441
2017,4,0,3,44074
2017,4,0,4,73827
2017,4,0,5,40920
2017,4,0,6,45436
2017,4,1,1,1186
2017,4,1,2,970
2017,4,1,3,1156
2017,4,1,4,1077
2017,4,1,5,860
2017,4,1,6,1170
2017,4,2,1,819
2017,4,2,2,579
2017,4,2,3,3412
2017,4,2,4,11975
2017,4,2,5,2555
2017,4,2,6,1836
2017,4,3,1,727
2017,4,3,2,535
2017,4,3,3,1184
2017,4,3,4,6435
2017,4,3,5,3040
2017,4,3,6,1308
2017,4,4,1,171
2017,4,4,2,101
2017,4,4,3,290
2017,4,4,4,1044
2017,4,4,5,855
2017,4,4,6,427
2017,4,5,1,32790
2017,4,5,2,26919
2017,4,5,3,34508
2017,4,5,4,46339
2017,4,5,5,28296
2017,4,5,6,36917
2017,4,8,1,2228
2017,4,8,2,1319
2017,4,8,3,3513
2017,4,8,4,6954
2017,4,8,5,5309
2017,4,8,6,3755
2017,4,9,1,7874
2017,4,9,2,14772
2017,4,9,3,6650
2017,4,9,4,9840
2017,4,9,5,5451
2017,4,9,6,5966
2017,4,10,1,3594
2017,4,10,2,1918
2017,4,10,3,7373
2017,4,10,4,19437
2017,4,10,5,8373
2017,4,10,6,6164
2017,4,11,1,25862
2017,4,11,2,13422
2017,4,11,3,28994
2017,4,11,4,38529
2017,4,11,5,24367
2017,4,11,6,32155
2017,4,12,1,594
2017,4,12,2,318
2017,4,12,3,1050
2017,4,12,4,6018
2017,4,12,5,2725
2017,4,12,6,1134
2017,6,0,1,925110
2017,6,0,2,668720
2017,6,0,3,1229100
2017,6,0,4,2153700
2017,6,0,5,1123700
2017,6,0,6,1209970
2017,6,1,1,23833
2017,6,1,2,19923
2017,6,1,3,23519
2017,6,1,4,22262
2017,6,1,5,18529
2017,6,1,6,25051
2017,6,2,1,20765
2017,6,2,2,14163
2017,6,2,3,99145
2017,6,2,4,365333
2017,6,2,5,73094
2017,6,2,6,46569
2017,6,3,1,13945
2017,6,3,2,10716
2017,6,3,3,29592
2017,6,3,4,146001
2017,6,3,5,71737
2017,6,3,6,23437
2017,6,4,1,3567
2017,6,4,2,1678
2017,6,4,3,6032
2017,6,4,4,19443
2017,6,4,5,16754
2017,6,4,6,7731
2017,6,5,1,829157
2017,6,5,2,601633
2017,6,5,3,1013880
2017,6,5,4,1484914
2017,6,5,5,861608
2017,6,5,6,1051809
2017,6,8,1,33843
2017,6,8,2,20607
2017,6,8,3,56932
2017,6,8,4,115747
2017,6,8,5,81978
2017,6,8,6,55373
2017,6,9,1,131949
2017,6,9,2,239444
2017,6,9,3,132608
2017,6,9,4,217213
2017,6,9,5,110469
2017,6,9,6,105795
2017,6,10,1,69477
2017,6,10,2,39116
2017,6,10,3,167990
2017,6,10,4,491571
2017,6,10,5,169397
2017,6,10,6,118512
2017,6,11,1,712098
2017,6,11,2,382713
2017,6,11,3,902035
2017,6,11,4,1307546
2017,6,11,5,778009
2017,6,11,6,964709
2017,6,12,1,11586
2017,6,12,2,7447
2017,6,12,3,26467
2017,6,12,4,137370
2017,6,12,5,65825
2017,6,12,6,20954
2016,0,0,1,214391
2016,0,0,2,183141
2016,0,0,3,265081
2016,0,0,4,441701
2016,0,0,5,258901
2016,0,0,6,262374
2016,0,1,1,7325
2016,0,1,2,6820
2016,0,1,3,6775
2016,0,1,4,5628
2016,0,1,5,5283
2016,0,1,6,7027
2016,0,2,1,3971
2016,0,2,2,3155
2016,0,2,3,20058
2016,0,2,4,70844
2016,0,2,5,13671
2016,0,2,6,9660
2016,0,3,1,3921
2016,0,3,2,3076
2016,0,3,3,7733
2016,0,3,4,37825
2016,0,3,5,18165
2016,0,3,6,6308
2016,0,4,1,1190
2016,0,4,2,531
2016,0,4,3,1619
2016,0,4,4,5801
2016,0,4,5,5088
2016,0,4,6,2273
2016,0,5,1,182959
2016,0,5,2,160370
2016,0,5,3,202797
2016,0,5,4,270759
2016,0,5,5,175967
2016,0,5,6,211951
2016,0,8,1,14996
2016,0,8,2,9171
2016,0,8,3,26086
2016,0,8,4,50842
2016,0,8,5,40724
2016,0,8,6,25125
2016,0,9,1,51424
2016,0,9,2,96835
2016,0,9,3,48940
2016,0,9,4,70068
2016,0,9,5,41965
2016,0,9,6,40779
2016,0,10,1,21966
2016,0,10,2,12045
2016,0,10,3,47043
2016,0,10,4,121277
2016,0,10,5,54941
2016,0,10,6,36852
2016,0,11,1,137956
2016,0,11,2,72594
2016,0,11,3,162560
2016,0,11,4,215569
2016,0,11,5,146126
2016,0,11,6,179429
2016,0,12,1,3023
2016,0,12,2,1655
2016,0,12,3,6531
2016,0,12,4,34786
2016,0,12,5,15866
2016,0,12,6,5301
2016,1,0,1,57395
2016,1,0,2,50526
2016,1,0,3,72352
2016,1,0,4,125345
2016,1,0,5,74433
2016,1,0,6,67490
2016,1,1,1,2138
2016,1,1,2,1855
2016,1,1,3,1828
2016,1,1,4,1526
2016,1,1,5,1476
2016,1,1,6,1886
2016,1,2,1,994
2016,1,2,2,780
2016,1,2,3,5395
2016,1,2,4,20475
2016,1,2,5,3283
2016,1,2,6,2171
2016,1,3,1,1034
2016,1,3,2,886
2016,1,3,3,2333
2016,1,3,4,10788
2016,1,3,5,5204
2016,1,3,6,1412
2016,1,4,1,355
2016,1,4,2,125
2016,1,4,3,436
2016,1,4,4,1647
2016,1,4,5,1538
2016,1,4,6,546
2016,1,5,1,48165
2016,1,5,2,44090
2016,1,5,3,53882
2016,1,5,4,73952
2016,1,5,5,49599
2016,1,5,6,53896
2016,1,8,1,4679
2016,1,8,2,2772
2016,1,8,3,8466
2016,1,8,4,16953
2016,1,8,5,13326
2016,1,8,6,7547
2016,1,9,1,15350
2016,1,9,2,28697
2016,1,9,3,15365
2016,1,9,4,22546
2016,1,9,5,13995
2016,1,9,6,12324
2016,1,10,1,6402
2016,1,10,2,3241
2016,1,10,3,13644
2016,1,10,4,36611
2016,1,10,5,16150
2016,1,10,6,9839
2016,1,11,1,34866
2016,1,11,2,18151
2016,1,11,3,41419
2016,1,11,4,56405
2016,1,11,5,39876
2016,1,11,6,44198
2016,1,12,1,757
2016,1,12,2,427
2016,1,12,3,1916
2016,1,12,4,9782
2016,1,12,5,4408
2016,1,12,6,1116
2016,2,0,1,60207
2016,2,0,2,52720
2016,2,0,3,74776
2016,2,0,4,125700
2016,2,0,5,73445
2016,2,0,6,73369
2016,2,1,1,2051
2016,2,1,2,2094
2016,2,1,3,1857
2016,2,1,4,1525
2016,2,1,5,1543
2016,2,1,6,1926
2016,2,2,1,1153
2016,2,2,2,953
2016,2,2,3,5843
2016,2,2,4,20782
2016,2,2,5,4054
2016,2,2,6,2782
2016,2,3,1,1129
2016,2,3,2,843
2016,2,3,3,2183
2016,2,3,4,10643
2016,2,3,5,4958
2016,2,3,6,1678
2016,2,4,1,325
2016,2,4,2,146
2016,2,4,3,481
2016,2,4,4,1579
2016,2,4,5,1400
2016,2,4,6,616
2016,2,5,1,51222
2016,2,5,2,45933
2016,2,5,3,56797
2016,2,5,4,76463
2016,2,5,5,49664
2016,2,5,6,59297
2016,2,8,1,4299
2016,2,8,2,2736
2016,2,8,3,7603
2016,2,8,4,14706
2016,2,8,5,11821
2016,2,8,6,7045
2016,2,9,1,14997
2016,2,9,2,28276
2016,2,9,3,14695
2016,2,9,4,20505
2016,2,9,5,12329
2016,2,9,6,11944
2016,2,10,1,6277
2016,2,10,2,3687
2016,2,10,3,13573
2016,2,10,4,35143
2016,2,10,5,16012
2016,2,10,6,10302
2016,2,11,1,38056
2016,2,11,2,20293
2016,2,11,3,44690
2016,2,11,4,60263
2016,2,11,5,40778
2016,2,11,6,49717
2016,2,12,1,861
2016,2,12,2,455
2016,2,12,3,1812
2016,2,12,4,9787
2016,2,12,5,4322
2016,2,12,6,1388
2016,3,0,1,58913
2016,3,0,2,49837
2016,3,0,3,73731
2016,3,0,4,117399
2016,3,0,5,70072
2016,3,0,6,75890
2016,3,1,1,1941
2016,3,1,2,1906
2016,3,1,3,1929
2016,3,1,4,1504
2016,3,1,5,1403
2016,3,1,6,2027
2016,3,2,1,1016
2016,3,2,2,850
2016,3,2,3,5506
2016,3,2,4,18055
2016,3,2,5,3822
2016,3,2,6,2909
2016,3,3,1,1034
2016,3,3,2,819
2016,3,3,3,2060
2016,3,3,4,10040
2016,3,3,5,4987
2016,3,3,6,1918
2016,3,4,1,335
2016,3,4,2,155
2016,3,4,3,415
2016,3,4,4,1558
2016,3,4,5,1317
2016,3,4,6,681
2016,3,5,1,50728
2016,3,5,2,43710
2016,3,5,3,57245
2016,3,5,4,73911
2016,3,5,5,48166
2016,3,5,6,61474
2016,3,8,1,3830
2016,3,8,2,2378
2016,3,8,3,6565
2016,3,8,4,12328
2016,3,8,5,10371
2016,3,8,6,6854
2016,3,9,1,13365
2016,3,9,2,25491
2016,3,9,3,12371
2016,3,9,4,17337
2016,3,9,5,10301
2016,3,9,6,10670
2016,3,10,1,5754
2016,3,10,2,3238
2016,3,10,3,12605
2016,3,10,4,30638
2016,3,10,5,14558
2016,3,10,6,10660
2016,3,11,1,38965
2016,3,11,2,20643
2016,3,11,3,46969
2016,3,11,4,60151
2016,3,11,5,40778
2016,3,11,6,52881
2016,3,12,1,811
2016,3,12,2,454
2016,3,12,3,1777
2016,3,12,4,9272
2016,3,12,5,4431
2016,3,12,6,1664
2016,4,0,1,37856
2016,4,0,2,30048
2016,4,0,3,44217
2016,4,0,4,73255
2016,4,0,5,40948
2016,4,0,6,45608
2016,4,1,1,1176
2016,4,1,2,952
2016,4,1,3,1154
2016,4,1,4,1071
2016,4,1,5,857
2016,4,1,6,1169
2016,4,2,1,790
2016,4,2,2,562
2016,4,2,3,3306
2016,4,2,4,11530
2016,4,2,5,2509
2016,4,2,6,1783
2016,4,3,1,707
2016,4,3,2,520
2016,4,3,3,1151
2016,4,3,4,6353
2016,4,3,5,3011
2016,4,3,6,1285
2016,4,4,1,164
2016,4,4,2,96
2016,4,4,3,281
2016,4,4,4,1015
2016,4,4,5,830
2016,4,4,6,417
2016,4,5,1,32827
2016,4,5,2,26629
2016,4,5,3,34868
2016,4,5,4,46431
2016,4,5,5,28534
2016,4,5,6,37265
2016,4,8,1,2166
2016,4,8,2,1272
2016,4,8,3,3444
2016,4,8,4,6853
2016,4,8,5,5202
2016,4,8,6,3661
2016,4,9,1,7695
2016,4,9,2,14360
2016,4,9,3,6502
2016,4,9,4,9678
2016,4,9,5,5336
2016,4,9,6,5824
2016,4,10,1,3515
2016,4,10,2,1869
2016,4,10,3,7213
2016,4,10,4,18883
2016,4,10,5,8218
2016,4,10,6,6035
2016,4,11,1,26049
2016,4,11,2,13496
2016,4,11,3,29475
2016,4,11,4,38749
2016,4,11,5,24690
2016,4,11,6,32616
2016,4,12,1,577
2016,4,12,2,311
2016,4,12,3,1021
2016,4,12,4,5944
2016,4,12,5,2702
2016,4,12,6,1116
2016,6,0,1,913030
2016,6,0,2,659830
2016,6,0,3,1206900
2016,6,0,4,2105100
2016,6,0,5,1107080
2016,6,0,6,1191760
2016,6,1,1,23465
2016,6,1,2,19681
2016,6,1,3,23058
2016,6,1,4,21859
2016,6,1,5,18255
2016,6,1,6,24649
2016,6,2,1,19907
2016,6,2,2,13638
2016,6,2,3,93915
2016,6,2,4,345946
2016,6,2,5,70311
2016,6,2,6,44397
2016,6,3,1,13522
2016,6,3,2,10415
2016,6,3,3,28259
2016,6,3,4,141290
2016,6,3,5,69834
2016,6,3,6,22632
2016,6,4,1,3357
2016,6,4,2,1612
2016,6,4,3,5741
2016,6,4,4,18709
2016,6,4,5,16014
2016,6,4,6,7390
2016,6,5,1,820196
2016,6,5,2,594640
2016,6,5,3,1001276
2016,6,5,4,1465830
2016,6,5,5,853648
2016,6,5,6,1039435
2016,6,8,1,32583
2016,6,8,2,19844
2016,6,8,3,54651
2016,6,8,4,111466
2016,6,8,5,79018
2016,6,8,6,53257
2016,6,9,1,127864
2016,6,9,2,233346
2016,6,9,3,127597
2016,6,9,4,209305
2016,6,9,5,106483
2016,6,9,6,101680
2016,6,10,1,67227
2016,6,10,2,38098
2016,6,10,3,160463
2016,6,10,4,467924
2016,6,10,5,163370
2016,6,10,6,114109
2016,6,11,1,706682
2016,6,11,2,381133
2016,6,11,3,893546
2016,6,11,4,1294863
2016,6,11,5,773099
2016,6,11,6,955683
2016,6,12,1,11257
2016,6,12,2,7253
2016,6,12,3,25294
2016,6,12,4,133008
2016,6,12,5,64128
2016,6,12,6,20288
2015,0,0,1,212587
2015,0,0,2,181728
2015,0,0,3,261502
2015,0,0,4,432480
2015,0,0,5,254501
2015,0,0,6,259939
2015,0,1,1,7243
2015,0,1,2,6777
2015,0,1,3,6660
2015,0,1,4,5559
2015,0,1,5,5190
2015,0,1,6,6921
2015,0,2,1,3831
2015,0,2,2,3075
2015,0,2,3,19262
2015,0,2,4,67837
2015,0,2,5,13221
2015,0,2,6,9362
2015,0,3,1,3789
2015,0,3,2,3003
2015,0,3,3,7408
2015,0,3,4,36889
2015,0,3,5,17640
2015,0,3,6,6070
2015,0,4,1,1099
2015,0,4,2,510
2015,0,4,3,1534
2015,0,4,4,5581
2015,0,4,5,4856
2015,0,4,6,2162
2015,0,5,1,182024
2015,0,5,2,159436
2015,0,5,3,201470
2015,0,5,4,267242
2015,0,5,5,174341
2015,0,5,6,211042
2015,0,8,1,14572
2015,0,8,2,8909
2015,0,8,3,25154
2015,0,8,4,49370
2015,0,8,5,39248
2015,0,8,6,24355
2015,0,9,1,49973
2015,0,9,2,94758
2015,0,9,3,47043
2015,0,9,4,67932
2015,0,9,5,40182
2015,0,9,6,39134
2015,0,10,1,21428
2015,0,10,2,11897
2015,0,10,3,45419
2015,0,10,4,116870
2015,0,10,5,53084
2015,0,10,6,35860
2015,0,11,1,138244
2015,0,11,2,73442
2015,0,11,3,162771
2015,0,11,4,213721
2015,0,11,5,145772
2015,0,11,6,179818
2015,0,12,1,2921
2015,0,12,2,1621
2015,0,12,3,6261
2015,0,12,4,33955
2015,0,12,5,15460
2015,0,12,6,5112
2015,1,0,1,56911
2015,1,0,2,50632
2015,1,0,3,70787
2015,1,0,4,122637
2015,1,0,5,72783
2015,1,0,6,66575
2015,1,1,1,2125
2015,1,1,2,1886
2015,1,1,3,1787
2015,1,1,4,1511
2015,1,1,5,1442
2015,1,1,6,1847
2015,1,2,1,958
2015,1,2,2,768
2015,1,2,3,5156
2015,1,2,4,19624
2015,1,2,5,3160
2015,1,2,6,2101
2015,1,3,1,1006
2015,1,3,2,876
2015,1,3,3,2219
2015,1,3,4,10520
2015,1,3,5,5029
2015,1,3,6,1363
2015,1,4,1,316
2015,1,4,2,122
2015,1,4,3,410
2015,1,4,4,1584
2015,1,4,5,1462
2015,1,4,6,525
2015,1,5,1,47937
2015,1,5,2,44246
2015,1,5,3,53116
2015,1,5,4,72954
2015,1,5,5,48878
2015,1,5,6,53427
2015,1,8,1,4542
2015,1,8,2,2715
2015,1,8,3,8087
2015,1,8,4,16442
2015,1,8,5,12806
2015,1,8,6,7284
2015,1,9,1,15020
2015,1,9,2,28480
2015,1,9,3,14693
2015,1,9,4,21842
2015,1,9,5,13360
2015,1,9,6,11806
2015,1,10,1,6228
2015,1,10,2,3246
2015,1,10,3,13073
2015,1,10,4,35299
2015,1,10,5,15544
2015,1,10,6,9541
2015,1,11,1,34910
2015,1,11,2,18474
2015,1,11,3,41190
2015,1,11,4,55949
2015,1,11,5,39599
2015,1,11,6,44126
2015,1,12,1,736
2015,1,12,2,422
2015,1,12,3,1822
2015,1,12,4,9546
2015,1,12,5,4276
2015,1,12,6,1081
2015,2,0,1,59595
2015,2,0,2,52370
2015,2,0,3,73714
2015,2,0,4,122982
2015,2,0,5,71799
2015,2,0,6,72709
2015,2,1,1,2028
2015,2,1,2,2085
2015,2,1,3,1825
2015,2,1,4,1504
2015,2,1,5,1507
2015,2,1,6,1899
2015,2,2,1,1112
2015,2,2,2,924
2015,2,2,3,5601
2015,2,2,4,19888
2015,2,2,5,3904
2015,2,2,6,2687
2015,2,3,1,1080
2015,2,3,2,826
2015,2,3,3,2091
2015,2,3,4,10373
2015,2,3,5,4788
2015,2,3,6,1617
2015,2,4,1,299
2015,2,4,2,141
2015,2,4,3,455
2015,2,4,4,1517
2015,2,4,5,1329
2015,2,4,6,589
2015,2,5,1,50871
2015,2,5,2,45712
2015,2,5,3,56399
2015,2,5,4,75419
2015,2,5,5,48932
2015,2,5,6,59068
2015,2,8,1,4174
2015,2,8,2,2665
2015,2,8,3,7331
2015,2,8,4,14279
2015,2,8,5,11334
2015,2,8,6,6824
2015,2,9,1,14554
2015,2,9,2,27705
2015,2,9,3,14127
2015,2,9,4,19872
2015,2,9,5,11746
2015,2,9,6,11478
2015,2,10,1,6116
2015,2,10,2,3646
2015,2,10,3,13086
2015,2,10,4,33842
2015,2,10,5,15396
2015,2,10,6,10019
2015,2,11,1,38085
2015,2,11,2,20563
2015,2,11,3,44755
2015,2,11,4,59719
2015,2,11,5,40466
2015,2,11,6,49856
2015,2,12,1,821
2015,2,12,2,446
2015,2,12,3,1737
2015,2,12,4,9547
2015,2,12,5,4187
2015,2,12,6,1344
2015,3,0,1,58471
2015,3,0,2,49127
2015,3,0,3,73044
2015,3,0,4,115220
2015,3,0,5,69267
2015,3,0,6,75325
2015,3,1,1,1913
2015,3,1,2,1861
2015,3,1,3,1900
2015,3,1,4,1487
2015,3,1,5,1390
2015,3,1,6,2007
2015,3,2,1,981
2015,3,2,2,829
2015,3,2,3,5306
2015,3,2,4,17317
2015,3,2,5,3712
2015,3,2,6,2824
2015,3,3,1,999
2015,3,3,2,792
2015,3,3,3,1983
2015,3,3,4,9809
2015,3,3,5,4867
2015,3,3,6,1852
2015,3,4,1,313
2015,3,4,2,149
2015,3,4,3,394
2015,3,4,4,1504
2015,3,4,5,1263
2015,3,4,6,647
2015,3,5,1,50511
2015,3,5,2,43187
2015,3,5,3,57070
2015,3,5,4,73097
2015,3,5,5,47985
2015,3,5,6,61320
2015,3,8,1,3726
2015,3,8,2,2295
2015,3,8,3,6378
2015,3,8,4,12003
2015,3,8,5,10046
2015,3,8,6,6653
2015,3,9,1,12936
2015,3,9,2,24693
2015,3,9,3,11938
2015,3,9,4,16851
2015,3,9,5,9915
2015,3,9,6,10255
2015,3,10,1,5621
2015,3,10,2,3174
2015,3,10,3,12235
2015,3,10,4,29579
2015,3,10,5,14135
2015,3,10,6,10387
2015,3,11,1,39111
2015,3,11,2,20806
2015,3,11,3,47149
2015,3,11,4,59721
2015,3,11,5,40877
2015,3,11,6,53057
2015,3,12,1,783
2015,3,12,2,442
2015,3,12,3,1711
2015,3,12,4,9068
2015,3,12,5,4338
2015,3,12,6,1611
2015,4,0,1,37588
2015,4,0,2,29589
2015,4,0,3,43953
2015,4,0,4,71640
2015,4,0,5,40650
2015,4,0,6,45315
2015,4,1,1,1158
2015,4,1,2,931
2015,4,1,3,1142
2015,4,1,4,1055
2015,4,1,5,848
2015,4,1,6,1154
2015,4,2,1,760
2015,4,2,2,544
2015,4,2,3,3191
2015,4,2,4,11006
2015,4,2,5,2443
2015,4,2,6,1735
2015,4,3,1,685
2015,4,3,2,501
2015,4,3,3,1108
2015,4,3,4,6187
2015,4,3,5,2953
2015,4,3,6,1220
2015,4,4,1,158
2015,4,4,2,89
2015,4,4,3,267
2015,4,4,4,975
2015,4,4,5,798
2015,4,4,6,388
2015,4,5,1,32684
2015,4,5,2,26279
2015,4,5,3,34879
2015,4,5,4,45770
2015,4,5,5,28542
2015,4,5,6,37211
2015,4,8,1,2109
2015,4,8,2,1225
2015,4,8,3,3353
2015,4,8,4,6644
2015,4,8,5,5059
2015,4,8,6,3583
2015,4,9,1,7446
2015,4,9,2,13871
2015,4,9,3,6278
2015,4,9,4,9366
2015,4,9,5,5158
2015,4,9,6,5583
2015,4,10,1,3441
2015,4,10,2,1820
2015,4,10,3,7017
2015,4,10,4,18148
2015,4,10,5,8006
2015,4,10,6,5894
2015,4,11,1,26118
2015,4,11,2,13586
2015,4,11,3,29669
2015,4,11,4,38331
2015,4,11,5,24828
2015,4,11,6,32761
2015,4,12,1,561
2015,4,12,2,300
2015,4,12,3,983
2015,4,12,4,5793
2015,4,12,5,2655
2015,4,12,6,1061
2015,6,0,1,905750
2015,6,0,2,654120
2015,6,0,3,1184790
2015,6,0,4,2052799
2015,6,0,5,1088320
2015,6,0,6,1175630
2015,6,1,1,23228
2015,6,1,2,19518
2015,6,1,3,22639
2015,6,1,4,21464
2015,6,1,5,17935
2015,6,1,6,24324
2015,6,2,1,19225
2015,6,2,2,13218
2015,6,2,3,89453
2015,6,2,4,328015
2015,6,2,5,67620
2015,6,2,6,42619
2015,6,3,1,13134
2015,6,3,2,10164
2015,6,3,3,26976
2015,6,3,4,136670
2015,6,3,5,67873
2015,6,3,6,21811
2015,6,4,1,3162
2015,6,4,2,1542
2015,6,4,3,5430
2015,6,4,4,17837
2015,6,4,5,15328
2015,6,4,6,7035
2015,6,5,1,815261
2015,6,5,2,590405
2015,6,5,3,987566
2015,6,5,4,1441678
2015,6,5,5,843154
2015,6,5,6,1028261
2015,6,8,1,31702
2015,6,8,2,19251
2015,6,8,3,52713
2015,6,8,4,107133
2015,6,8,5,76405
2015,6,8,6,51545
2015,6,9,1,124262
2015,6,9,2,227793
2015,6,9,3,122705
2015,6,9,4,200724
2015,6,9,5,102222
2015,6,9,6,97532
2015,6,10,1,65650
2015,6,10,2,37444
2015,6,10,3,154022
2015,6,10,4,445614
2015,6,10,5,157807
2015,6,10,6,110578
2015,6,11,1,704874
2015,6,11,2,381773
2015,6,11,3,883914
2015,6,11,4,1277707
2015,6,11,5,765847
2015,6,11,6,947912
2015,6,12,1,10939
2015,6,12,2,7093
2015,6,12,3,24139
2015,6,12,4,128752
2015,6,12,5,62441
2015,6,12,6,19587
2014,0,0,1,211505
2014,0,0,2,180174
2014,0,0,3,258945
2014,0,0,4,426424
2014,0,0,5,252255
2014,0,0,6,259077
2014,0,1,1,7171
2014,0,1,2,6715
2014,0,1,3,6584
2014,0,1,4,5510
2014,0,1,5,5130
2014,0,1,6,6859
2014,0,2,1,3718
2014,0,2,2,3010
2014,0,2,3,18649
2014,0,2,4,65722
2014,0,2,5,12921
2014,0,2,6,9110
2014,0,3,1,3701
2014,0,3,2,2956
2014,0,3,3,7176
2014,0,3,4,36269
2014,0,3,5,17345
2014,0,3,6,5955
2014,0,4,1,1054
2014,0,4,2,496
2014,0,4,3,1468
2014,0,4,4,5402
2014,0,4,5,4698
2014,0,4,6,2075
2014,0,5,1,181694
2014,0,5,2,158360
2014,0,5,3,200851
2014,0,5,4,265610
2014,0,5,5,174173
2014,0,5,6,211473
2014,0,8,1,14137
2014,0,8,2,8620
2014,0,8,3,24204
2014,0,8,4,47909
2014,0,8,5,37985
2014,0,8,6,23582
2014,0,9,1,48587
2014,0,9,2,92343
2014,0,9,3,45365
2014,0,9,4,66022
2014,0,9,5,38781
2014,0,9,6,37747
2014,0,10,1,20953
2014,0,10,2,11716
2014,0,10,3,43986
2014,0,10,4,113374
2014,0,10,5,51632
2014,0,10,6,34951
2014,0,11,1,139086
2014,0,11,2,74480
2014,0,11,3,163505
2014,0,11,4,213599
2014,0,11,5,146616
2014,0,11,6,181329
2014,0,12,1,2860
2014,0,12,2,1625
2014,0,12,3,6080
2014,0,12,4,33428
2014,0,12,5,15223
2014,0,12,6,5032
2014,1,0,1,56885
2014,1,0,2,50121
2014,1,0,3,70071
2014,1,0,4,121473
2014,1,0,5,71824
2014,1,0,6,66454
2014,1,1,1,2124
2014,1,1,2,1867
2014,1,1,3,1770
2014,1,1,4,1507
2014,1,1,5,1421
2014,1,1,6,1836
2014,1,2,1,936
2014,1,2,2,755
2014,1,2,3,4993
2014,1,2,4,19117
2014,1,2,5,3078
2014,1,2,6,2049
2014,1,3,1,990
2014,1,3,2,864
2014,1,3,3,2144
2014,1,3,4,10397
2014,1,3,5,4915
2014,1,3,6,1343
2014,1,4,1,302
2014,1,4,2,120
2014,1,4,3,393
2014,1,4,4,1547
2014,1,4,5,1408
2014,1,4,6,504
2014,1,5,1,48077
2014,1,5,2,43878
2014,1,5,3,52973
2014,1,5,4,72869
2014,1,5,5,48637
2014,1,5,6,53627
2014,1,8,1,4424
2014,1,8,2,2622
2014,1,8,3,7785
2014,1,8,4,16034
2014,1,8,5,12358
2014,1,8,6,7069
2014,1,9,1,14758
2014,1,9,2,27733
2014,1,9,3,14241
2014,1,9,4,21351
2014,1,9,5,12866
2014,1,9,6,11429
2014,1,10,1,6116
2014,1,10,2,3197
2014,1,10,3,12661
2014,1,10,4,34426
2014,1,10,5,15065
2014,1,10,6,9328
2014,1,11,1,35266
2014,1,11,2,18758
2014,1,11,3,41394
2014,1,11,4,56240
2014,1,11,5,39705
2014,1,11,6,44613
2014,1,12,1,725
2014,1,12,2,424
2014,1,12,3,1767
2014,1,12,4,9454
2014,1,12,5,4185
2014,1,12,6,1067
2014,2,0,1,59108
2014,2,0,2,51859
2014,2,0,3,72604
2014,2,0,4,120908
2014,2,0,5,70915
2014,2,0,6,72317
2014,2,1,1,2011
2014,2,1,2,2064
2014,2,1,3,1795
2014,2,1,4,1487
2014,2,1,5,1484
2014,2,1,6,1874
2014,2,2,1,1077
2014,2,2,2,900
2014,2,2,3,5383
2014,2,2,4,19232
2014,2,2,5,3807
2014,2,2,6,2610
2014,2,3,1,1046
2014,2,3,2,818
2014,2,3,3,2017
2014,2,3,4,10179
2014,2,3,5,4691
2014,2,3,6,1577
2014,2,4,1,287
2014,2,4,2,137
2014,2,4,3,433
2014,2,4,4,1463
2014,2,4,5,1282
2014,2,4,6,564
2014,2,5,1,50621
2014,2,5,2,45343
2014,2,5,3,55941
2014,2,5,4,74726
2014,2,5,5,48705
2014,2,5,6,59074
2014,2,8,1,4037
2014,2,8,2,2581
2014,2,8,3,7022
2014,2,8,4,13819
2014,2,8,5,10940
2014,2,8,6,6589
2014,2,9,1,14108
2014,2,9,2,26970
2014,2,9,3,13543
2014,2,9,4,19263
2014,2,9,5,11304
2014,2,9,6,11043
2014,2,10,1,5965
2014,2,10,2,3590
2014,2,10,3,12600
2014,2,10,4,32755
2014,2,10,5,14936
2014,2,10,6,9740
2014,2,11,1,38221
2014,2,11,2,20838
2014,2,11,3,44774
2014,2,11,4,59510
2014,2,11,5,40563
2014,2,11,6,50199
2014,2,12,1,799
2014,2,12,2,451
2014,2,12,3,1680
2014,2,12,4,9378
2014,2,12,5,4109
2014,2,12,6,1315
2014,3,0,1,58258
2014,3,0,2,48941
2014,3,0,3,72580
2014,3,0,4,113770
2014,3,0,5,69145
2014,3,0,6,75196
2014,3,1,1,1889
2014,3,1,2,1850
2014,3,1,3,1881
2014,3,1,4,1475
2014,3,1,5,1384
2014,3,1,6,1991
2014,3,2,1,952
2014,3,2,2,814
2014,3,2,3,5159
2014,3,2,4,16779
2014,3,2,5,3652
2014,3,2,6,2749
2014,3,3,1,977
2014,3,3,2,778
2014,3,3,3,1927
2014,3,3,4,9650
2014,3,3,5,4827
2014,3,3,6,1819
2014,3,4,1,300
2014,3,4,2,147
2014,3,4,3,379
2014,3,4,4,1455
2014,3,4,5,1229
2014,3,4,6,620
2014,3,5,1,50491
2014,3,5,2,43110
2014,3,5,3,57065
2014,3,5,4,72764
2014,3,5,5,48263
2014,3,5,6,61538
2014,3,8,1,3619
2014,3,8,2,2227
2014,3,8,3,6155
2014,3,8,4,11645
2014,3,8,5,9785
2014,3,8,6,6448
2014,3,9,1,12545
2014,3,9,2,24174
2014,3,9,3,11524
2014,3,9,4,16376
2014,3,9,5,9631
2014,3,9,6,9896
2014,3,10,1,5505
2014,3,10,2,3136
2014,3,10,3,11895
2014,3,10,4,28693
2014,3,10,5,13843
2014,3,10,6,10134
2014,3,11,1,39422
2014,3,11,2,21175
2014,3,11,3,47487
2014,3,11,4,59767
2014,3,11,5,41361
2014,3,11,6,53562
2014,3,12,1,771
2014,3,12,2,446
2014,3,12,3,1667
2014,3,12,4,8932
2014,3,12,5,4307
2014,3,12,6,1585
2014,4,0,1,37232
2014,4,0,2,29244
2014,4,0,3,43683
2014,4,0,4,70272
2014,4,0,5,40369
2014,4,0,6,45094
2014,4,1,1,1131
2014,4,1,2,925
2014,4,1,3,1129
2014,4,1,4,1040
2014,4,1,5,836
2014,4,1,6,1140
2014,4,2,1,732
2014,4,2,2,531
2014,4,2,3,3107
2014,4,2,4,10592
2014,4,2,5,2380
2014,4,2,6,1686
2014,4,3,1,666
2014,4,3,2,488
2014,4,3,3,1079
2014,4,3,4,6042
2014,4,3,5,2910
2014,4,3,6,1197
2014,4,4,1,153
2014,4,4,2,85
2014,4,4,3,258
2014,4,4,4,937
2014,4,4,5,774
2014,4,4,6,369
2014,4,5,1,32483
2014,4,5,2,26019
2014,4,5,3,34866
2014,4,5,4,45249
2014,4,5,5,28565
2014,4,5,6,37218
2014,4,8,1,2038
2014,4,8,2,1180
2014,4,8,3,3233
2014,4,8,4,6409
2014,4,8,5,4898
2014,4,8,6,3457
2014,4,9,1,7154
2014,4,9,2,13458
2014,4,9,3,6050
2014,4,9,4,9030
2014,4,9,5,4978
2014,4,9,6,5362
2014,4,10,1,3348
2014,4,10,2,1782
2014,4,10,3,6823
2014,4,10,4,17498
2014,4,10,5,7785
2014,4,10,6,5732
2014,4,11,1,26162
2014,4,11,2,13699
2014,4,11,3,29845
2014,4,11,4,38080
2014,4,11,5,24983
2014,4,11,6,32940
2014,4,12,1,547
2014,4,12,2,294
2014,4,12,3,959
2014,4,12,4,5663
2014,4,12,5,2619
2014,4,12,6,1045
2014,6,0,1,898660
2014,6,0,2,649080
2014,6,0,3,1164200
2014,6,0,4,2017250
2014,6,0,5,1077200
2014,6,0,6,1161780
2014,6,1,1,22999
2014,6,1,2,19423
2014,6,1,3,22240
2014,6,1,4,21157
2014,6,1,5,17736
2014,6,1,6,24019
2014,6,2,1,18566
2014,6,2,2,12853
2014,6,2,3,85498
2014,6,2,4,315446
2014,6,2,5,65582
2014,6,2,6,40983
2014,6,3,1,12833
2014,6,3,2,10017
2014,6,3,3,26057
2014,6,3,4,133599
2014,6,3,5,66649
2014,6,3,6,21272
2014,6,4,1,3033
2014,6,4,2,1499
2014,6,4,3,5158
2014,6,4,4,17181
2014,6,4,5,14801
2014,6,4,6,6695
2014,6,5,1,810554
2014,6,5,2,586609
2014,6,5,3,974727
2014,6,5,4,1426564
2014,6,5,5,838457
2014,6,5,6,1019143
2014,6,8,1,30675
2014,6,8,2,18679
2014,6,8,3,50520
2014,6,8,4,103303
2014,6,8,5,73975
2014,6,8,6,49668
2014,6,9,1,120787
2014,6,9,2,222522
2014,6,9,3,117802
2014,6,9,4,193898
2014,6,9,5,98651
2014,6,9,6,93578
2014,6,10,1,63987
2014,6,10,2,36807
2014,6,10,3,147867
2014,6,10,4,429218
2014,6,10,5,153266
2014,6,10,6,107010
2014,6,11,1,703186
2014,6,11,2,382711
2014,6,11,3,875181
2014,6,11,4,1268177
2014,6,11,5,763925
2014,6,11,6,942051
2014,6,12,1,10700
2014,6,12,2,7040
2014,6,12,3,23350
2014,6,12,4,125957
2014,6,12,5,61358
2014,6,12,6,19141
2013,0,0,1,210258
2013,0,0,2,177985
2013,0,0,3,258011
2013,0,0,4,420854
2013,0,0,5,251030
2013,0,0,6,259057
2013,0,1,1,7082
2013,0,1,2,6601
2013,0,1,3,6511
2013,0,1,4,5421
2013,0,1,5,5079
2013,0,1,6,6772
2013,0,2,1,3580
2013,0,2,2,2919
2013,0,2,3,18105
2013,0,2,4,63648
2013,0,2,5,12665
2013,0,2,6,8872
2013,0,3,1,3585
2013,0,3,2,2874
2013,0,3,3,6999
2013,0,3,4,35565
2013,0,3,5,17079
2013,0,3,6,5813
2013,0,4,1,1000
2013,0,4,2,469
2013,0,4,3,1424
2013,0,4,4,5206
2013,0,4,5,4538
2013,0,4,6,1988
2013,0,5,1,181352
2013,0,5,2,156862
2013,0,5,3,201592
2013,0,5,4,264706
2013,0,5,5,174922
2013,0,5,6,212768
2013,0,8,1,13628
2013,0,8,2,8243
2013,0,8,3,23369
2013,0,8,4,46306
2013,0,8,5,36741
2013,0,8,6,22816
2013,0,9,1,47294
2013,0,9,2,89767
2013,0,9,3,44029
2013,0,9,4,64263
2013,0,9,5,37662
2013,0,9,6,36596
2013,0,10,1,20412
2013,0,10,2,11480
2013,0,10,3,42797
2013,0,10,4,109887
2013,0,10,5,50290
2013,0,10,6,34087
2013,0,11,1,139753
2013,0,11,2,75130
2013,0,11,3,165234
2013,0,11,4,213893
2013,0,11,5,148059
2013,0,11,6,183429
2013,0,12,1,2781
2013,0,12,2,1596
2013,0,12,3,5946
2013,0,12,4,32810
2013,0,12,5,15016
2013,0,12,6,4927
2013,1,0,1,56952
2013,1,0,2,50177
2013,1,0,3,69667
2013,1,0,4,120524
2013,1,0,5,71304
2013,1,0,6,66773
2013,1,1,1,2114
2013,1,1,2,1862
2013,1,1,3,1754
2013,1,1,4,1488
2013,1,1,5,1404
2013,1,1,6,1817
2013,1,2,1,909
2013,1,2,2,746
2013,1,2,3,4843
2013,1,2,4,18615
2013,1,2,5,3012
2013,1,2,6,2007
2013,1,3,1,967
2013,1,3,2,853
2013,1,3,3,2087
2013,1,3,4,10259
2013,1,3,5,4828
2013,1,3,6,1318
2013,1,4,1,284
2013,1,4,2,114
2013,1,4,3,383
2013,1,4,4,1500
2013,1,4,5,1361
2013,1,4,6,486
2013,1,5,1,48353
2013,1,5,2,44047
2013,1,5,3,53075
2013,1,5,4,73066
2013,1,5,5,48748
2013,1,5,6,54244
2013,1,8,1,4293
2013,1,8,2,2542
2013,1,8,3,7515
2013,1,8,4,15594
2013,1,8,5,11945
2013,1,8,6,6874
2013,1,9,1,14558
2013,1,9,2,27355
2013,1,9,3,13870
2013,1,9,4,20925
2013,1,9,5,12480
2013,1,9,6,11156
2013,1,10,1,5997
2013,1,10,2,3183
2013,1,10,3,12311
2013,1,10,4,33552
2013,1,10,5,14657
2013,1,10,6,9141
2013,1,11,1,35669
2013,1,11,2,19207
2013,1,11,3,41757
2013,1,11,4,56706
2013,1,11,5,40047
2013,1,11,6,45408
2013,1,12,1,711
2013,1,12,2,424
2013,1,12,3,1722
2013,1,12,4,9339
2013,1,12,5,4117
2013,1,12,6,1054
2013,2,0,1,58366
2013,2,0,2,50992
2013,2,0,3,71810
2013,2,0,4,118419
2013,2,0,5,70083
2013,2,0,6,71811
2013,2,1,1,1969
2013,2,1,2,2016
2013,2,1,3,1762
2013,2,1,4,1454
2013,2,1,5,1457
2013,2,1,6,1836
2013,2,2,1,1032
2013,2,2,2,871
2013,2,2,3,5177
2013,2,2,4,18482
2013,2,2,5,3711
2013,2,2,6,2529
2013,2,3,1,1007
2013,2,3,2,793
2013,2,3,3,1959
2013,2,3,4,9916
2013,2,3,5,4592
2013,2,3,6,1531
2013,2,4,1,271
2013,2,4,2,130
2013,2,4,3,416
2013,2,4,4,1399
2013,2,4,5,1233
2013,2,4,6,538
2013,2,5,1,50189
2013,2,5,2,44709
2013,2,5,3,55746
2013,2,5,4,73909
2013,2,5,5,48559
2013,2,5,6,59023
2013,2,8,1,3869
2013,2,8,2,2457
2013,2,8,3,6739
2013,2,8,4,13258
2013,2,8,5,10525
2013,2,8,6,6331
2013,2,9,1,13628
2013,2,9,2,26082
2013,2,9,3,13044
2013,2,9,4,18608
2013,2,9,5,10907
2013,2,9,6,10635
2013,2,10,1,5775
2013,2,10,2,3504
2013,2,10,3,12161
2013,2,10,4,31510
2013,2,10,5,14464
2013,2,10,6,9435
2013,2,11,1,38170
2013,2,11,2,20951
2013,2,11,3,44962
2013,2,11,4,59155
2013,2,11,5,40678
2013,2,11,6,50443
2013,2,12,1,771
2013,2,12,2,442
2013,2,12,3,1636
2013,2,12,4,9145
2013,2,12,5,4031
2013,2,12,6,1279
2013,3,0,1,58128
2013,3,0,2,48441
2013,3,0,3,72568
2013,3,0,4,112496
2013,3,0,5,69312
2013,3,0,6,75278
2013,3,1,1,1871
2013,3,1,2,1818
2013,3,1,3,1863
2013,3,1,4,1454
2013,3,1,5,1382
2013,3,1,6,1968
2013,3,2,1,923
2013,3,2,2,790
2013,3,2,3,5022
2013,3,2,4,16284
2013,3,2,5,3605
2013,3,2,6,2683
2013,3,3,1,949
2013,3,3,2,754
2013,3,3,3,1885
2013,3,3,4,9470
2013,3,3,5,4790
2013,3,3,6,1782
2013,3,4,1,287
2013,3,4,2,138
2013,3,4,3,367
2013,3,4,4,1403
2013,3,4,5,1194
2013,3,4,6,598
2013,3,5,1,50575
2013,3,5,2,42796
2013,3,5,3,57461
2013,3,5,4,72624
2013,3,5,5,48811
2013,3,5,6,61974
2013,3,8,1,3493
2013,3,8,2,2130
2013,3,8,3,5957
2013,3,8,4,11257
2013,3,8,5,9526
2013,3,8,6,6248
2013,3,9,1,12202
2013,3,9,2,23471
2013,3,9,3,11201
2013,3,9,4,15949
2013,3,9,5,9422
2013,3,9,6,9586
2013,3,10,1,5375
2013,3,10,2,3079
2013,3,10,3,11605
2013,3,10,4,27851
2013,3,10,5,13570
2013,3,10,6,9896
2013,3,11,1,39778
2013,3,11,2,21444
2013,3,11,3,48119
2013,3,11,4,59922
2013,3,11,5,42033
2013,3,11,6,54220
2013,3,12,1,752
2013,3,12,2,439
2013,3,12,3,1635
2013,3,12,4,8773
2013,3,12,5,4283
2013,3,12,6,1559
2013,4,0,1,36795
2013,4,0,2,28366
2013,4,0,3,43958
2013,4,0,4,69414
2013,4,0,5,40329
2013,4,0,6,45176
2013,4,1,1,1111
2013,4,1,2,897
2013,4,1,3,1125
2013,4,1,4,1024
2013,4,1,5,833
2013,4,1,6,1135
2013,4,2,1,697
2013,4,2,2,502
2013,4,2,3,3055
2013,4,2,4,10266
2013,4,2,5,2333
2013,4,2,6,1635
2013,4,3,1,644
2013,4,3,2,464
2013,4,3,3,1063
2013,4,3,4,5918
2013,4,3,5,2866
2013,4,3,6,1165
2013,4,4,1,146
2013,4,4,2,78
2013,4,4,3,250
2013,4,4,4,902
2013,4,4,5,747
2013,4,4,6,354
2013,4,5,1,32213
2013,4,5,2,25301
2013,4,5,3,35304
2013,4,5,4,45105
2013,4,5,5,28801
2013,4,5,6,37508
2013,4,8,1,1955
2013,4,8,2,1106
2013,4,8,3,3149
2013,4,8,4,6197
2013,4,8,5,4743
2013,4,8,6,3347
2013,4,9,1,6885
2013,4,9,2,12851
2013,4,9,3,5906
2013,4,9,4,8780
2013,4,9,5,4850
2013,4,9,6,5199
2013,4,10,1,3243
2013,4,10,2,1701
2013,4,10,3,6711
2013,4,10,4,16972
2013,4,10,5,7595
2013,4,10,6,5598
2013,4,11,1,26115
2013,4,11,2,13520
2013,4,11,3,30387
2013,4,11,4,38109
2013,4,11,5,25298
2013,4,11,6,33343
2013,4,12,1,532
2013,4,12,2,281
2013,4,12,3,945
2013,4,12,4,5552
2013,4,12,5,2584
2013,4,12,6,1019
2013,6,0,1,890705
2013,6,0,2,641650
2013,6,0,3,1150600
2013,6,0,4,1981900
2013,6,0,5,1068500
2013,6,0,6,1149045
2013,6,1,1,22636
2013,6,1,2,19108
2013,6,1,3,21867
2013,6,1,4,20662
2013,6,1,5,17522
2013,6,1,6,23577
2013,6,2,1,17868
2013,6,2,2,12399
2013,6,2,3,82035
2013,6,2,4,302776
2013,6,2,5,63744
2013,6,2,6,39383
2013,6,3,1,12435
2013,6,3,2,9723
2013,6,3,3,25232
2013,6,3,4,129887
2013,6,3,5,65353
2013,6,3,6,20601
2013,6,4,1,2896
2013,6,4,2,1426
2013,6,4,3,4963
2013,6,4,4,16398
2013,6,4,5,14264
2013,6,4,6,6368
2013,6,5,1,805356
2013,6,5,2,581095
2013,6,5,3,967934
2013,6,5,4,1413067
2013,6,5,5,836073
2013,6,5,6,1011371
2013,6,8,1,29514
2013,6,8,2,17899
2013,6,8,3,48569
2013,6,8,4,99110
2013,6,8,5,71544
2013,6,8,6,47745
2013,6,9,1,117272
2013,6,9,2,216406
2013,6,9,3,113841
2013,6,9,4,187036
2013,6,9,5,95756
2013,6,9,6,90060
2013,6,10,1,62192
2013,6,10,2,35968
2013,6,10,3,142633
2013,6,10,4,412497
2013,6,10,5,149005
2013,6,10,6,103474
2013,6,11,1,700847
2013,6,11,2,382417
2013,6,11,3,871493
2013,6,11,4,1259818
2013,6,11,5,763528
2013,6,11,6,936943
2013,6,12,1,10394
2013,6,12,2,6859
2013,6,12,3,22633
2013,6,12,4,122549
2013,6,12,5,60211
2013,6,12,6,18568
2012,0,0,1,209526
2012,0,0,2,175830
2012,0,0,3,258527
2012,0,0,4,417335
2012,0,0,5,251310
2012,0,0,6,260067
2012,0,1,1,7045
2012,0,1,2,6522
2012,0,1,3,6497
2012,0,1,4,5373
2012,0,1,5,5080
2012,0,1,6,6749
2012,0,2,1,3479
2012,0,2,2,2838
2012,0,2,3,17845
2012,0,2,4,62380
2012,0,2,5,12604
2012,0,2,6,8763
2012,0,3,1,3515
2012,0,3,2,2798
2012,0,3,3,6931
2012,0,3,4,35124
2012,0,3,5,16889
2012,0,3,6,5758
2012,0,4,1,954
2012,0,4,2,458
2012,0,4,3,1392
2012,0,4,4,5063
2012,0,4,5,4465
2012,0,4,6,1942
2012,0,5,1,181343
2012,0,5,2,155332
2012,0,5,3,203269
2012,0,5,4,264762
2012,0,5,5,176624
2012,0,5,6,214753
2012,0,8,1,13163
2012,0,8,2,7864
2012,0,8,3,22576
2012,0,8,4,44630
2012,0,8,5,35644
2012,0,8,6,22073
2012,0,9,1,46142
2012,0,9,2,87329
2012,0,9,3,42963
2012,0,9,4,62516
2012,0,9,5,36702
2012,0,9,6,35698
2012,0,10,1,19963
2012,0,10,2,11281
2012,0,10,3,41953
2012,0,10,4,107171
2012,0,10,5,49360
2012,0,10,6,33417
2012,0,11,1,140668
2012,0,11,2,75637
2012,0,11,3,167701
2012,0,11,4,215226
2012,0,11,5,150375
2012,0,11,6,186042
2012,0,12,1,2737
2012,0,12,2,1575
2012,0,12,3,5902
2012,0,12,4,32420
2012,0,12,5,14871
2012,0,12,6,4891
2012,1,0,1,57201
2012,1,0,2,50378
2012,1,0,3,70038
2012,1,0,4,120257
2012,1,0,5,71297
2012,1,0,6,67521
2012,1,1,1,2125
2012,1,1,2,1871
2012,1,1,3,1759
2012,1,1,4,1482
2012,1,1,5,1406
2012,1,1,6,1826
2012,1,2,1,888
2012,1,2,2,738
2012,1,2,3,4791
2012,1,2,4,18375
2012,1,2,5,3001
2012,1,2,6,1997
2012,1,3,1,962
2012,1,3,2,849
2012,1,3,3,2073
2012,1,3,4,10226
2012,1,3,5,4771
2012,1,3,6,1316
2012,1,4,1,266
2012,1,4,2,114
2012,1,4,3,377
2012,1,4,4,1471
2012,1,4,5,1341
2012,1,4,6,480
2012,1,5,1,48764
2012,1,5,2,44331
2012,1,5,3,53735
2012,1,5,4,73575
2012,1,5,5,49163
2012,1,5,6,55174
2012,1,8,1,4170
2012,1,8,2,2460
2012,1,8,3,7290
2012,1,8,4,15124
2012,1,8,5,11611
2012,1,8,6,6701
2012,1,9,1,14440
2012,1,9,2,27053
2012,1,9,3,13627
2012,1,9,4,20518
2012,1,9,5,12177
2012,1,9,6,10979
2012,1,10,1,5896
2012,1,10,2,3182
2012,1,10,3,12107
2012,1,10,4,32924
2012,1,10,5,14389
2012,1,10,6,9027
2012,1,11,1,36140
2012,1,11,2,19703
2012,1,11,3,42582
2012,1,11,4,57497
2012,1,11,5,40656
2012,1,11,6,46447
2012,1,12,1,706
2012,1,12,2,429
2012,1,12,3,1715
2012,1,12,4,9316
2012,1,12,5,4074
2012,1,12,6,1054
2012,2,0,1,57466
2012,2,0,2,49737
2012,2,0,3,70951
2012,2,0,4,115868
2012,2,0,5,69040
2012,2,0,6,71379
2012,2,1,1,1932
2012,2,1,2,1964
2012,2,1,3,1735
2012,2,1,4,1422
2012,2,1,5,1429
2012,2,1,6,1808
2012,2,2,1,999
2012,2,2,2,835
2012,2,2,3,5036
2012,2,2,4,17879
2012,2,2,5,3635
2012,2,2,6,2477
2012,2,3,1,974
2012,2,3,2,765
2012,2,3,3,1915
2012,2,3,4,9663
2012,2,3,5,4483
2012,2,3,6,1500
2012,2,4,1,255
2012,2,4,2,125
2012,2,4,3,404
2012,2,4,4,1340
2012,2,4,5,1197
2012,2,4,6,518
2012,2,5,1,49581
2012,2,5,2,43717
2012,2,5,3,55420
2012,2,5,4,72953
2012,2,5,5,48225
2012,2,5,6,58992
2012,2,8,1,3699
2012,2,8,2,2315
2012,2,8,3,6432
2012,2,8,4,12609
2012,2,8,5,10067
2012,2,8,6,6057
2012,2,9,1,13095
2012,2,9,2,25010
2012,2,9,3,12573
2012,2,9,4,17873
2012,2,9,5,10463
2012,2,9,6,10274
2012,2,10,1,5594
2012,2,10,2,3401
2012,2,10,3,11768
2012,2,10,4,30329
2012,2,10,5,13986
2012,2,10,6,9151
2012,2,11,1,38012
2012,2,11,2,20883
2012,2,11,3,44998
2012,2,11,4,58749
2012,2,11,5,40647
2012,2,11,6,50679
2012,2,12,1,748
2012,2,12,2,433
2012,2,12,3,1603
2012,2,12,4,8915
2012,2,12,5,3942
2012,2,12,6,1257
2012,3,0,1,58233
2012,3,0,2,48108
2012,3,0,3,72895
2012,3,0,4,111768
2012,3,0,5,69983
2012,3,0,6,75902
2012,3,1,1,1868
2012,3,1,2,1799
2012,3,1,3,1863
2012,3,1,4,1444
2012,3,1,5,1397
2012,3,1,6,1965
2012,3,2,1,906
2012,3,2,2,771
2012,3,2,3,4955
2012,3,2,4,15988
2012,3,2,5,3614
2012,3,2,6,2665
2012,3,3,1,937
2012,3,3,2,730
2012,3,3,3,1872
2012,3,3,4,9353
2012,3,3,5,4784
2012,3,3,6,1780
2012,3,4,1,275
2012,3,4,2,136
2012,3,4,3,357
2012,3,4,4,1367
2012,3,4,5,1183
2012,3,4,6,585
2012,3,5,1,50835
2012,3,5,2,42613
2012,3,5,3,58065
2012,3,5,4,72742
2012,3,5,5,49689
2012,3,5,6,62810
2012,3,8,1,3385
2012,3,8,2,2044
2012,3,8,3,5767
2012,3,8,4,10872
2012,3,8,5,9311
2012,3,8,6,6071
2012,3,9,1,11906
2012,3,9,2,22885
2012,3,9,3,10940
2012,3,9,4,15524
2012,3,9,5,9276
2012,3,9,6,9381
2012,3,10,1,5284
2012,3,10,2,3040
2012,3,10,3,11399
2012,3,10,4,27223
2012,3,10,5,13427
2012,3,10,6,9743
2012,3,11,1,40279
2012,3,11,2,21739
2012,3,11,3,48924
2012,3,11,4,60352
2012,3,11,5,42995
2012,3,11,6,55200
2012,3,12,1,747
2012,3,12,2,434
2012,3,12,3,1625
2012,3,12,4,8668
2012,3,12,5,4283
2012,3,12,6,1558
2012,4,0,1,36609
2012,4,0,2,27596
2012,4,0,3,44636
2012,4,0,4,69440
2012,4,0,5,40987
2012,4,0,6,45248
2012,4,1,1,1105
2012,4,1,2,881
2012,4,1,3,1133
2012,4,1,4,1023
2012,4,1,5,845
2012,4,1,6,1134
2012,4,2,1,668
2012,4,2,2,484
2012,4,2,3,3056
2012,4,2,4,10137
2012,4,2,5,2352
2012,4,2,6,1609
2012,4,3,1,629
2012,4,3,2,445
2012,4,3,3,1065
2012,4,3,4,5881
2012,4,3,5,2846
2012,4,3,6,1146
2012,4,4,1,143
2012,4,4,2,74
2012,4,4,3,248
2012,4,4,4,883
2012,4,4,5,742
2012,4,4,6,344
2012,4,5,1,32149
2012,4,5,2,24660
2012,4,5,3,36040
2012,4,5,4,45491
2012,4,5,5,29544
2012,4,5,6,37760
2012,4,8,1,1888
2012,4,8,2,1035
2012,4,8,3,3081
2012,4,8,4,6023
2012,4,8,5,4653
2012,4,8,6,3226
2012,4,9,1,6681
2012,4,9,2,12372
2012,4,9,3,5816
2012,4,9,4,8599
2012,4,9,5,4784
2012,4,9,6,5053
2012,4,10,1,3170
2012,4,10,2,1645
2012,4,10,3,6672
2012,4,10,4,16694
2012,4,10,5,7557
2012,4,10,6,5477
2012,4,11,1,26219
2012,4,11,2,13300
2012,4,11,3,31189
2012,4,11,4,38626
2012,4,11,5,26074
2012,4,11,6,33700
2012,4,12,1,520
2012,4,12,2,269
2012,4,12,3,952
2012,4,12,4,5519
2012,4,12,5,2569
2012,4,12,6,1002
2012,6,0,1,884200
2012,6,0,2,633800
2012,6,0,3,1139625
2012,6,0,4,1957000
2012,6,0,5,1062700
2012,6,0,6,1140445
2012,6,1,1,22391
2012,6,1,2,18876
2012,6,1,3,21591
2012,6,1,4,20379
2012,6,1,5,17417
2012,6,1,6,23321
2012,6,2,1,17308
2012,6,2,2,12002
2012,6,2,3,79748
2012,6,2,4,294336
2012,6,2,5,62688
2012,6,2,6,38396
2012,6,3,1,12176
2012,6,3,2,9491
2012,6,3,3,24695
2012,6,3,4,127210
2012,6,3,5,64476
2012,6,3,6,20214
2012,6,4,1,2775
2012,6,4,2,1383
2012,6,4,3,4804
2012,6,4,4,15839
2012,6,4,5,13911
2012,6,4,6,6158
2012,6,5,1,801224
2012,6,5,2,574942
2012,6,5,3,962187
2012,6,5,4,1404135
2012,6,5,5,834993
2012,6,5,6,1006471
2012,6,8,1,28326
2012,6,8,2,17106
2012,6,8,3,46600
2012,6,8,4,95101
2012,6,8,5,69215
2012,6,8,6,45885
2012,6,9,1,113926
2012,6,9,2,210138
2012,6,9,3,110228
2012,6,9,4,181066
2012,6,9,5,93287
2012,6,9,6,87144
2012,6,10,1,60546
2012,6,10,2,35251
2012,6,10,3,138581
2012,6,10,4,400341
2012,6,10,5,145776
2012,6,10,6,100755
2012,6,11,1,699517
2012,6,11,2,381678
2012,6,11,3,868645
2012,6,11,4,1255513
2012,6,11,5,764201
2012,6,11,6,934307
2012,6,12,1,10211
2012,6,12,2,6733
2012,6,12,3,22171
2012,6,12,4,120080
2012,6,12,5,59436
2012,6,12,6,18239
2011,0,0,1,209909
2011,0,0,2,174870
2011,0,0,3,260638
2011,0,0,4,415253
2011,0,0,5,251889
2011,0,0,6,261717
2011,0,1,1,7052
2011,0,1,2,6502
2011,0,1,3,6544
2011,0,1,4,5348
2011,0,1,5,5100
2011,0,1,6,6771
2011,0,2,1,3434
2011,0,2,2,2803
2011,0,2,3,17874
2011,0,2,4,61709
2011,0,2,5,12669
2011,0,2,6,8760
2011,0,3,1,3478
2011,0,3,2,2750
2011,0,3,3,6934
2011,0,3,4,34827
2011,0,3,5,16897
2011,0,3,6,5751
2011,0,4,1,938
2011,0,4,2,452
2011,0,4,3,1387
2011,0,4,4,4983
2011,0,4,5,4440
2011,0,4,6,1928
2011,0,5,1,182254
2011,0,5,2,154815
2011,0,5,3,206001
2011,0,5,4,265426
2011,0,5,5,178283
2011,0,5,6,217084
2011,0,8,1,12719
2011,0,8,2,7532
2011,0,8,3,21884
2011,0,8,4,42957
2011,0,8,5,34493
2011,0,8,6,21396
2011,0,9,1,45275
2011,0,9,2,85584
2011,0,9,3,42265
2011,0,9,4,60900
2011,0,9,5,35985
2011,0,9,6,34995
2011,0,10,1,19614
2011,0,10,2,11128
2011,0,10,3,41507
2011,0,10,4,105095
2011,0,10,5,48521
2011,0,10,6,32936
2011,0,11,1,142279
2011,0,11,2,76591
2011,0,11,3,170953
2011,0,11,4,217098
2011,0,11,5,152494
2011,0,11,6,188871
2011,0,12,1,2717
2011,0,12,2,1557
2011,0,12,3,5906
2011,0,12,4,32159
2011,0,12,5,14887
2011,0,12,6,4898
2011,1,0,1,57873
2011,1,0,2,50464
2011,1,0,3,70732
2011,1,0,4,120785
2011,1,0,5,70700
2011,1,0,6,68311
2011,1,1,1,2137
2011,1,1,2,1870
2011,1,1,3,1777
2011,1,1,4,1490
2011,1,1,5,1400
2011,1,1,6,1837
2011,1,2,1,888
2011,1,2,2,736
2011,1,2,3,4806
2011,1,2,4,18375
2011,1,2,5,2983
2011,1,2,6,2006
2011,1,3,1,962
2011,1,3,2,844
2011,1,3,3,2084
2011,1,3,4,10253
2011,1,3,5,4732
2011,1,3,6,1320
2011,1,4,1,265
2011,1,4,2,114
2011,1,4,3,377
2011,1,4,4,1466
2011,1,4,5,1320
2011,1,4,6,481
2011,1,5,1,49525
2011,1,5,2,44511
2011,1,5,3,54587
2011,1,5,4,74496
2011,1,5,5,49107
2011,1,5,6,56110
2011,1,8,1,4071
2011,1,8,2,2376
2011,1,8,3,7088
2011,1,8,4,14702
2011,1,8,5,11154
2011,1,8,6,6530
2011,1,9,1,14357
2011,1,9,2,26710
2011,1,9,3,13482
2011,1,9,4,20218
2011,1,9,5,11865
2011,1,9,6,10836
2011,1,10,1,5838
2011,1,10,2,3161
2011,1,10,3,11992
2011,1,10,4,32595
2011,1,10,5,13995
2011,1,10,6,8929
2011,1,11,1,36954
2011,1,11,2,20152
2011,1,11,3,43526
2011,1,11,4,58626
2011,1,11,5,40797
2011,1,11,6,47467
2011,1,12,1,707
2011,1,12,2,431
2011,1,12,3,1723
2011,1,12,4,9344
2011,1,12,5,4040
2011,1,12,6,1062
2011,2,0,1,56690
2011,2,0,2,48809
2011,2,0,3,70405
2011,2,0,4,113815
2011,2,0,5,68462
2011,2,0,6,71197
2011,2,1,1,1899
2011,2,1,2,1926
2011,2,1,3,1720
2011,2,1,4,1396
2011,2,1,5,1418
2011,2,1,6,1791
2011,2,2,1,976
2011,2,2,2,817
2011,2,2,3,4967
2011,2,2,4,17480
2011,2,2,5,3613
2011,2,2,6,2458
2011,2,3,1,951
2011,2,3,2,746
2011,2,3,3,1884
2011,2,3,4,9461
2011,2,3,5,4441
2011,2,3,6,1485
2011,2,4,1,247
2011,2,4,2,122
2011,2,4,3,397
2011,2,4,4,1302
2011,2,4,5,1179
2011,2,4,6,512
2011,2,5,1,49059
2011,2,5,2,42995
2011,2,5,3,55278
2011,2,5,4,72194
2011,2,5,5,48161
2011,2,5,6,59113
2011,2,8,1,3528
2011,2,8,2,2188
2011,2,8,3,6145
2011,2,8,4,11979
2011,2,8,5,9646
2011,2,8,6,5814
2011,2,9,1,12620
2011,2,9,2,24156
2011,2,9,3,12186
2011,2,9,4,17181
2011,2,9,5,10169
2011,2,9,6,9980
2011,2,10,1,5423
2011,2,10,2,3313
2011,2,10,3,11471
2011,2,10,4,29380
2011,2,10,5,13603
2011,2,10,6,8935
2011,2,11,1,37893
2011,2,11,2,20903
2011,2,11,3,45164
2011,2,11,4,58520
2011,2,11,5,40782
2011,2,11,6,51012
2011,2,12,1,732
2011,2,12,2,427
2011,2,12,3,1578
2011,2,12,4,8733
2011,2,12,5,3907
2011,2,12,6,1251
2011,3,0,1,58525
2011,3,0,2,47988
2011,3,0,3,73413
2011,3,0,4,111275
2011,3,0,5,70652
2011,3,0,6,76592
2011,3,1,1,1877
2011,3,1,2,1798
2011,3,1,3,1874
2011,3,1,4,1439
2011,3,1,5,1415
2011,3,1,6,1975
2011,3,2,1,899
2011,3,2,2,763
2011,3,2,3,4950
2011,3,2,4,15801
2011,3,2,5,3658
2011,3,2,6,2675
2011,3,3,1,928
2011,3,3,2,712
2011,3,3,3,1870
2011,3,3,4,9268
2011,3,3,5,4819
2011,3,3,6,1784
2011,3,4,1,273
2011,3,4,2,133
2011,3,4,3,354
2011,3,4,4,1340
2011,3,4,5,1183
2011,3,4,6,581
2011,3,5,1,51241
2011,3,5,2,42599
2011,3,5,3,58762
2011,3,5,4,72963
2011,3,5,5,50489
2011,3,5,6,63649
2011,3,8,1,3279
2011,3,8,2,1965
2011,3,8,3,5587
2011,3,8,4,10461
2011,3,8,5,9081
2011,3,8,6,5901
2011,3,9,1,11675
2011,3,9,2,22432
2011,3,9,3,10744
2011,3,9,4,15116
2011,3,9,5,9159
2011,3,9,6,9208
2011,3,10,1,5210
2011,3,10,2,3011
2011,3,10,3,11264
2011,3,10,4,26683
2011,3,10,5,13307
2011,3,10,6,9639
2011,3,11,1,40877
2011,3,11,2,22106
2011,3,11,3,49772
2011,3,11,4,60881
2011,3,11,5,43865
2011,3,11,6,56164
2011,3,12,1,742
2011,3,12,2,427
2011,3,12,3,1625
2011,3,12,4,8593
2011,3,12,5,4317
2011,3,12,6,1568
2011,4,0,1,36802
2011,4,0,2,27601
2011,4,0,3,46081
2011,4,0,4,69376
2011,4,0,5,42072
2011,4,0,6,45600
2011,4,1,1,1120
2011,4,1,2,896
2011,4,1,3,1165
2011,4,1,4,1022
2011,4,1,5,865
2011,4,1,6,1155
2011,4,2,1,654
2011,4,2,2,479
2011,4,2,3,3142
2011,4,2,4,10052
2011,4,2,5,2412
2011,4,2,6,1609
2011,4,3,1,619
2011,4,3,2,439
2011,4,3,3,1089
2011,4,3,4,5843
2011,4,3,5,2902
2011,4,3,6,1145
2011,4,4,1,141
2011,4,4,2,74
2011,4,4,3,252
2011,4,4,4,873
2011,4,4,5,755
2011,4,4,6,339
2011,4,5,1,32410
2011,4,5,2,24700
2011,4,5,3,37366
2011,4,5,4,45771
2011,4,5,5,30523
2011,4,5,6,38194
2011,4,8,1,1824
2011,4,8,2,996
2011,4,8,3,3057
2011,4,8,4,5813
2011,4,8,5,4610
2011,4,8,6,3133
2011,4,9,1,6608
2011,4,9,2,12277
2011,4,9,3,5846
2011,4,9,4,8383
2011,4,9,5,4789
2011,4,9,6,4955
2011,4,10,1,3126
2011,4,10,2,1630
2011,4,10,3,6771
2011,4,10,4,16435
2011,4,10,5,7612
2011,4,10,6,5416
2011,4,11,1,26538
2011,4,11,2,13421
2011,4,11,3,32483
2011,4,11,4,39070
2011,4,11,5,27047
2011,4,11,6,34209
2011,4,12,1,515
2011,4,12,2,265
2011,4,12,3,973
2011,4,12,4,5487
2011,4,12,5,2620
2011,4,12,6,1003
2011,6,0,1,877750
2011,6,0,2,627800
2011,6,0,3,1131200
2011,6,0,4,1942600
2011,6,0,5,1056050
2011,6,0,6,1132500
2011,6,1,1,22202
2011,6,1,2,18744
2011,6,1,3,21432
2011,6,1,4,20271
2011,6,1,5,17343
2011,6,1,6,23139
2011,6,2,1,16819
2011,6,2,2,11752
2011,6,2,3,78323
2011,6,2,4,289716
2011,6,2,5,62104
2011,6,2,6,37806
2011,6,3,1,11989
2011,6,3,2,9336
2011,6,3,3,24301
2011,6,3,4,125573
2011,6,3,5,63840
2011,6,3,6,19936
2011,6,4,1,2700
2011,6,4,2,1362
2011,6,4,3,4717
2011,6,4,4,15529
2011,6,4,5,13704
2011,6,4,6,6040
2011,6,5,1,796908
2011,6,5,2,570244
2011,6,5,3,957667
2011,6,5,4,1400033
2011,6,5,5,832314
2011,6,5,6,1001481
2011,6,8,1,27132
2011,6,8,2,16362
2011,6,8,3,44760
2011,6,8,4,91478
2011,6,8,5,66745
2011,6,8,6,44098
2011,6,9,1,110880
2011,6,9,2,204928
2011,6,9,3,107193
2011,6,9,4,176549
2011,6,9,5,90999
2011,6,9,6,84605
2011,6,10,1,58980
2011,6,10,2,34644
2011,6,10,3,135548
2011,6,10,4,392505
2011,6,10,5,142962
2011,6,10,6,98544
2011,6,11,1,697809
2011,6,11,2,381585
2011,6,11,3,866643
2011,6,11,4,1255004
2011,6,11,5,763241
2011,6,11,6,931352
2011,6,12,1,10081
2011,6,12,2,6643
2011,6,12,3,21816
2011,6,12,4,118542
2011,6,12,5,58848
2011,6,12,6,17999
2010,0,0,1,210522
2010,0,0,2,174412
2010,0,0,3,262909
2010,0,0,4,413508
2010,0,0,5,254642
2010,0,0,6,265333
2010,0,1,1,7109
2010,0,1,2,6561
2010,0,1,3,6602
2010,0,1,4,5350
2010,0,1,5,5167
2010,0,1,6,6881
2010,0,2,1,3430
2010,0,2,2,2786
2010,0,2,3,18065
2010,0,2,4,61285
2010,0,2,5,12891
2010,0,2,6,8853
2010,0,3,1,3471
2010,0,3,2,2727
2010,0,3,3,6971
2010,0,3,4,34568
2010,0,3,5,17125
2010,0,3,6,5833
2010,0,4,1,937
2010,0,4,2,447
2010,0,4,3,1393
2010,0,4,4,4912
2010,0,4,5,4453
2010,0,4,6,1938
2010,0,5,1,183266
2010,0,5,2,154690
2010,0,5,3,208644
2010,0,5,4,266161
2010,0,5,5,181570
2010,0,5,6,220993
2010,0,8,1,12284
2010,0,8,2,7186
2010,0,8,3,21223
2010,0,8,4,41230
2010,0,8,5,33432
2010,0,8,6,20813
2010,0,9,1,44458
2010,0,9,2,83854
2010,0,9,3,41727
2010,0,9,4,59306
2010,0,9,5,35502
2010,0,9,6,34564
2010,0,10,1,19331
2010,0,10,2,11023
2010,0,10,3,41208
2010,0,10,4,103202
2010,0,10,5,47951
2010,0,10,6,32674
2010,0,11,1,143998
2010,0,11,2,77967
2010,0,11,3,174032
2010,0,11,4,219075
2010,0,11,5,156104
2010,0,11,6,193110
2010,0,12,1,2717
2010,0,12,2,1560
2010,0,12,3,5937
2010,0,12,4,31923
2010,0,12,5,15082
2010,0,12,6,4974
2010,1,0,1,58136
2010,1,0,2,49654
2010,1,0,3,71393
2010,1,0,4,120294
2010,1,0,5,70494
2010,1,0,6,69686
2010,1,1,1,2161
2010,1,1,2,1856
2010,1,1,3,1807
2010,1,1,4,1494
2010,1,1,5,1401
2010,1,1,6,1874
2010,1,2,1,896
2010,1,2,2,726
2010,1,2,3,4856
2010,1,2,4,18256
2010,1,2,5,2992
2010,1,2,6,2046
2010,1,3,1,968
2010,1,3,2,832
2010,1,3,3,2098
2010,1,3,4,10203
2010,1,3,5,4751
2010,1,3,6,1354
2010,1,4,1,269
2010,1,4,2,114
2010,1,4,3,382
2010,1,4,4,1451
2010,1,4,5,1303
2010,1,4,6,495
2010,1,5,1,49885
2010,1,5,2,43889
2010,1,5,3,55372
2010,1,5,4,74760
2010,1,5,5,49339
2010,1,5,6,57522
2010,1,8,1,3957
2010,1,8,2,2237
2010,1,8,3,6878
2010,1,8,4,14130
2010,1,8,5,10708
2010,1,8,6,6395
2010,1,9,1,14069
2010,1,9,2,25864
2010,1,9,3,13365
2010,1,9,4,19733
2010,1,9,5,11595
2010,1,9,6,10777
2010,1,10,1,5795
2010,1,10,2,3100
2010,1,10,3,11898
2010,1,10,4,32001
2010,1,10,5,13641
2010,1,10,6,8900
2010,1,11,1,37554
2010,1,11,2,20258
2010,1,11,3,44395
2010,1,11,4,59260
2010,1,11,5,41205
2010,1,11,6,48918
2010,1,12,1,718
2010,1,12,2,432
2010,1,12,3,1735
2010,1,12,4,9300
2010,1,12,5,4053
2010,1,12,6,1091
2010,2,0,1,56936
2010,2,0,2,48293
2010,2,0,3,70728
2010,2,0,4,113295
2010,2,0,5,68718
2010,2,0,6,71907
2010,2,1,1,1898
2010,2,1,2,1930
2010,2,1,3,1733
2010,2,1,4,1399
2010,2,1,5,1427
2010,2,1,6,1803
2010,2,2,1,993
2010,2,2,2,811
2010,2,2,3,5007
2010,2,2,4,17362
2010,2,2,5,3651
2010,2,2,6,2497
2010,2,3,1,957
2010,2,3,2,744
2010,2,3,3,1892
2010,2,3,4,9404
2010,2,3,5,4473
2010,2,3,6,1510
2010,2,4,1,251
2010,2,4,2,123
2010,2,4,3,399
2010,2,4,4,1283
2010,2,4,5,1179
2010,2,4,6,519
2010,2,5,1,49408
2010,2,5,2,42613
2010,2,5,3,55753
2010,2,5,4,72354
2010,2,5,5,48683
2010,2,5,6,59927
2010,2,8,1,3429
2010,2,8,2,2072
2010,2,8,3,5944
2010,2,8,4,11493
2010,2,8,5,9305
2010,2,8,6,5651
2010,2,9,1,12312
2010,2,9,2,23458
2010,2,9,3,11967
2010,2,9,4,16727
2010,2,9,5,9998
2010,2,9,6,9813
2010,2,10,1,5363
2010,2,10,2,3266
2010,2,10,3,11356
2010,2,10,4,28849
2010,2,10,5,13361
2010,2,10,6,8859
2010,2,11,1,38518
2010,2,11,2,21140
2010,2,11,3,45820
2010,2,11,4,59037
2010,2,11,5,41429
2010,2,11,6,51960
2010,2,12,1,743
2010,2,12,2,429
2010,2,12,3,1585
2010,2,12,4,8682
2010,2,12,5,3930
2010,2,12,6,1275
2010,3,0,1,58589
2010,3,0,2,47615
2010,3,0,3,73754
2010,3,0,4,110789
2010,3,0,5,70825
2010,3,0,6,76661
2010,3,1,1,1888
2010,3,1,2,1801
2010,3,1,3,1889
2010,3,1,4,1440
2010,3,1,5,1422
2010,3,1,6,1999
2010,3,2,1,912
2010,3,2,2,761
2010,3,2,3,4981
2010,3,2,4,15674
2010,3,2,5,3683
2010,3,2,6,2665
2010,3,3,1,929
2010,3,3,2,695
2010,3,3,3,1868
2010,3,3,4,9185
2010,3,3,5,4833
2010,3,3,6,1779
2010,3,4,1,274
2010,3,4,2,133
2010,3,4,3,356
2010,3,4,4,1317
2010,3,4,5,1177
2010,3,4,6,578
2010,3,5,1,51422
2010,3,5,2,42347
2010,3,5,3,59259
2010,3,5,4,73140
2010,3,5,5,50970
2010,3,5,6,63971
2010,3,8,1,3164
2010,3,8,2,1878
2010,3,8,3,5401
2010,3,8,4,10033
2010,3,8,5,8740
2010,3,8,6,5669
2010,3,9,1,11369
2010,3,9,2,21848
2010,3,9,3,10559
2010,3,9,4,14701
2010,3,9,5,8957
2010,3,9,6,8988
2010,3,10,1,5134
2010,3,10,2,2974
2010,3,10,3,11146
2010,3,10,4,26186
2010,3,10,5,13051
2010,3,10,6,9442
2010,3,11,1,41338
2010,3,11,2,22368
2010,3,11,3,50425
2010,3,11,4,61386
2010,3,11,5,44487
2010,3,11,6,56668
2010,3,12,1,748
2010,3,12,2,425
2010,3,12,3,1624
2010,3,12,4,8516
2010,3,12,5,4330
2010,3,12,6,1563
2010,4,0,1,36861
2010,4,0,2,28850
2010,4,0,3,47034
2010,4,0,4,69130
2010,4,0,5,44605
2010,4,0,6,47079
2010,4,1,1,1162
2010,4,1,2,974
2010,4,1,3,1173
2010,4,1,4,1018
2010,4,1,5,917
2010,4,1,6,1206
2010,4,2,1,628
2010,4,2,2,488
2010,4,2,3,3221
2010,4,2,4,9993
2010,4,2,5,2565
2010,4,2,6,1646
2010,4,3,1,617
2010,4,3,2,456
2010,4,3,3,1113
2010,4,3,4,5776
2010,4,3,5,3068
2010,4,3,6,1188
2010,4,4,1,144
2010,4,4,2,77
2010,4,4,3,256
2010,4,4,4,861
2010,4,4,5,794
2010,4,4,6,346
2010,4,5,1,32551
2010,4,5,2,25841
2010,4,5,3,38260
2010,4,5,4,45907
2010,4,5,5,32578
2010,4,5,6,39573
2010,4,8,1,1734
2010,4,8,2,999
2010,4,8,3,3000
2010,4,8,4,5574
2010,4,8,5,4679
2010,4,8,6,3098
2010,4,9,1,6709
2010,4,9,2,12684
2010,4,9,3,5836
2010,4,9,4,8145
2010,4,9,5,4952
2010,4,9,6,4986
2010,4,10,1,3039
2010,4,10,2,1683
2010,4,10,3,6808
2010,4,10,4,16166
2010,4,10,5,7898
2010,4,10,6,5473
2010,4,11,1,26588
2010,4,11,2,14201
2010,4,11,3,33392
2010,4,11,4,39392
2010,4,11,5,28983
2010,4,11,6,35564
2010,4,12,1,508
2010,4,12,2,274
2010,4,12,3,993
2010,4,12,4,5425
2010,4,12,5,2769
2010,4,12,6,1044
2010,6,0,1,874391
2010,6,0,2,620663
2010,6,0,3,1125651
2010,6,0,4,1931249
2010,6,0,5,1046358
2010,6,0,6,1126228
2010,6,1,1,22150
2010,6,1,2,18642
2010,6,1,3,21366
2010,6,1,4,20237
2010,6,1,5,17245
2010,6,1,6,23009
2010,6,2,1,16744
2010,6,2,2,11532
2010,6,2,3,77811
2010,6,2,4,286648
2010,6,2,5,61516
2010,6,2,6,37434
2010,6,3,1,11918
2010,6,3,2,9194
2010,6,3,3,24106
2010,6,3,4,124232
2010,6,3,5,63134
2010,6,3,6,19749
2010,6,4,1,2672
2010,6,4,2,1341
2010,6,4,3,4685
2010,6,4,4,15317
2010,6,4,5,13518
2010,6,4,6,5972
2010,6,5,1,794762
2010,6,5,2,564392
2010,6,5,3,954609
2010,6,5,4,1396927
2010,6,5,5,826873
2010,6,5,6,997699
2010,6,8,1,26145
2010,6,8,2,15562
2010,6,8,3,43074
2010,6,8,4,87888
2010,6,8,5,64072
2010,6,8,6,42365
2010,6,9,1,108318
2010,6,9,2,199309
2010,6,9,3,104866
2010,6,9,4,172378
2010,6,9,5,88535
2010,6,9,6,82384
2010,6,10,1,58053
2010,6,10,2,34027
2010,6,10,3,133556
2010,6,10,4,386300
2010,6,10,5,139951
2010,6,10,6,96603
2010,6,11,1,697988
2010,6,11,2,380760
2010,6,11,3,865602
2010,6,11,4,1255332
2010,6,11,5,759691
2010,6,11,6,929415
2010,6,12,1,10032
2010,6,12,2,6567
2010,6,12,3,21627
2010,6,12,4,117239
2010,6,12,5,58181
2010,6,12,6,17826
2009,0,0,1,210011
2009,0,0,2,172272
2009,0,0,3,263047
2009,0,0,4,409528
2009,0,0,5,256899
2009,0,0,6,266013
2009,0,1,1,7013
2009,0,1,2,6381
2009,0,1,3,6506
2009,0,1,4,5224
2009,0,1,5,5167
2009,0,1,6,6828
2009,0,2,1,3338
2009,0,2,2,2705
2009,0,2,3,17493
2009,0,2,4,59336
2009,0,2,5,12968
2009,0,2,6,8788
2009,0,3,1,3392
2009,0,3,2,2686
2009,0,3,3,6710
2009,0,3,4,33933
2009,0,3,5,17504
2009,0,3,6,5783
2009,0,4,1,886
2009,0,4,2,428
2009,0,4,3,1332
2009,0,4,4,4748
2009,0,4,5,4350
2009,0,4,6,1892
2009,0,5,1,183580
2009,0,5,2,153200
2009,0,5,3,210670
2009,0,5,4,266825
2009,0,5,5,184554
2009,0,5,6,222711
2009,0,8,1,11768
2009,0,8,2,6853
2009,0,8,3,20324
2009,0,8,4,39458
2009,0,8,5,32351
2009,0,8,6,19982
2009,0,9,1,42896
2009,0,9,2,81087
2009,0,9,3,39649
2009,0,9,4,56213
2009,0,9,5,34048
2009,0,9,6,33042
2009,0,10,1,18872
2009,0,10,2,10823
2009,0,10,3,40001
2009,0,10,4,99861
2009,0,10,5,47300
2009,0,10,6,32027
2009,0,11,1,145537
2009,0,11,2,78780
2009,0,11,3,177645
2009,0,11,4,222036
2009,0,11,5,160026
2009,0,11,6,195964
2009,0,12,1,2682
2009,0,12,2,1569
2009,0,12,3,5744
2009,0,12,4,31416
2009,0,12,5,15520
2009,0,12,6,4961
2009,1,0,1,57669
2009,1,0,2,48907
2009,1,0,3,71318
2009,1,0,4,118740
2009,1,0,5,70900
2009,1,0,6,69818
2009,1,1,1,2092
2009,1,1,2,1797
2009,1,1,3,1800
2009,1,1,4,1440
2009,1,1,5,1417
2009,1,1,6,1861
2009,1,2,1,869
2009,1,2,2,708
2009,1,2,3,4681
2009,1,2,4,17618
2009,1,2,5,2989
2009,1,2,6,2054
2009,1,3,1,942
2009,1,3,2,805
2009,1,3,3,2036
2009,1,3,4,9961
2009,1,3,5,4825
2009,1,3,6,1355
2009,1,4,1,248
2009,1,4,2,106
2009,1,4,3,360
2009,1,4,4,1405
2009,1,4,5,1254
2009,1,4,6,481
2009,1,5,1,49682
2009,1,5,2,43324
2009,1,5,3,55794
2009,1,5,4,74771
2009,1,5,5,50012
2009,1,5,6,57900
2009,1,8,1,3800
2009,1,8,2,2145
2009,1,8,3,6631
2009,1,8,4,13542
2009,1,8,5,10397
2009,1,8,6,6136
2009,1,9,1,13583
2009,1,9,2,25111
2009,1,9,3,12784
2009,1,9,4,18784
2009,1,9,5,11155
2009,1,9,6,10357
2009,1,10,1,5632
2009,1,10,2,3041
2009,1,10,3,11570
2009,1,10,4,30901
2009,1,10,5,13407
2009,1,10,6,8742
2009,1,11,1,37726
2009,1,11,2,20315
2009,1,11,3,45259
2009,1,11,4,59948
2009,1,11,5,42192
2009,1,11,6,49594
2009,1,12,1,706
2009,1,12,2,426
2009,1,12,3,1694
2009,1,12,4,9105
2009,1,12,5,4143
2009,1,12,6,1103
2009,2,0,1,56852
2009,2,0,2,47694
2009,2,0,3,71092
2009,2,0,4,112481
2009,2,0,5,69582
2009,2,0,6,72184
2009,2,1,1,1871
2009,2,1,2,1876
2009,2,1,3,1696
2009,2,1,4,1375
2009,2,1,5,1413
2009,2,1,6,1788
2009,2,2,1,949
2009,2,2,2,772
2009,2,2,3,4832
2009,2,2,4,16792
2009,2,2,5,3637
2009,2,2,6,2442
2009,2,3,1,929
2009,2,3,2,727
2009,2,3,3,1816
2009,2,3,4,9269
2009,2,3,5,4665
2009,2,3,6,1532
2009,2,4,1,232
2009,2,4,2,119
2009,2,4,3,382
2009,2,4,4,1246
2009,2,4,5,1165
2009,2,4,6,504
2009,2,5,1,49557
2009,2,5,2,42210
2009,2,5,3,56649
2009,2,5,4,72773
2009,2,5,5,49658
2009,2,5,6,60459
2009,2,8,1,3277
2009,2,8,2,1973
2009,2,8,3,5702
2009,2,8,4,11023
2009,2,8,5,9037
2009,2,8,6,5429
2009,2,9,1,11919
2009,2,9,2,22750
2009,2,9,3,11364
2009,2,9,4,15877
2009,2,9,5,9614
2009,2,9,6,9390
2009,2,10,1,5220
2009,2,10,2,3184
2009,2,10,3,11022
2009,2,10,4,27936
2009,2,10,5,13182
2009,2,10,6,8667
2009,2,11,1,38960
2009,2,11,2,21318
2009,2,11,3,47168
2009,2,11,4,60089
2009,2,11,5,42660
2009,2,11,6,52811
2009,2,12,1,728
2009,2,12,2,428
2009,2,12,3,1528
2009,2,12,4,8577
2009,2,12,5,4123
2009,2,12,6,1296
2009,3,0,1,58267
2009,3,0,2,46799
2009,3,0,3,73445
2009,3,0,4,109380
2009,3,0,5,71196
2009,3,0,6,76370
2009,3,1,1,1873
2009,3,1,2,1748
2009,3,1,3,1863
2009,3,1,4,1412
2009,3,1,5,1420
2009,3,1,6,1955
2009,3,2,1,877
2009,3,2,2,729
2009,3,2,3,4802
2009,3,2,4,15136
2009,3,2,5,3716
2009,3,2,6,2627
2009,3,3,1,901
2009,3,3,2,691
2009,3,3,3,1769
2009,3,3,4,9004
2009,3,3,5,4911
2009,3,3,6,1724
2009,3,4,1,254
2009,3,4,2,121
2009,3,4,3,336
2009,3,4,4,1264
2009,3,4,5,1146
2009,3,4,6,547
2009,3,5,1,51330
2009,3,5,2,41726
2009,3,5,3,59553
2009,3,5,4,73033
2009,3,5,5,51651
2009,3,5,6,64096
2009,3,8,1,2999
2009,3,8,2,1764
2009,3,8,3,5109
2009,3,8,4,9529
2009,3,8,5,8347
2009,3,8,6,5389
2009,3,9,1,10872
2009,3,9,2,20894
2009,3,9,3,9927
2009,3,9,4,13786
2009,3,9,5,8516
2009,3,9,6,8486
2009,3,10,1,4991
2009,3,10,2,2902
2009,3,10,3,10746
2009,3,10,4,25236
2009,3,10,5,12809
2009,3,10,6,9166
2009,3,11,1,41648
2009,3,11,2,22563
2009,3,11,3,51218
2009,3,11,4,61986
2009,3,11,5,45428
2009,3,11,6,57173
2009,3,12,1,729
2009,3,12,2,427
2009,3,12,3,1543
2009,3,12,4,8370
2009,3,12,5,4439
2009,3,12,6,1524
2009,4,0,1,37223
2009,4,0,2,28870
2009,4,0,3,47193
2009,4,0,4,68927
2009,4,0,5,45221
2009,4,0,6,47643
2009,4,1,1,1162
2009,4,1,2,951
2009,4,1,3,1142
2009,4,1,4,996
2009,4,1,5,913
2009,4,1,6,1209
2009,4,2,1,621
2009,4,2,2,486
2009,4,2,3,3170
2009,4,2,4,9788
2009,4,2,5,2624
2009,4,2,6,1648
2009,4,3,1,605
2009,4,3,2,454
2009,4,3,3,1082
2009,4,3,4,5698
2009,4,3,5,3099
2009,4,3,6,1153
2009,4,4,1,137
2009,4,4,2,71
2009,4,4,3,247
2009,4,4,4,832
2009,4,4,5,782
2009,4,4,6,344
2009,4,5,1,32993
2009,4,5,2,25929
2009,4,5,3,38666
2009,4,5,4,46246
2009,4,5,5,33231
2009,4,5,6,40241
2009,4,8,1,1670
2009,4,8,2,958
2009,4,8,3,2873
2009,4,8,4,5363
2009,4,8,5,4567
2009,4,8,6,3015
2009,4,9,1,6503
2009,4,9,2,12319
2009,4,9,3,5567
2009,4,9,4,7764
2009,4,9,5,4761
2009,4,9,6,4794
2009,4,10,1,3008
2009,4,10,2,1687
2009,4,10,3,6654
2009,4,10,4,15787
2009,4,10,5,7900
2009,4,10,6,5437
2009,4,11,1,27182
2009,4,11,2,14570
2009,4,11,3,33993
2009,4,11,4,40012
2009,4,11,5,29744
2009,4,11,6,36370
2009,4,12,1,501
2009,4,12,2,279
2009,4,12,3,971
2009,4,12,4,5362
2009,4,12,5,2811
2009,4,12,6,1020
2009,6,0,1,866157
2009,6,0,2,611843
2009,6,0,3,1116715
2009,6,0,4,1909204
2009,6,0,5,1048149
2009,6,0,6,1120076
2009,6,1,1,21730
2009,6,1,2,18203
2009,6,1,3,20998
2009,6,1,4,19845
2009,6,1,5,17157
2009,6,1,6,22730
2009,6,2,1,16270
2009,6,2,2,11191
2009,6,2,3,74993
2009,6,2,4,276667
2009,6,2,5,60847
2009,6,2,6,36550
2009,6,3,1,11637
2009,6,3,2,8953
2009,6,3,3,23241
2009,6,3,4,121500
2009,6,3,5,63385
2009,6,3,6,19329
2009,6,4,1,2553
2009,6,4,2,1299
2009,6,4,3,4500
2009,6,4,4,14824
2009,6,4,5,13143
2009,6,4,6,5817
2009,6,5,1,788886
2009,6,5,2,557347
2009,6,5,3,951646
2009,6,5,4,1392120
2009,6,5,5,831314
2009,6,5,6,994803
2009,6,8,1,25067
2009,6,8,2,14842
2009,6,8,3,41332
2009,6,8,4,84248
2009,6,8,5,62301
2009,6,8,6,40836
2009,6,9,1,104584
2009,6,9,2,192793
2009,6,9,3,100253
2009,6,9,4,164438
2009,6,9,5,85609
2009,6,9,6,79270
2009,6,10,1,56602
2009,6,10,2,33341
2009,6,10,3,129313
2009,6,10,4,373386
2009,6,10,5,137876
2009,6,10,6,94493
2009,6,11,1,695099
2009,6,11,2,379253
2009,6,11,3,866237
2009,6,11,4,1256517
2009,6,11,5,766070
2009,6,11,6,928819
2009,6,12,1,9867
2009,6,12,2,6454
2009,6,12,3,20911
2009,6,12,4,114864
2009,6,12,5,58594
2009,6,12,6,17494
2008,0,0,1,209953
2008,0,0,2,170438
2008,0,0,3,263935
2008,0,0,4,407843
2008,0,0,5,258816
2008,0,0,6,266374
2008,0,1,1,6920
2008,0,1,2,6264
2008,0,1,3,6460
2008,0,1,4,5135
2008,0,1,5,5147
2008,0,1,6,6818
2008,0,2,1,3267
2008,0,2,2,2627
2008,0,2,3,16980
2008,0,2,4,57692
2008,0,2,5,12960
2008,0,2,6,8656
2008,0,3,1,3330
2008,0,3,2,2641
2008,0,3,3,6504
2008,0,3,4,33487
2008,0,3,5,17805
2008,0,3,6,5706
2008,0,4,1,815
2008,0,4,2,413
2008,0,4,3,1267
2008,0,4,4,4598
2008,0,4,5,4246
2008,0,4,6,1829
2008,0,5,1,184310
2008,0,5,2,151981
2008,0,5,3,213227
2008,0,5,4,269052
2008,0,5,5,187376
2008,0,5,6,224202
2008,0,8,1,11272
2008,0,8,2,6495
2008,0,8,3,19485
2008,0,8,4,37877
2008,0,8,5,31277
2008,0,8,6,19133
2008,0,9,1,41410
2008,0,9,2,78504
2008,0,9,3,37699
2008,0,9,4,53443
2008,0,9,5,32624
2008,0,9,6,31536
2008,0,10,1,18407
2008,0,10,2,10639
2008,0,10,3,38941
2008,0,10,4,97009
2008,0,10,5,46527
2008,0,10,6,31333
2008,0,11,1,147445
2008,0,11,2,79714
2008,0,11,3,181693
2008,0,11,4,226296
2008,0,11,5,163767
2008,0,11,6,198554
2008,0,12,1,2662
2008,0,12,2,1569
2008,0,12,3,5596
2008,0,12,4,31094
2008,0,12,5,15894
2008,0,12,6,4927
2008,1,0,1,56792
2008,1,0,2,47788
2008,1,0,3,70741
2008,1,0,4,116659
2008,1,0,5,70506
2008,1,0,6,69160
2008,1,1,1,2012
2008,1,1,2,1742
2008,1,1,3,1760
2008,1,1,4,1385
2008,1,1,5,1406
2008,1,1,6,1837
2008,1,2,1,848
2008,1,2,2,674
2008,1,2,3,4486
2008,1,2,4,16926
2008,1,2,5,2963
2008,1,2,6,2021
2008,1,3,1,926
2008,1,3,2,776
2008,1,3,3,1965
2008,1,3,4,9661
2008,1,3,5,4856
2008,1,3,6,1340
2008,1,4,1,225
2008,1,4,2,104
2008,1,4,3,336
2008,1,4,4,1348
2008,1,4,5,1194
2008,1,4,6,461
2008,1,5,1,49104
2008,1,5,2,42446
2008,1,5,3,55856
2008,1,5,4,74443
2008,1,5,5,50082
2008,1,5,6,57645
2008,1,8,1,3638
2008,1,8,2,2027
2008,1,8,3,6326
2008,1,8,4,12894
2008,1,8,5,9999
2008,1,8,6,5822
2008,1,9,1,13034
2008,1,9,2,24180
2008,1,9,3,12101
2008,1,9,4,17776
2008,1,9,5,10646
2008,1,9,6,9882
2008,1,10,1,5437
2008,1,10,2,2962
2008,1,10,3,11154
2008,1,10,4,29674
2008,1,10,5,13054
2008,1,10,6,8479
2008,1,11,1,37591
2008,1,11,2,20221
2008,1,11,3,45832
2008,1,11,4,60344
2008,1,11,5,42606
2008,1,11,6,49676
2008,1,12,1,703
2008,1,12,2,413
2008,1,12,3,1647
2008,1,12,4,8864
2008,1,12,5,4197
2008,1,12,6,1106
2008,2,0,1,56710
2008,2,0,2,47079
2008,2,0,3,71437
2008,2,0,4,112023
2008,2,0,5,70148
2008,2,0,6,72158
2008,2,1,1,1837
2008,2,1,2,1827
2008,2,1,3,1671
2008,2,1,4,1358
2008,2,1,5,1401
2008,2,1,6,1784
2008,2,2,1,912
2008,2,2,2,746
2008,2,2,3,4664
2008,2,2,4,16256
2008,2,2,5,3582
2008,2,2,6,2363
2008,2,3,1,902
2008,2,3,2,716
2008,2,3,3,1753
2008,2,3,4,9172
2008,2,3,5,4789
2008,2,3,6,1526
2008,2,4,1,215
2008,2,4,2,113
2008,2,4,3,362
2008,2,4,4,1213
2008,2,4,5,1136
2008,2,4,6,483
2008,2,5,1,49683
2008,2,5,2,41792
2008,2,5,3,57497
2008,2,5,4,73438
2008,2,5,5,50517
2008,2,5,6,60754
2008,2,8,1,3124
2008,2,8,2,1865
2008,2,8,3,5476
2008,2,8,4,10582
2008,2,8,5,8718
2008,2,8,6,5215
2008,2,9,1,11526
2008,2,9,2,22064
2008,2,9,3,10776
2008,2,9,4,15090
2008,2,9,5,9206
2008,2,9,6,8945
2008,2,10,1,5057
2008,2,10,2,3109
2008,2,10,3,10707
2008,2,10,4,27086
2008,2,10,5,12888
2008,2,10,6,8459
2008,2,11,1,39384
2008,2,11,2,21468
2008,2,11,3,48465
2008,2,11,4,61336
2008,2,11,5,43786
2008,2,11,6,53435
2008,2,12,1,718
2008,2,12,2,424
2008,2,12,3,1481
2008,2,12,4,8509
2008,2,12,5,4263
2008,2,12,6,1300
2008,3,0,1,58361
2008,3,0,2,46304
2008,3,0,3,73704
2008,3,0,4,109187
2008,3,0,5,71834
2008,3,0,6,76340
2008,3,1,1,1862
2008,3,1,2,1721
2008,3,1,3,1868
2008,3,1,4,1401
2008,3,1,5,1418
2008,3,1,6,1951
2008,3,2,1,859
2008,3,2,2,707
2008,3,2,3,4658
2008,3,2,4,14749
2008,3,2,5,3729
2008,3,2,6,2590
2008,3,3,1,888
2008,3,3,2,684
2008,3,3,3,1703
2008,3,3,4,8932
2008,3,3,5,4990
2008,3,3,6,1684
2008,3,4,1,227
2008,3,4,2,116
2008,3,4,3,322
2008,3,4,4,1218
2008,3,4,5,1125
2008,3,4,6,527
2008,3,5,1,51621
2008,3,5,2,41397
2008,3,5,3,60260
2008,3,5,4,73742
2008,3,5,5,52531
2008,3,5,6,64420
2008,3,8,1,2864
2008,3,8,2,1663
2008,3,8,3,4880
2008,3,8,4,9142
2008,3,8,5,8035
2008,3,8,6,5135
2008,3,9,1,10445
2008,3,9,2,20121
2008,3,9,3,9392
2008,3,9,4,13041
2008,3,9,5,8121
2008,3,9,6,8043
2008,3,10,1,4876
2008,3,10,2,2844
2008,3,10,3,10459
2008,3,10,4,24554
2008,3,10,5,12609
2008,3,10,6,8943
2008,3,11,1,42288
2008,3,11,2,22888
2008,3,11,3,52354
2008,3,11,4,63264
2008,3,11,5,46557
2008,3,11,6,57833
2008,3,12,1,727
2008,3,12,2,435
2008,3,12,3,1493
2008,3,12,4,8325
2008,3,12,5,4543
2008,3,12,6,1498
2008,4,0,1,38090
2008,4,0,2,29266
2008,4,0,3,48050
2008,4,0,4,69975
2008,4,0,5,46328
2008,4,0,6,48717
2008,4,1,1,1191
2008,4,1,2,964
2008,4,1,3,1154
2008,4,1,4,990
2008,4,1,5,919
2008,4,1,6,1231
2008,4,2,1,631
2008,4,2,2,491
2008,4,2,3,3164
2008,4,2,4,9759
2008,4,2,5,2683
2008,4,2,6,1665
2008,4,3,1,596
2008,4,3,2,455
2008,4,3,3,1075
2008,4,3,4,5720
2008,4,3,5,3167
2008,4,3,6,1140
2008,4,4,1,132
2008,4,4,2,69
2008,4,4,3,240
2008,4,4,4,818
2008,4,4,5,788
2008,4,4,6,342
2008,4,5,1,33880
2008,4,5,2,26336
2008,4,5,3,39608
2008,4,5,4,47427
2008,4,5,5,34242
2008,4,5,6,41364
2008,4,8,1,1624
2008,4,8,2,929
2008,4,8,3,2795
2008,4,8,4,5257
2008,4,8,5,4524
2008,4,8,6,2942
2008,4,9,1,6382
2008,4,9,2,12128
2008,4,9,3,5422
2008,4,9,4,7535
2008,4,9,5,4648
2008,4,9,6,4654
2008,4,10,1,3020
2008,4,10,2,1711
2008,4,10,3,6613
2008,4,10,4,15694
2008,4,10,5,7973
2008,4,10,6,5435
2008,4,11,1,28166
2008,4,11,2,15128
2008,4,11,3,35036
2008,4,11,4,41350
2008,4,11,5,30816
2008,4,11,6,37593
2008,4,12,1,497
2008,4,12,2,284
2008,4,12,3,969
2008,4,12,4,5394
2008,4,12,5,2887
2008,4,12,6,1011
2008,6,0,1,856283
2008,6,0,2,601868
2008,6,0,3,1106602
2008,6,0,4,1891124
2008,6,0,5,1044234
2008,6,0,6,1108115
2008,6,1,1,21247
2008,6,1,2,17719
2008,6,1,3,20595
2008,6,1,4,19495
2008,6,1,5,16973
2008,6,1,6,22363
2008,6,2,1,15867
2008,6,2,2,10847
2008,6,2,3,72185
2008,6,2,4,267352
2008,6,2,5,59784
2008,6,2,6,35468
2008,6,3,1,11335
2008,6,3,2,8698
2008,6,3,3,22365
2008,6,3,4,119021
2008,6,3,5,63297
2008,6,3,6,18788
2008,6,4,1,2394
2008,6,4,2,1246
2008,6,4,3,4300
2008,6,4,4,14275
2008,6,4,5,12738
2008,6,4,6,5601
2008,6,5,1,781481
2008,6,5,2,549255
2008,6,5,3,947607
2008,6,5,4,1390196
2008,6,5,5,831288
2008,6,5,6,986816
2008,6,8,1,23943
2008,6,8,2,14093
2008,6,8,3,39545
2008,6,8,4,80784
2008,6,8,5,60152
2008,6,8,6,39068
2008,6,9,1,100576
2008,6,9,2,185991
2008,6,9,3,95447
2008,6,9,4,156844
2008,6,9,5,82156
2008,6,9,6,75697
2008,6,10,1,55078
2008,6,10,2,32589
2008,6,10,3,125006
2008,6,10,4,361253
2008,6,10,5,135003
2008,6,10,6,91858
2008,6,11,1,690934
2008,6,11,2,376951
2008,6,11,3,865957
2008,6,11,4,1260299
2008,6,11,5,768377
2008,6,11,6,923502
2008,6,12,1,9690
2008,6,12,2,6331
2008,6,12,3,20188
2008,6,12,4,112728
2008,6,12,5,58698
2008,6,12,6,17057
2007,0,0,1,208967
2007,0,0,2,168882
2007,0,0,3,263730
2007,0,0,4,405508
2007,0,0,5,259163
2007,0,0,6,265301
2007,0,1,1,6799
2007,0,1,2,6131
2007,0,1,3,6364
2007,0,1,4,5062
2007,0,1,5,5108
2007,0,1,6,6757
2007,0,2,1,3195
2007,0,2,2,2564
2007,0,2,3,16388
2007,0,2,4,55990
2007,0,2,5,12852
2007,0,2,6,8470
2007,0,3,1,3258
2007,0,3,2,2581
2007,0,3,3,6254
2007,0,3,4,33002
2007,0,3,5,18012
2007,0,3,6,5586
2007,0,4,1,739
2007,0,4,2,399
2007,0,4,3,1211
2007,0,4,4,4420
2007,0,4,5,4114
2007,0,4,6,1747
2007,0,5,1,184236
2007,0,5,2,151018
2007,0,5,3,214916
2007,0,5,4,270711
2007,0,5,5,188996
2007,0,5,6,224516
2007,0,8,1,10708
2007,0,8,2,6170
2007,0,8,3,18581
2007,0,8,4,36321
2007,0,8,5,30075
2007,0,8,6,18195
2007,0,9,1,39692
2007,0,9,2,75996
2007,0,9,3,35602
2007,0,9,4,50637
2007,0,9,5,31025
2007,0,9,6,29887
2007,0,10,1,17869
2007,0,10,2,10487
2007,0,10,3,37718
2007,0,10,4,94109
2007,0,10,5,45529
2007,0,10,6,30448
2007,0,11,1,148745
2007,0,11,2,80828
2007,0,11,3,184985
2007,0,11,4,230037
2007,0,11,5,166421
2007,0,11,6,200088
2007,0,12,1,2638
2007,0,12,2,1560
2007,0,12,3,5419
2007,0,12,4,30724
2007,0,12,5,16184
2007,0,12,6,4857
2007,1,0,1,55437
2007,1,0,2,46597
2007,1,0,3,69588
2007,1,0,4,113957
2007,1,0,5,69393
2007,1,0,6,67920
2007,1,1,1,1920
2007,1,1,2,1673
2007,1,1,3,1704
2007,1,1,4,1335
2007,1,1,5,1369
2007,1,1,6,1789
2007,1,2,1,819
2007,1,2,2,644
2007,1,2,3,4265
2007,1,2,4,16161
2007,1,2,5,2897
2007,1,2,6,1970
2007,1,3,1,907
2007,1,3,2,741
2007,1,3,3,1877
2007,1,3,4,9310
2007,1,3,5,4838
2007,1,3,6,1310
2007,1,4,1,199
2007,1,4,2,103
2007,1,4,3,314
2007,1,4,4,1273
2007,1,4,5,1129
2007,1,4,6,435
2007,1,5,1,48121
2007,1,5,2,41506
2007,1,5,3,55426
2007,1,5,4,73655
2007,1,5,5,49636
2007,1,5,6,56913
2007,1,8,1,3432
2007,1,8,2,1911
2007,1,8,3,5985
2007,1,8,4,12220
2007,1,8,5,9519
2007,1,8,6,5472
2007,1,9,1,12386
2007,1,9,2,23240
2007,1,9,3,11354
2007,1,9,4,16704
2007,1,9,5,10053
2007,1,9,6,9325
2007,1,10,1,5197
2007,1,10,2,2873
2007,1,10,3,10667
2007,1,10,4,28345
2007,1,10,5,12585
2007,1,10,6,8138
2007,1,11,1,37130
2007,1,11,2,20071
2007,1,11,3,45973
2007,1,11,4,60343
2007,1,11,5,42540
2007,1,11,6,49344
2007,1,12,1,701
2007,1,12,2,401
2007,1,12,3,1587
2007,1,12,4,8562
2007,1,12,5,4211
2007,1,12,6,1091
2007,2,0,1,56374
2007,2,0,2,46596
2007,2,0,3,71556
2007,2,0,4,111503
2007,2,0,5,70351
2007,2,0,6,71790
2007,2,1,1,1808
2007,2,1,2,1780
2007,2,1,3,1652
2007,2,1,4,1340
2007,2,1,5,1384
2007,2,1,6,1768
2007,2,2,1,878
2007,2,2,2,722
2007,2,2,3,4490
2007,2,2,4,15721
2007,2,2,5,3512
2007,2,2,6,2286
2007,2,3,1,881
2007,2,3,2,703
2007,2,3,3,1681
2007,2,3,4,9070
2007,2,3,5,4877
2007,2,3,6,1501
2007,2,4,1,191
2007,2,4,2,111
2007,2,4,3,347
2007,2,4,4,1180
2007,2,4,5,1099
2007,2,4,6,459
2007,2,5,1,49614
2007,2,5,2,41501
2007,2,5,3,58144
2007,2,5,4,74014
2007,2,5,5,51088
2007,2,5,6,60778
2007,2,8,1,2964
2007,2,8,2,1759
2007,2,8,3,5227
2007,2,8,4,10176
2007,2,8,5,8384
2007,2,8,6,4969
2007,2,9,1,11093
2007,2,9,2,21439
2007,2,9,3,10170
2007,2,9,4,14339
2007,2,9,5,8765
2007,2,9,6,8464
2007,2,10,1,4883
2007,2,10,2,3039
2007,2,10,3,10374
2007,2,10,4,26259
2007,2,10,5,12564
2007,2,10,6,8194
2007,2,11,1,39660
2007,2,11,2,21676
2007,2,11,3,49573
2007,2,11,4,62472
2007,2,11,5,44651
2007,2,11,6,53826
2007,2,12,1,711
2007,2,12,2,429
2007,2,12,3,1429
2007,2,12,4,8431
2007,2,12,5,4368
2007,2,12,6,1286
2007,3,0,1,58760
2007,3,0,2,46310
2007,3,0,3,74392
2007,3,0,4,109876
2007,3,0,5,72726
2007,3,0,6,76589
2007,3,1,1,1852
2007,3,1,2,1704
2007,3,1,3,1859
2007,3,1,4,1401
2007,3,1,5,1430
2007,3,1,6,1941
2007,3,2,1,861
2007,3,2,2,700
2007,3,2,3,4531
2007,3,2,4,14496
2007,3,2,5,3748
2007,3,2,6,2545
2007,3,3,1,873
2007,3,3,2,681
2007,3,3,3,1642
2007,3,3,4,8934
2007,3,3,5,5101
2007,3,3,6,1643
2007,3,4,1,206
2007,3,4,2,108
2007,3,4,3,314
2007,3,4,4,1179
2007,3,4,5,1103
2007,3,4,6,506
2007,3,5,1,52194
2007,3,5,2,41508
2007,3,5,3,61343
2007,3,5,4,75023
2007,3,5,5,53560
2007,3,5,6,64999
2007,3,8,1,2735
2007,3,8,2,1590
2007,3,8,3,4687
2007,3,8,4,8840
2007,3,8,5,7779
2007,3,8,6,4920
2007,3,9,1,10051
2007,3,9,2,19537
2007,3,9,3,8902
2007,3,9,4,12391
2007,3,9,5,7757
2007,3,9,6,7638
2007,3,10,1,4790
2007,3,10,2,2836
2007,3,10,3,10213
2007,3,10,4,24089
2007,3,10,5,12468
2007,3,10,6,8745
2007,3,11,1,43172
2007,3,11,2,23488
2007,3,11,3,53819
2007,3,11,4,65040
2007,3,11,5,47825
2007,3,11,6,58715
2007,3,12,1,719
2007,3,12,2,435
2007,3,12,3,1448
2007,3,12,4,8354
2007,3,12,5,4673
2007,3,12,6,1467
2007,4,0,1,38399
2007,4,0,2,29380
2007,4,0,3,48195
2007,4,0,4,70173
2007,4,0,5,46693
2007,4,0,6,49003
2007,4,1,1,1199
2007,4,1,2,965
2007,4,1,3,1143
2007,4,1,4,984
2007,4,1,5,921
2007,4,1,6,1243
2007,4,2,1,618
2007,4,2,2,488
2007,4,2,3,3094
2007,4,2,4,9611
2007,4,2,5,2693
2007,4,2,6,1654
2007,4,3,1,578
2007,4,3,2,447
2007,4,3,3,1047
2007,4,3,4,5686
2007,4,3,5,3194
2007,4,3,6,1118
2007,4,4,1,121
2007,4,4,2,67
2007,4,4,3,230
2007,4,4,4,787
2007,4,4,5,780
2007,4,4,6,332
2007,4,5,1,34288
2007,4,5,2,26492
2007,4,5,3,39994
2007,4,5,4,48018
2007,4,5,5,34708
2007,4,5,6,41807
2007,4,8,1,1557
2007,4,8,2,900
2007,4,8,3,2674
2007,4,8,4,5084
2007,4,8,5,4391
2007,4,8,6,2818
2007,4,9,1,6144
2007,4,9,2,11770
2007,4,9,3,5169
2007,4,9,4,7202
2007,4,9,5,4448
2007,4,9,6,4441
2007,4,10,1,2978
2007,4,10,2,1730
2007,4,10,3,6457
2007,4,10,4,15413
2007,4,10,5,7909
2007,4,10,6,5354
2007,4,11,1,28765
2007,4,11,2,15583
2007,4,11,3,35612
2007,4,11,4,42180
2007,4,11,5,31403
2007,4,11,6,38187
2007,4,12,1,489
2007,4,12,2,282
2007,4,12,3,947
2007,4,12,4,5375
2007,4,12,5,2930
2007,4,12,6,999
2007,6,0,1,843186
2007,6,0,2,592690
2007,6,0,3,1092209
2007,6,0,4,1871097
2007,6,0,5,1034387
2007,6,0,6,1091503
2007,6,1,1,20726
2007,6,1,2,17228
2007,6,1,3,20116
2007,6,1,4,19124
2007,6,1,5,16691
2007,6,1,6,21898
2007,6,2,1,15355
2007,6,2,2,10521
2007,6,2,3,69023
2007,6,2,4,257794
2007,6,2,5,58375
2007,6,2,6,34277
2007,6,3,1,10999
2007,6,3,2,8462
2007,6,3,3,21390
2007,6,3,4,116420
2007,6,3,5,62835
2007,6,3,6,18168
2007,6,4,1,2222
2007,6,4,2,1208
2007,6,4,3,4100
2007,6,4,4,13677
2007,6,4,5,12250
2007,6,4,6,5327
2007,6,5,1,771127
2007,6,5,2,541902
2007,6,5,3,939987
2007,6,5,4,1386845
2007,6,5,5,826595
2007,6,5,6,974691
2007,6,8,1,22739
2007,6,8,2,13360
2007,6,8,3,37588
2007,6,8,4,77236
2007,6,8,5,57639
2007,6,8,6,37132
2007,6,9,1,96140
2007,6,9,2,179358
2007,6,9,3,90244
2007,6,9,4,149087
2007,6,9,5,78194
2007,6,9,6,71798
2007,6,10,1,53344
2007,6,10,2,31869
2007,6,10,3,120155
2007,6,10,4,348744
2007,6,10,5,131334
2007,6,10,6,88836
2007,6,11,1,684218
2007,6,11,2,375238
2007,6,11,3,862434
2007,6,11,4,1262789
2007,6,11,5,766399
2007,6,11,6,914321
2007,6,12,1,9479
2007,6,12,2,6222
2007,6,12,3,19376
2007,6,12,4,110476
2007,6,12,5,58460
2007,6,12,6,16548
2006,0,0,1,207709
2006,0,0,2,166650
2006,0,0,3,261353
2006,0,0,4,401287
2006,0,0,5,257433
2006,0,0,6,263020
2006,0,1,1,6699
2006,0,1,2,5982
2006,0,1,3,6230
2006,0,1,4,4944
2006,0,1,5,5030
2006,0,1,6,6675
2006,0,2,1,3109
2006,0,2,2,2503
2006,0,2,3,15663
2006,0,2,4,54031
2006,0,2,5,12633
2006,0,2,6,8242
2006,0,3,1,3179
2006,0,3,2,2530
2006,0,3,3,5969
2006,0,3,4,32437
2006,0,3,5,18067
2006,0,3,6,5462
2006,0,4,1,682
2006,0,4,2,387
2006,0,4,3,1149
2006,0,4,4,4253
2006,0,4,5,3938
2006,0,4,6,1650
2006,0,5,1,183867
2006,0,5,2,149415
2006,0,5,3,214743
2006,0,5,4,270986
2006,0,5,5,189061
2006,0,5,6,223766
2006,0,8,1,10137
2006,0,8,2,5815
2006,0,8,3,17585
2006,0,8,4,34633
2006,0,8,5,28697
2006,0,8,6,17190
2006,0,9,1,38036
2006,0,9,2,73268
2006,0,9,3,33319
2006,0,9,4,47624
2006,0,9,5,29240
2006,0,9,6,28152
2006,0,10,1,17339
2006,0,10,2,10287
2006,0,10,3,36246
2006,0,10,4,90808
2006,0,10,5,44200
2006,0,10,6,29440
2006,0,11,1,149698
2006,0,11,2,81517
2006,0,11,3,186582
2006,0,11,4,232576
2006,0,11,5,167659
2006,0,11,6,200622
2006,0,12,1,2612
2006,0,12,2,1564
2006,0,12,3,5197
2006,0,12,4,30277
2006,0,12,5,16329
2006,0,12,6,4789
2006,1,0,1,54300
2006,1,0,2,45384
2006,1,0,3,68189
2006,1,0,4,111241
2006,1,0,5,68050
2006,1,0,6,66682
2006,1,1,1,1843
2006,1,1,2,1621
2006,1,1,3,1639
2006,1,1,4,1280
2006,1,1,5,1331
2006,1,1,6,1729
2006,1,2,1,778
2006,1,2,2,626
2006,1,2,3,4034
2006,1,2,4,15392
2006,1,2,5,2824
2006,1,2,6,1908
2006,1,3,1,882
2006,1,3,2,704
2006,1,3,3,1784
2006,1,3,4,8977
2006,1,3,5,4812
2006,1,3,6,1282
2006,1,4,1,176
2006,1,4,2,101
2006,1,4,3,296
2006,1,4,4,1219
2006,1,4,5,1061
2006,1,4,6,406
2006,1,5,1,47348
2006,1,5,2,40524
2006,1,5,3,54775
2006,1,5,4,72822
2006,1,5,5,48961
2006,1,5,6,56202
2006,1,8,1,3238
2006,1,8,2,1790
2006,1,8,3,5649
2006,1,8,4,11548
2006,1,8,5,9055
2006,1,8,6,5124
2006,1,9,1,11758
2006,1,9,2,22263
2006,1,9,3,10618
2006,1,9,4,15642
2006,1,9,5,9466
2006,1,9,6,8792
2006,1,10,1,4981
2006,1,10,2,2789
2006,1,10,3,10165
2006,1,10,4,27029
2006,1,10,5,12124
2006,1,10,6,7788
2006,1,11,1,36840
2006,1,11,2,19927
2006,1,11,3,45877
2006,1,11,4,60286
2006,1,11,5,42239
2006,1,11,6,48999
2006,1,12,1,695
2006,1,12,2,392
2006,1,12,3,1519
2006,1,12,4,8281
2006,1,12,5,4217
2006,1,12,6,1081
2006,2,0,1,55886
2006,2,0,2,45828
2006,2,0,3,70968
2006,2,0,4,110294
2006,2,0,5,69880
2006,2,0,6,70997
2006,2,1,1,1777
2006,2,1,2,1714
2006,2,1,3,1626
2006,2,1,4,1325
2006,2,1,5,1355
2006,2,1,6,1748
2006,2,2,1,849
2006,2,2,2,689
2006,2,2,3,4282
2006,2,2,4,15076
2006,2,2,5,3402
2006,2,2,6,2194
2006,2,3,1,856
2006,2,3,2,686
2006,2,3,3,1609
2006,2,3,4,8940
2006,2,3,5,4911
2006,2,3,6,1474
2006,2,4,1,180
2006,2,4,2,109
2006,2,4,3,327
2006,2,4,4,1135
2006,2,4,5,1046
2006,2,4,6,431
2006,2,5,1,49385
2006,2,5,2,40959
2006,2,5,3,58170
2006,2,5,4,74133
2006,2,5,5,51175
2006,2,5,6,60424
2006,2,8,1,2803
2006,2,8,2,1650
2006,2,8,3,4941
2006,2,8,4,9682
2006,2,8,5,7985
2006,2,8,6,4690
2006,2,9,1,10680
2006,2,9,2,20711
2006,2,9,3,9493
2006,2,9,4,13481
2006,2,9,5,8244
2006,2,9,6,7953
2006,2,10,1,4716
2006,2,10,2,2942
2006,2,10,3,9961
2006,2,10,4,25237
2006,2,10,5,12126
2006,2,10,6,7884
2006,2,11,1,39762
2006,2,11,2,21735
2006,2,11,3,50127
2006,2,11,4,63241
2006,2,11,5,45084
2006,2,11,6,53862
2006,2,12,1,704
2006,2,12,2,428
2006,2,12,3,1376
2006,2,12,4,8332
2006,2,12,5,4423
2006,2,12,6,1273
2006,3,0,1,59447
2006,3,0,2,46469
2006,3,0,3,74929
2006,3,0,4,110747
2006,3,0,5,73503
2006,3,0,6,77001
2006,3,1,1,1875
2006,3,1,2,1687
2006,3,1,3,1848
2006,3,1,4,1399
2006,3,1,5,1442
2006,3,1,6,1950
2006,3,2,1,850
2006,3,2,2,700
2006,3,2,3,4395
2006,3,2,4,14251
2006,3,2,5,3760
2006,3,2,6,2515
2006,3,3,1,876
2006,3,3,2,695
2006,3,3,3,1583
2006,3,3,4,8977
2006,3,3,5,5190
2006,3,3,6,1615
2006,3,4,1,190
2006,3,4,2,103
2006,3,4,3,304
2006,3,4,4,1147
2006,3,4,5,1082
2006,3,4,6,483
2006,3,5,1,53013
2006,3,5,2,41746
2006,3,5,3,62299
2006,3,5,4,76403
2006,3,5,5,54529
2006,3,5,6,65683
2006,3,8,1,2610
2006,3,8,2,1517
2006,3,8,3,4483
2006,3,8,4,8567
2006,3,8,5,7495
2006,3,8,6,4722
2006,3,9,1,9765
2006,3,9,2,19048
2006,3,9,3,8403
2006,3,9,4,11762
2006,3,9,5,7380
2006,3,9,6,7243
2006,3,10,1,4713
2006,3,10,2,2829
2006,3,10,3,9952
2006,3,10,4,23663
2006,3,10,5,12295
2006,3,10,6,8585
2006,3,11,1,44212
2006,3,11,2,24126
2006,3,11,3,55162
2006,3,11,4,66907
2006,3,11,5,49041
2006,3,11,6,59699
2006,3,12,1,731
2006,3,12,2,454
2006,3,12,3,1403
2006,3,12,4,8413
2006,3,12,5,4781
2006,3,12,6,1450
2006,4,0,1,38075
2006,4,0,2,28969
2006,4,0,3,47269
2006,4,0,4,69005
2006,4,0,5,46000
2006,4,0,6,48341
2006,4,1,1,1187
2006,4,1,2,949
2006,4,1,3,1110
2006,4,1,4,938
2006,4,1,5,899
2006,4,1,6,1231
2006,4,2,1,614
2006,4,2,2,478
2006,4,2,3,2945
2006,4,2,4,9311
2006,4,2,5,2644
2006,4,2,6,1611
2006,4,3,1,549
2006,4,3,2,435
2006,4,3,3,985
2006,4,3,4,5541
2006,4,3,5,3151
2006,4,3,6,1076
2006,4,4,1,121
2006,4,4,2,65
2006,4,4,3,216
2006,4,4,4,751
2006,4,4,5,748
2006,4,4,6,312
2006,4,5,1,34103
2006,4,5,2,26176
2006,4,5,3,39493
2006,4,5,4,47626
2006,4,5,5,34393
2006,4,5,6,41440
2006,4,8,1,1464
2006,4,8,2,847
2006,4,8,3,2505
2006,4,8,4,4835
2006,4,8,5,4159
2006,4,8,6,2639
2006,4,9,1,5813
2006,4,9,2,11238
2006,4,9,3,4795
2006,4,9,4,6737
2006,4,9,5,4148
2006,4,9,6,4145
2006,4,10,1,2912
2006,4,10,2,1718
2006,4,10,3,6161
2006,4,10,4,14878
2006,4,10,5,7651
2006,4,10,6,5163
2006,4,11,1,28860
2006,4,11,2,15721
2006,4,11,3,35409
2006,4,11,4,42140
2006,4,11,5,31292
2006,4,11,6,38045
2006,4,12,1,468
2006,4,12,2,280
2006,4,12,3,893
2006,4,12,4,5248
2006,4,12,5,2904
2006,4,12,6,966
2006,6,0,1,831367
2006,6,0,2,582534
2006,6,0,3,1070891
2006,6,0,4,1845208
2006,6,0,5,1018099
2006,6,0,6,1072138
2006,6,1,1,20268
2006,6,1,2,16729
2006,6,1,3,19492
2006,6,1,4,18695
2006,6,1,5,16307
2006,6,1,6,21378
2006,6,2,1,14921
2006,6,2,2,10179
2006,6,2,3,65479
2006,6,2,4,247431
2006,6,2,5,56643
2006,6,2,6,33015
2006,6,3,1,10677
2006,6,3,2,8203
2006,6,3,3,20293
2006,6,3,4,113458
2006,6,3,5,61959
2006,6,3,6,17504
2006,6,4,1,2061
2006,6,4,2,1159
2006,6,4,3,3872
2006,6,4,4,13062
2006,6,4,5,11640
2006,6,4,6,5029
2006,6,5,1,761849
2006,6,5,2,533645
2006,6,5,3,926351
2006,6,5,4,1379104
2006,6,5,5,816780
2006,6,5,6,960093
2006,6,8,1,21573
2006,6,8,2,12610
2006,6,8,3,35400
2006,6,8,4,73457
2006,6,8,5,54768
2006,6,8,6,35109
2006,6,9,1,91968
2006,6,9,2,172384
2006,6,9,3,84528
2006,6,9,4,140885
2006,6,9,5,73740
2006,6,9,6,67717
2006,6,10,1,51778
2006,6,10,2,31112
2006,6,10,3,114576
2006,6,10,4,335176
2006,6,10,5,126843
2006,6,10,6,85598
2006,6,11,1,678331
2006,6,11,2,372937
2006,6,11,3,853335
2006,6,11,4,1261264
2006,6,11,5,759683
2006,6,11,6,902824
2006,6,12,1,9282
2006,6,12,2,6099
2006,6,12,3,18452
2006,6,12,4,107882
2006,6,12,5,57833
2006,6,12,6,15998
