date,ageCensus,ethnicityCensus,geog,datacol
2014,0,0,1,7.72
2014,0,0,2,5.63
2014,0,0,3,4.90
2014,0,0,4,3.07
2014,0,0,5,5.71
2014,0,0,6,6.32
2014,0,1,1,14.59
2014,0,1,2,20.40
2014,0,1,3,20.07
2014,0,1,4,24.40
2014,0,1,5,15.76
2014,0,1,6,14.92
2014,0,2,1,3.06
2014,0,2,2,1.79
2014,0,2,3,.41
2014,0,2,4,.31
2014,0,2,5,1.21
2014,0,2,6,4.39
2014,0,3,1,20.31
2014,0,3,2,23.95
2014,0,3,3,11.33
2014,0,3,4,8.96
2014,0,3,5,10.83
2014,0,3,6,13.41
2014,0,4,1,11.27
2014,0,4,3,2.96
2014,0,4,4,5.08
2014,0,4,5,2.80
2014,0,4,6,8.48
2014,0,5,1,7.57
2014,0,5,2,6.96
2014,0,5,3,4.80
2014,0,5,4,2.47
2014,0,5,5,5.35
2014,0,5,6,5.88
2014,0,6,2,.12
2014,0,6,3,.10
2014,0,6,6,4.59
2014,0,8,1,16.87
2014,0,8,2,7.63
2014,0,8,3,7.36
2014,0,8,4,5.52
2014,0,8,5,7.61
2014,0,8,6,10.23
2014,0,9,1,5.15
2014,0,9,2,4.25
2014,0,9,3,4.42
2014,0,9,4,3.29
2014,0,9,5,5.13
2014,0,9,6,6.97
2014,0,10,1,16.59
2014,0,10,2,12.98
2014,0,10,3,6.64
2014,0,10,4,3.34
2014,0,10,5,6.33
2014,0,10,6,10.05
2014,0,11,1,7.18
2014,0,11,2,5.79
2014,0,11,3,4.39
2014,0,11,4,2.00
2014,0,11,5,5.12
2014,0,11,6,5.35
2014,0,12,1,22.39
2014,0,12,2,31.88
2014,0,12,3,11.28
2014,0,12,4,9.08
2014,0,12,5,11.39
2014,0,12,6,12.88
2014,1,0,1,11.77
2014,1,0,2,8.08
2014,1,0,3,7.74
2014,1,0,4,4.43
2014,1,0,5,9.06
2014,1,0,6,10.28
2014,1,1,1,21.26
2014,1,1,2,38.01
2014,1,1,3,37.88
2014,1,1,4,38.84
2014,1,1,5,30.47
2014,1,1,6,29.00
2014,1,2,1,7.81
2014,1,2,3,.65
2014,1,2,4,.22
2014,1,2,5,2.46
2014,1,2,6,95.24
2014,1,3,1,22.39
2014,1,3,2,34.29
2014,1,3,3,16.97
2014,1,3,4,13.70
2014,1,3,5,15.75
2014,1,3,6,26.57
2014,1,4,1,4.67
2014,1,4,3,3.77
2014,1,4,4,2.86
2014,1,4,5,2.38
2014,1,4,6,21.28
2014,1,5,1,11.97
2014,1,5,2,9.99
2014,1,5,3,7.96
2014,1,5,4,3.79
2014,1,5,5,8.56
2014,1,5,6,10.12
2014,1,8,1,22.24
2014,1,8,2,9.06
2014,1,8,3,8.20
2014,1,8,4,5.84
2014,1,8,5,11.12
2014,1,8,6,11.33
2014,1,9,1,7.34
2014,1,9,2,5.32
2014,1,9,3,5.09
2014,1,9,4,3.27
2014,1,9,5,4.68
2014,1,9,6,8.63
2014,1,10,1,23.66
2014,1,10,2,21.48
2014,1,10,3,9.58
2014,1,10,4,4.22
2014,1,10,5,11.43
2014,1,10,6,14.42
2014,1,11,1,11.63
2014,1,11,2,9.14
2014,1,11,3,7.72
2014,1,11,4,3.50
2014,1,11,5,8.76
2014,1,11,6,9.65
2014,1,12,1,22.53
2014,1,12,2,44.32
2014,1,12,3,17.75
2014,1,12,4,13.77
2014,1,12,5,17.09
2014,1,12,6,28.14
2014,2,0,1,6.84
2014,2,0,2,5.25
2014,2,0,3,5.10
2014,2,0,4,2.63
2014,2,0,5,5.61
2014,2,0,6,5.68
2014,2,1,1,11.17
2014,2,1,2,13.62
2014,2,1,3,14.13
2014,2,1,4,12.90
2014,2,1,5,17.26
2014,2,1,6,16.92
2014,2,2,1,32.26
2014,2,2,2,2.96
2014,2,2,3,.46
2014,2,2,4,.23
2014,2,2,6,6.49
2014,2,3,1,14.66
2014,2,3,2,27.40
2014,2,3,3,9.20
2014,2,3,4,6.15
2014,2,3,5,12.03
2014,2,3,6,9.89
2014,2,4,1,10.75
2014,2,4,3,7.43
2014,2,4,4,6.58
2014,2,4,5,4.14
2014,2,4,6,4.83
2014,2,5,1,6.67
2014,2,5,2,6.70
2014,2,5,3,5.15
2014,2,5,4,2.15
2014,2,5,5,5.30
2014,2,5,6,4.94
2014,2,6,2,.14
2014,2,6,3,1.34
2014,2,6,6,3.80
2014,2,8,1,18.08
2014,2,8,2,6.98
2014,2,8,3,8.40
2014,2,8,4,6.49
2014,2,8,5,7.25
2014,2,8,6,12.26
2014,2,9,1,4.38
2014,2,9,2,4.21
2014,2,9,3,5.25
2014,2,9,4,2.83
2014,2,9,5,5.40
2014,2,9,6,6.50
2014,2,10,1,16.46
2014,2,10,2,9.87
2014,2,10,3,6.12
2014,2,10,4,3.36
2014,2,10,5,5.14
2014,2,10,6,11.70
2014,2,11,1,6.46
2014,2,11,2,5.54
2014,2,11,3,4.66
2014,2,11,4,1.76
2014,2,11,5,5.12
2014,2,11,6,4.44
2014,2,12,1,21.78
2014,2,12,2,32.07
2014,2,12,3,10.22
2014,2,12,4,5.96
2014,2,12,5,12.78
2014,2,12,6,8.34
2014,3,0,1,5.49
2014,3,0,2,4.11
2014,3,0,3,3.08
2014,3,0,4,1.99
2014,3,0,5,3.42
2014,3,0,6,3.66
2014,3,1,1,13.66
2014,3,1,2,12.59
2014,3,1,3,17.69
2014,3,1,4,19.89
2014,3,1,5,6.76
2014,3,1,6,8.81
2014,3,2,1,4.93
2014,3,2,4,.25
2014,3,2,5,1.06
2014,3,2,6,3.47
2014,3,3,1,22.11
2014,3,3,2,18.22
2014,3,3,3,8.68
2014,3,3,4,5.91
2014,3,3,5,5.89
2014,3,3,6,8.52
2014,3,4,1,4.74
2014,3,4,3,16.88
2014,3,4,4,3.89
2014,3,4,5,3.09
2014,3,5,1,5.34
2014,3,5,2,5.03
2014,3,5,3,2.72
2014,3,5,4,1.49
2014,3,5,5,3.16
2014,3,5,6,3.34
2014,3,6,6,6.80
2014,3,8,1,13.00
2014,3,8,2,7.36
2014,3,8,3,5.87
2014,3,8,4,3.66
2014,3,8,5,4.40
2014,3,8,6,7.61
2014,3,9,1,3.96
2014,3,9,2,3.37
2014,3,9,3,2.87
2014,3,9,4,3.25
2014,3,9,5,5.25
2014,3,9,6,5.42
2014,3,10,1,11.04
2014,3,10,2,9.38
2014,3,10,3,5.53
2014,3,10,4,2.28
2014,3,10,5,3.29
2014,3,10,6,6.03
2014,3,11,1,5.11
2014,3,11,2,3.88
2014,3,11,3,2.41
2014,3,11,4,1.02
2014,3,11,5,2.82
2014,3,11,6,2.89
2014,3,12,1,24.82
2014,3,12,2,29.05
2014,3,12,3,8.72
2014,3,12,4,5.59
2014,3,12,5,5.95
2014,3,12,6,9.18
2014,4,0,1,6.47
2014,4,0,2,4.70
2014,4,0,3,3.22
2014,4,0,4,3.23
2014,4,0,5,4.23
2014,4,0,6,5.75
2014,4,1,1,24.86
2014,4,1,2,11.80
2014,4,1,3,8.47
2014,4,1,4,28.35
2014,4,1,5,8.23
2014,4,1,6,16.79
2014,4,2,2,18.52
2014,4,2,3,.37
2014,4,2,4,1.01
2014,4,2,5,2.07
2014,4,2,6,5.22
2014,4,3,1,28.50
2014,4,3,2,29.54
2014,4,3,3,12.85
2014,4,3,4,10.37
2014,4,3,5,8.76
2014,4,3,6,15.40
2014,4,4,1,10.10
2014,4,4,3,166.67
2014,4,4,4,4.84
2014,4,4,5,1.66
2014,4,5,1,6.15
2014,4,5,2,5.52
2014,4,5,3,3.02
2014,4,5,4,2.30
2014,4,5,5,4.03
2014,4,5,6,5.40
2014,4,6,2,3.10
2014,4,6,6,5.71
2014,4,8,1,15.63
2014,4,8,2,12.66
2014,4,8,3,6.98
2014,4,8,4,5.44
2014,4,8,5,5.83
2014,4,8,6,9.82
2014,4,9,1,6.53
2014,4,9,2,3.84
2014,4,9,3,3.82
2014,4,9,4,5.32
2014,4,9,5,4.30
2014,4,9,6,9.67
2014,4,10,1,15.51
2014,4,10,2,12.94
2014,4,10,3,4.26
2014,4,10,4,3.25
2014,4,10,5,4.86
2014,4,10,6,7.41
2014,4,11,1,5.52
2014,4,11,2,4.41
2014,4,11,3,2.55
2014,4,11,4,1.83
2014,4,11,5,3.45
2014,4,11,6,4.73
2014,4,12,1,35.04
2014,4,12,2,29.41
2014,4,12,3,13.55
2014,4,12,4,9.63
2014,4,12,5,9.76
2014,4,12,6,12.32
2013,0,0,1,6.87
2013,0,0,2,5.11
2013,0,0,3,4.59
2013,0,0,4,2.73
2013,0,0,5,5.73
2013,0,0,6,5.88
2013,0,1,1,14.42
2013,0,1,2,11.47
2013,0,1,3,19.36
2013,0,1,4,21.77
2013,0,1,5,10.81
2013,0,1,6,13.30
2013,0,2,1,2.62
2013,0,2,2,.90
2013,0,2,3,.78
2013,0,2,4,.28
2013,0,2,5,.81
2013,0,2,6,3.01
2013,0,3,1,25.71
2013,0,3,2,17.00
2013,0,3,3,9.65
2013,0,3,4,7.96
2013,0,3,5,13.48
2013,0,3,6,11.32
2013,0,4,1,12.57
2013,0,4,2,285.71
2013,0,4,3,4.29
2013,0,4,4,2.78
2013,0,4,5,2.35
2013,0,4,6,11.44
2013,0,5,1,6.70
2013,0,5,2,6.53
2013,0,5,3,4.42
2013,0,5,4,2.18
2013,0,5,5,5.29
2013,0,5,6,5.70
2013,0,6,1,.22
2013,0,6,2,.25
2013,0,6,6,4.59
2013,0,8,1,14.41
2013,0,8,2,8.04
2013,0,8,3,7.40
2013,0,8,4,5.18
2013,0,8,5,7.73
2013,0,8,6,8.71
2013,0,9,1,4.47
2013,0,9,2,3.93
2013,0,9,3,4.31
2013,0,9,4,2.85
2013,0,9,5,5.06
2013,0,9,6,6.58
2013,0,10,1,14.08
2013,0,10,2,10.54
2013,0,10,3,6.71
2013,0,10,4,2.90
2013,0,10,5,6.11
2013,0,10,6,8.33
2013,0,11,1,6.45
2013,0,11,2,5.45
2013,0,11,3,3.98
2013,0,11,4,1.85
2013,0,11,5,4.98
2013,0,11,6,5.16
2013,0,12,1,24.37
2013,0,12,2,22.08
2013,0,12,3,9.25
2013,0,12,4,8.07
2013,0,12,5,14.17
2013,0,12,6,10.75
2013,1,0,1,10.24
2013,1,0,2,7.00
2013,1,0,3,7.28
2013,1,0,4,3.88
2013,1,0,5,9.36
2013,1,0,6,9.11
2013,1,1,1,17.71
2013,1,1,2,18.95
2013,1,1,3,39.34
2013,1,1,4,30.18
2013,1,1,5,18.94
2013,1,1,6,26.00
2013,1,2,2,3.31
2013,1,2,3,.88
2013,1,2,4,.11
2013,1,2,5,1.42
2013,1,2,6,6.13
2013,1,3,1,37.80
2013,1,3,2,19.69
2013,1,3,3,11.85
2013,1,3,4,11.63
2013,1,3,5,18.94
2013,1,3,6,11.86
2013,1,4,1,4.65
2013,1,4,3,3.77
2013,1,4,4,.72
2013,1,4,5,2.39
2013,1,4,6,29.63
2013,1,5,1,10.53
2013,1,5,2,9.12
2013,1,5,3,7.30
2013,1,5,4,3.19
2013,1,5,5,9.12
2013,1,5,6,9.34
2013,1,6,2,.39
2013,1,8,1,19.40
2013,1,8,2,10.43
2013,1,8,3,9.17
2013,1,8,4,6.36
2013,1,8,5,11.27
2013,1,8,6,10.46
2013,1,9,1,6.01
2013,1,9,2,5.06
2013,1,9,3,4.86
2013,1,9,4,2.44
2013,1,9,5,6.31
2013,1,9,6,7.78
2013,1,10,1,17.82
2013,1,10,2,15.04
2013,1,10,3,10.15
2013,1,10,4,4.03
2013,1,10,5,10.42
2013,1,10,6,11.93
2013,1,11,1,10.36
2013,1,11,2,8.14
2013,1,11,3,7.10
2013,1,11,4,3.13
2013,1,11,5,8.82
2013,1,11,6,8.77
2013,1,12,1,39.77
2013,1,12,2,27.93
2013,1,12,3,13.81
2013,1,12,4,11.48
2013,1,12,5,20.42
2013,1,12,6,13.25
2013,2,0,1,5.68
2013,2,0,2,4.10
2013,2,0,3,4.46
2013,2,0,4,2.30
2013,2,0,5,4.93
2013,2,0,6,5.08
2013,2,1,1,11.47
2013,2,1,2,2.54
2013,2,1,3,12.03
2013,2,1,4,19.02
2013,2,1,5,12.16
2013,2,1,6,15.16
2013,2,2,1,24.39
2013,2,2,3,1.16
2013,2,2,4,.29
2013,2,2,5,.35
2013,2,2,6,5.41
2013,2,3,1,19.93
2013,2,3,2,23.44
2013,2,3,3,10.28
2013,2,3,4,5.00
2013,2,3,5,13.14
2013,2,3,6,8.98
2013,2,4,1,10.64
2013,2,4,3,7.43
2013,2,4,4,4.99
2013,2,4,6,250.00
2013,2,5,1,5.84
2013,2,5,2,5.25
2013,2,5,3,4.50
2013,2,5,4,1.93
2013,2,5,5,4.63
2013,2,5,6,4.78
2013,2,6,2,.46
2013,2,6,6,3.80
2013,2,8,1,11.91
2013,2,8,2,7.77
2013,2,8,3,6.88
2013,2,8,4,5.03
2013,2,8,5,6.09
2013,2,8,6,7.85
2013,2,9,1,3.69
2013,2,9,2,3.55
2013,2,9,3,5.23
2013,2,9,4,2.75
2013,2,9,5,4.51
2013,2,9,6,6.21
2013,2,10,1,10.48
2013,2,10,2,6.06
2013,2,10,3,5.65
2013,2,10,4,2.53
2013,2,10,5,4.12
2013,2,10,6,8.53
2013,2,11,1,5.76
2013,2,11,2,4.18
2013,2,11,3,3.85
2013,2,11,4,1.71
2013,2,11,5,4.47
2013,2,11,6,4.28
2013,2,12,1,16.01
2013,2,12,2,38.67
2013,2,12,3,7.81
2013,2,12,4,4.88
2013,2,12,5,13.73
2013,2,12,6,7.30
2013,3,0,1,5.29
2013,3,0,2,4.24
2013,3,0,3,2.84
2013,3,0,4,1.87
2013,3,0,5,3.52
2013,3,0,6,3.47
2013,3,1,1,19.61
2013,3,1,2,9.47
2013,3,1,3,10.53
2013,3,1,4,20.09
2013,3,1,5,5.95
2013,3,1,6,5.26
2013,3,2,1,6.27
2013,3,2,3,.24
2013,3,2,4,.19
2013,3,2,5,1.13
2013,3,2,6,2.17
2013,3,3,1,28.33
2013,3,3,2,11.24
2013,3,3,3,6.85
2013,3,3,4,5.76
2013,3,3,5,7.50
2013,3,3,6,12.10
2013,3,4,1,4.72
2013,3,4,3,16.88
2013,3,4,4,.79
2013,3,4,5,3.12
2013,3,5,1,4.73
2013,3,5,2,5.42
2013,3,5,3,2.66
2013,3,5,4,1.44
2013,3,5,5,2.99
2013,3,5,6,3.18
2013,3,6,6,10.20
2013,3,8,1,14.61
2013,3,8,2,8.60
2013,3,8,3,5.45
2013,3,8,4,3.35
2013,3,8,5,5.28
2013,3,8,6,6.35
2013,3,9,1,3.77
2013,3,9,2,3.24
2013,3,9,3,2.81
2013,3,9,4,2.91
2013,3,9,5,3.72
2013,3,9,6,4.49
2013,3,10,1,13.59
2013,3,10,2,8.89
2013,3,10,3,4.70
2013,3,10,4,2.09
2013,3,10,5,4.29
2013,3,10,6,4.99
2013,3,11,1,4.56
2013,3,11,2,4.44
2013,3,11,3,2.29
2013,3,11,4,1.02
2013,3,11,5,2.79
2013,3,11,6,2.84
2013,3,12,1,15.73
2013,3,12,2,14.97
2013,3,12,3,7.42
2013,3,12,4,5.31
2013,3,12,5,8.18
2013,3,12,6,12.35
2013,4,0,1,6.16
2013,4,0,2,5.15
2013,4,0,3,3.53
2013,4,0,4,2.89
2013,4,0,5,4.76
2013,4,0,6,6.28
2013,4,1,1,25.75
2013,4,1,2,18.77
2013,4,1,3,15.82
2013,4,1,4,18.18
2013,4,1,5,6.87
2013,4,1,6,18.22
2013,4,2,1,200.00
2013,4,2,3,.37
2013,4,2,4,1.03
2013,4,2,5,1.06
2013,4,2,6,2.63
2013,4,3,1,26.83
2013,4,3,2,29.05
2013,4,3,3,14.91
2013,4,3,4,10.14
2013,4,3,5,14.52
2013,4,3,6,12.81
2013,4,4,1,9.90
2013,4,4,4,3.66
2013,4,4,5,1.67
2013,4,5,1,5.65
2013,4,5,2,6.04
2013,4,5,3,3.01
2013,4,5,4,2.02
2013,4,5,5,4.15
2013,4,5,6,6.04
2013,4,6,1,1.40
2013,4,6,2,.77
2013,4,8,1,17.53
2013,4,8,2,8.71
2013,4,8,3,7.89
2013,4,8,4,5.19
2013,4,8,5,7.08
2013,4,8,6,12.02
2013,4,9,1,4.36
2013,4,9,2,4.63
2013,4,9,3,3.69
2013,4,9,4,4.91
2013,4,9,5,4.55
2013,4,9,6,9.55
2013,4,10,1,16.23
2013,4,10,2,14.33
2013,4,10,3,5.90
2013,4,10,4,2.56
2013,4,10,5,5.41
2013,4,10,6,8.54
2013,4,11,1,5.35
2013,4,11,2,5.09
2013,4,11,3,2.59
2013,4,11,4,1.59
2013,4,11,5,3.57
2013,4,11,6,5.25
2013,4,12,1,25.84
2013,4,12,2,28.41
2013,4,12,3,15.78
2013,4,12,4,9.75
2013,4,12,5,15.17
2013,4,12,6,12.64
2012,0,0,1,6.11
2012,0,0,2,4.79
2012,0,0,3,4.25
2012,0,0,4,2.75
2012,0,0,5,5.93
2012,0,0,6,5.63
2012,0,1,1,12.10
2012,0,1,2,7.39
2012,0,1,3,20.98
2012,0,1,4,22.63
2012,0,1,5,17.24
2012,0,1,6,12.07
2012,0,2,1,1.34
2012,0,2,3,.92
2012,0,2,4,.40
2012,0,2,5,.89
2012,0,2,6,1.54
2012,0,3,1,13.54
2012,0,3,2,16.18
2012,0,3,3,7.71
2012,0,3,4,7.94
2012,0,3,5,14.73
2012,0,3,6,13.33
2012,0,4,1,3.75
2012,0,4,2,85.71
2012,0,4,3,1.85
2012,0,4,4,6.79
2012,0,4,5,2.03
2012,0,4,6,4.13
2012,0,5,1,6.32
2012,0,5,2,6.22
2012,0,5,3,4.12
2012,0,5,4,2.10
2012,0,5,5,5.45
2012,0,5,6,5.48
2012,0,6,1,.08
2012,0,6,2,.26
2012,0,6,6,4.31
2012,0,8,1,11.10
2012,0,8,2,7.50
2012,0,8,3,6.19
2012,0,8,4,5.06
2012,0,8,5,7.20
2012,0,8,6,8.09
2012,0,9,1,4.13
2012,0,9,2,3.59
2012,0,9,3,3.94
2012,0,9,4,2.87
2012,0,9,5,5.23
2012,0,9,6,6.62
2012,0,10,1,10.46
2012,0,10,2,8.37
2012,0,10,3,6.14
2012,0,10,4,3.20
2012,0,10,5,6.47
2012,0,10,6,7.56
2012,0,11,1,6.04
2012,0,11,2,5.40
2012,0,11,3,3.70
2012,0,11,4,1.71
2012,0,11,5,5.03
2012,0,11,6,4.90
2012,0,12,1,15.62
2012,0,12,2,20.01
2012,0,12,3,8.02
2012,0,12,4,7.92
2012,0,12,5,15.65
2012,0,12,6,12.53
2012,1,0,1,9.23
2012,1,0,2,6.80
2012,1,0,3,6.92
2012,1,0,4,3.72
2012,1,0,5,9.50
2012,1,0,6,8.52
2012,1,1,1,8.00
2012,1,1,2,12.34
2012,1,1,3,40.49
2012,1,1,4,30.15
2012,1,1,5,36.61
2012,1,1,6,21.29
2012,1,2,1,3.81
2012,1,2,3,1.27
2012,1,2,4,.21
2012,1,2,5,2.11
2012,1,2,6,2.89
2012,1,3,1,22.26
2012,1,3,2,20.04
2012,1,3,3,8.79
2012,1,3,4,9.10
2012,1,3,5,20.83
2012,1,3,6,17.18
2012,1,4,3,3.48
2012,1,4,4,11.81
2012,1,4,5,3.03
2012,1,4,6,20.13
2012,1,5,1,10.34
2012,1,5,2,9.12
2012,1,5,3,7.29
2012,1,5,4,3.00
2012,1,5,5,8.72
2012,1,5,6,8.74
2012,1,6,2,.39
2012,1,6,6,2.67
2012,1,8,1,16.93
2012,1,8,2,10.30
2012,1,8,3,6.69
2012,1,8,4,6.25
2012,1,8,5,11.08
2012,1,8,6,9.50
2012,1,9,1,6.29
2012,1,9,2,5.12
2012,1,9,3,5.29
2012,1,9,4,2.71
2012,1,9,5,6.72
2012,1,9,6,8.02
2012,1,10,1,13.57
2012,1,10,2,11.60
2012,1,10,3,9.09
2012,1,10,4,4.48
2012,1,10,5,11.83
2012,1,10,6,10.88
2012,1,11,1,10.26
2012,1,11,2,8.09
2012,1,11,3,6.81
2012,1,11,4,2.85
2012,1,11,5,8.26
2012,1,11,6,8.06
2012,1,12,1,24.44
2012,1,12,2,28.21
2012,1,12,3,9.31
2012,1,12,4,8.76
2012,1,12,5,22.87
2012,1,12,6,17.54
2012,2,0,1,5.04
2012,2,0,2,3.82
2012,2,0,3,3.86
2012,2,0,4,1.99
2012,2,0,5,5.18
2012,2,0,6,4.75
2012,2,1,1,10.00
2012,2,1,2,.78
2012,2,1,3,17.40
2012,2,1,4,16.16
2012,2,1,5,10.38
2012,2,1,6,12.41
2012,2,2,3,.90
2012,2,2,4,.39
2012,2,2,5,.34
2012,2,2,6,5.03
2012,2,3,1,5.68
2012,2,3,2,16.95
2012,2,3,3,6.17
2012,2,3,4,5.39
2012,2,3,5,13.94
2012,2,3,6,10.73
2012,2,4,3,9.65
2012,2,4,4,4.83
2012,2,4,5,2.01
2012,2,5,1,5.27
2012,2,5,2,4.93
2012,2,5,3,3.50
2012,2,5,4,1.51
2012,2,5,5,5.20
2012,2,5,6,4.69
2012,2,6,1,.47
2012,2,6,2,.46
2012,2,6,6,3.60
2012,2,8,1,10.31
2012,2,8,2,8.50
2012,2,8,3,8.53
2012,2,8,4,4.21
2012,2,8,5,5.26
2012,2,8,6,7.32
2012,2,9,1,3.38
2012,2,9,2,3.00
2012,2,9,3,3.67
2012,2,9,4,2.25
2012,2,9,5,5.15
2012,2,9,6,6.94
2012,2,10,1,9.07
2012,2,10,2,7.25
2012,2,10,3,6.46
2012,2,10,4,2.50
2012,2,10,5,3.80
2012,2,10,6,7.08
2012,2,11,1,5.16
2012,2,11,2,4.29
2012,2,11,3,3.18
2012,2,11,4,1.23
2012,2,11,5,4.77
2012,2,11,6,4.03
2012,2,12,1,9.82
2012,2,12,2,15.04
2012,2,12,3,6.18
2012,2,12,4,4.96
2012,2,12,5,14.85
2012,2,12,6,9.48
2012,3,0,1,4.38
2012,3,0,2,3.46
2012,3,0,3,2.70
2012,3,0,4,2.13
2012,3,0,5,3.71
2012,3,0,6,3.61
2012,3,1,1,13.38
2012,3,1,2,6.76
2012,3,1,3,12.75
2012,3,1,4,24.70
2012,3,1,5,8.51
2012,3,1,6,9.25
2012,3,2,3,.46
2012,3,2,4,.31
2012,3,2,6,.70
2012,3,3,1,16.81
2012,3,3,2,12.88
2012,3,3,3,9.16
2012,3,3,4,7.13
2012,3,3,5,9.59
2012,3,3,6,14.71
2012,3,4,1,4.24
2012,3,4,3,11.81
2012,3,4,4,2.26
2012,3,4,5,2.00
2012,3,5,1,4.25
2012,3,5,2,4.51
2012,3,5,3,2.56
2012,3,5,4,1.59
2012,3,5,5,3.23
2012,3,5,6,3.34
2012,3,6,2,1.11
2012,3,6,6,9.46
2012,3,8,1,10.29
2012,3,8,2,5.41
2012,3,8,3,4.15
2012,3,8,4,3.07
2012,3,8,5,4.69
2012,3,8,6,6.00
2012,3,9,1,3.16
2012,3,9,2,2.52
2012,3,9,3,3.09
2012,3,9,4,3.31
2012,3,9,5,3.24
2012,3,9,6,4.48
2012,3,10,1,9.56
2012,3,10,2,5.80
2012,3,10,3,3.85
2012,3,10,4,2.17
2012,3,10,5,4.25
2012,3,10,6,4.96
2012,3,11,1,4.11
2012,3,11,2,3.99
2012,3,11,3,2.13
2012,3,11,4,1.14
2012,3,11,5,3.02
2012,3,11,6,2.98
2012,3,12,1,22.61
2012,3,12,2,14.16
2012,3,12,3,9.95
2012,3,12,4,6.54
2012,3,12,5,10.35
2012,3,12,6,14.03
2012,4,0,1,5.99
2012,4,0,2,5.31
2012,4,0,3,3.27
2012,4,0,4,3.38
2012,4,0,5,4.98
2012,4,0,6,5.99
2012,4,1,1,32.85
2012,4,1,2,18.79
2012,4,1,3,11.41
2012,4,1,4,19.56
2012,4,1,5,15.15
2012,4,1,6,20.18
2012,4,2,3,.74
2012,4,2,4,1.22
2012,4,2,5,2.16
2012,4,2,6,1.30
2012,4,3,1,22.06
2012,4,3,2,28.49
2012,4,3,3,12.41
2012,4,3,4,11.73
2012,4,3,5,14.07
2012,4,3,6,11.93
2012,4,4,1,8.70
2012,4,4,4,4.72
2012,4,4,5,1.63
2012,4,4,6,5.26
2012,4,5,1,5.52
2012,4,5,2,6.30
2012,4,5,3,2.97
2012,4,5,4,2.27
2012,4,5,5,4.39
2012,4,5,6,5.72
2012,4,6,1,1.37
2012,4,6,2,.44
2012,4,8,1,15.93
2012,4,8,2,11.11
2012,4,8,3,7.38
2012,4,8,4,6.87
2012,4,8,5,6.57
2012,4,8,6,12.15
2012,4,9,1,4.25
2012,4,9,2,3.76
2012,4,9,3,3.04
2012,4,9,4,4.64
2012,4,9,5,4.41
2012,4,9,6,8.74
2012,4,10,1,15.98
2012,4,10,2,12.01
2012,4,10,3,4.30
2012,4,10,4,3.56
2012,4,10,5,5.74
2012,4,10,6,7.94
2012,4,11,1,5.36
2012,4,11,2,5.41
2012,4,11,3,2.70
2012,4,11,4,1.77
2012,4,11,5,3.86
2012,4,11,6,5.07
2012,4,12,1,26.25
2012,4,12,2,41.67
2012,4,12,3,14.10
2012,4,12,4,11.61
2012,4,12,5,14.81
2012,4,12,6,11.14
2011,0,0,1,6.00
2011,0,0,2,6.03
2011,0,0,3,4.55
2011,0,0,4,2.93
2011,0,0,5,6.60
2011,0,0,6,5.78
2011,0,1,1,14.50
2011,0,1,2,32.37
2011,0,1,3,23.88
2011,0,1,4,24.00
2011,0,1,5,25.50
2011,0,1,6,15.37
2011,0,2,1,1.82
2011,0,2,2,4.94
2011,0,2,3,.40
2011,0,2,4,.41
2011,0,2,5,1.21
2011,0,2,6,1.57
2011,0,3,1,12.22
2011,0,3,2,21.35
2011,0,3,3,8.40
2011,0,3,4,10.45
2011,0,3,5,15.24
2011,0,3,6,16.68
2011,0,4,1,6.48
2011,0,4,2,21.74
2011,0,4,3,1.04
2011,0,4,4,4.47
2011,0,4,5,4.16
2011,0,4,6,4.91
2011,0,5,1,6.10
2011,0,5,2,6.93
2011,0,5,3,4.48
2011,0,5,4,2.11
2011,0,5,5,5.70
2011,0,5,6,5.20
2011,0,6,1,.33
2011,0,6,2,.34
2011,0,6,3,.10
2011,0,6,4,.19
2011,0,6,5,.09
2011,0,6,6,2.05
2011,0,8,1,11.18
2011,0,8,2,7.78
2011,0,8,3,6.06
2011,0,8,4,4.83
2011,0,8,5,9.00
2011,0,8,6,9.66
2011,0,9,1,4.60
2011,0,9,2,4.72
2011,0,9,3,4.40
2011,0,9,4,3.31
2011,0,9,5,4.70
2011,0,9,6,6.80
2011,0,10,1,10.93
2011,0,10,2,15.52
2011,0,10,3,6.17
2011,0,10,4,3.05
2011,0,10,5,8.60
2011,0,10,6,9.16
2011,0,11,1,5.74
2011,0,11,2,5.76
2011,0,11,3,4.06
2011,0,11,4,1.71
2011,0,11,5,5.54
2011,0,11,6,4.73
2011,0,12,1,12.27
2011,0,12,2,25.25
2011,0,12,3,8.39
2011,0,12,4,10.20
2011,0,12,5,15.75
2011,0,12,6,15.49
2011,1,0,1,9.08
2011,1,0,2,7.87
2011,1,0,3,7.64
2011,1,0,4,4.01
2011,1,0,5,10.43
2011,1,0,6,9.21
2011,1,1,1,13.08
2011,1,1,2,43.91
2011,1,1,3,40.43
2011,1,1,4,35.07
2011,1,1,5,54.17
2011,1,1,6,23.58
2011,1,2,3,.64
2011,1,2,4,.27
2011,1,2,5,1.27
2011,1,2,6,2.83
2011,1,3,1,23.49
2011,1,3,2,24.31
2011,1,3,3,10.26
2011,1,3,4,11.66
2011,1,3,5,20.91
2011,1,3,6,34.90
2011,1,4,1,12.99
2011,1,4,2,200.00
2011,1,4,4,7.91
2011,1,4,5,7.08
2011,1,4,6,13.99
2011,1,5,1,9.71
2011,1,5,2,9.45
2011,1,5,3,8.01
2011,1,5,4,3.21
2011,1,5,5,8.94
2011,1,5,6,8.70
2011,1,6,2,1.03
2011,1,6,3,1.26
2011,1,6,4,.12
2011,1,6,6,1.51
2011,1,8,1,17.83
2011,1,8,2,7.81
2011,1,8,3,8.14
2011,1,8,4,5.74
2011,1,8,5,13.83
2011,1,8,6,11.72
2011,1,9,1,6.80
2011,1,9,2,6.32
2011,1,9,3,6.96
2011,1,9,4,3.96
2011,1,9,5,5.63
2011,1,9,6,8.74
2011,1,10,1,15.54
2011,1,10,2,19.80
2011,1,10,3,9.70
2011,1,10,4,4.13
2011,1,10,5,15.29
2011,1,10,6,13.00
2011,1,11,1,9.16
2011,1,11,2,7.74
2011,1,11,3,7.26
2011,1,11,4,2.88
2011,1,11,5,8.98
2011,1,11,6,8.13
2011,1,12,1,25.78
2011,1,12,2,28.85
2011,1,12,3,9.54
2011,1,12,4,10.97
2011,1,12,5,22.63
2011,1,12,6,35.61
2011,2,0,1,4.42
2011,2,0,2,5.56
2011,2,0,3,3.89
2011,2,0,4,2.02
2011,2,0,5,5.83
2011,2,0,6,4.65
2011,2,1,1,12.74
2011,2,1,2,26.77
2011,2,1,3,23.83
2011,2,1,4,18.91
2011,2,1,5,21.35
2011,2,1,6,19.03
2011,2,2,2,11.36
2011,2,2,3,.23
2011,2,2,4,.29
2011,2,2,5,.35
2011,2,2,6,4.42
2011,2,3,1,4.31
2011,2,3,2,19.48
2011,2,3,3,6.77
2011,2,3,4,8.46
2011,2,3,5,12.81
2011,2,3,6,11.87
2011,2,4,3,7.22
2011,2,4,4,4.96
2011,2,4,5,3.10
2011,2,4,6,11.24
2011,2,5,1,4.57
2011,2,5,2,6.48
2011,2,5,3,3.71
2011,2,5,4,1.34
2011,2,5,5,5.35
2011,2,5,6,3.92
2011,2,6,2,.26
2011,2,6,3,1.01
2011,2,6,4,.41
2011,2,6,5,1.31
2011,2,6,6,8.55
2011,2,8,1,8.92
2011,2,8,2,10.11
2011,2,8,3,5.54
2011,2,8,4,3.02
2011,2,8,5,7.50
2011,2,8,6,9.93
2011,2,9,1,2.98
2011,2,9,2,4.68
2011,2,9,3,3.45
2011,2,9,4,2.52
2011,2,9,5,4.39
2011,2,9,6,7.36
2011,2,10,1,8.94
2011,2,10,2,15.91
2011,2,10,3,5.48
2011,2,10,4,1.97
2011,2,10,5,6.66
2011,2,10,6,9.03
2011,2,11,1,4.43
2011,2,11,2,5.16
2011,2,11,3,3.48
2011,2,11,4,1.05
2011,2,11,5,5.14
2011,2,11,6,3.28
2011,2,12,1,6.55
2011,2,12,2,18.92
2011,2,12,3,6.92
2011,2,12,4,8.14
2011,2,12,5,13.63
2011,2,12,6,10.17
2011,3,0,1,4.91
2011,3,0,2,4.63
2011,3,0,3,3.05
2011,3,0,4,2.40
2011,3,0,5,4.25
2011,3,0,6,3.74
2011,3,1,1,15.91
2011,3,1,2,29.17
2011,3,1,3,16.29
2011,3,1,4,22.75
2011,3,1,5,10.88
2011,3,1,6,11.06
2011,3,2,1,4.92
2011,3,2,3,.24
2011,3,2,4,.32
2011,3,2,5,1.13
2011,3,2,6,2.23
2011,3,3,1,11.86
2011,3,3,2,13.33
2011,3,3,3,7.72
2011,3,3,4,10.07
2011,3,3,5,10.75
2011,3,3,6,10.10
2011,3,4,4,.78
2011,3,4,5,4.11
2011,3,4,6,15.31
2011,3,5,1,4.86
2011,3,5,2,5.13
2011,3,5,3,2.93
2011,3,5,4,1.70
2011,3,5,5,3.55
2011,3,5,6,3.33
2011,3,6,1,.82
2011,3,6,2,.15
2011,3,6,4,.15
2011,3,6,6,13.25
2011,3,8,1,10.84
2011,3,8,2,9.23
2011,3,8,3,4.15
2011,3,8,4,3.27
2011,3,8,5,5.67
2011,3,8,6,6.46
2011,3,9,1,3.48
2011,3,9,2,3.32
2011,3,9,3,2.99
2011,3,9,4,3.04
2011,3,9,5,3.60
2011,3,9,6,5.07
2011,3,10,1,10.45
2011,3,10,2,14.47
2011,3,10,3,4.40
2011,3,10,4,2.28
2011,3,10,5,5.44
2011,3,10,6,6.01
2011,3,11,1,4.70
2011,3,11,2,4.44
2011,3,11,3,2.56
2011,3,11,4,1.32
2011,3,11,5,3.49
2011,3,11,6,3.07
2011,3,12,1,17.67
2011,3,12,2,54.69
2011,3,12,3,10.38
2011,3,12,4,9.22
2011,3,12,5,9.81
2011,3,12,6,9.49
2011,4,0,1,5.46
2011,4,0,2,6.13
2011,4,0,3,3.29
2011,4,0,4,3.46
2011,4,0,5,5.47
2011,4,0,6,5.77
2011,4,1,1,36.34
2011,4,1,2,42.62
2011,4,1,3,14.88
2011,4,1,4,19.40
2011,4,1,5,14.80
2011,4,1,6,15.17
2011,4,2,1,2.38
2011,4,2,2,16.95
2011,4,2,4,1.34
2011,4,2,5,3.19
2011,4,2,6,.75
2011,4,3,1,15.35
2011,4,3,2,37.14
2011,4,3,3,10.57
2011,4,3,4,12.54
2011,4,3,5,16.58
2011,4,3,6,13.94
2011,4,4,4,2.43
2011,4,4,5,1.65
2011,4,4,6,5.35
2011,4,5,1,5.06
2011,4,5,2,6.38
2011,4,5,3,3.01
2011,4,5,4,2.08
2011,4,5,5,4.71
2011,4,5,6,5.23
2011,4,6,1,2.10
2011,4,6,2,.66
2011,4,6,3,1.35
2011,4,6,4,.27
2011,4,6,5,1.26
2011,4,6,6,1.90
2011,4,8,1,11.49
2011,4,8,2,12.06
2011,4,8,3,7.88
2011,4,8,4,8.47
2011,4,8,5,6.67
2011,4,8,6,11.79
2011,4,9,1,5.66
2011,4,9,2,4.27
2011,4,9,3,2.81
2011,4,9,4,4.81
2011,4,9,5,3.95
2011,4,9,6,6.90
2011,4,10,1,13.38
2011,4,10,2,19.21
2011,4,10,3,4.46
2011,4,10,4,4.03
2011,4,10,5,5.87
2011,4,10,6,8.95
2011,4,11,1,4.79
2011,4,11,2,5.90
2011,4,11,3,2.84
2011,4,11,4,1.70
2011,4,11,5,4.36
2011,4,11,6,4.90
2011,4,12,1,15.96
2011,4,12,2,48.69
2011,4,12,3,11.16
2011,4,12,4,11.87
2011,4,12,5,18.12
2011,4,12,6,15.02
2010,0,0,1,6.51
2010,0,0,2,5.86
2010,0,0,3,4.80
2010,0,0,4,3.20
2010,0,0,5,6.01
2010,0,0,6,5.71
2010,0,1,1,18.30
2010,0,1,2,31.97
2010,0,1,3,23.66
2010,0,1,4,21.54
2010,0,1,5,26.22
2010,0,1,6,18.81
2010,0,2,1,1.84
2010,0,2,2,2.32
2010,0,2,3,.35
2010,0,2,4,.55
2010,0,2,5,1.22
2010,0,2,6,.54
2010,0,3,1,18.12
2010,0,3,2,19.25
2010,0,3,3,9.25
2010,0,3,4,11.43
2010,0,3,5,16.53
2010,0,3,6,12.23
2010,0,4,1,43.48
2010,0,4,3,.95
2010,0,4,4,2.40
2010,0,4,5,5.00
2010,0,4,6,3.09
2010,0,5,1,6.27
2010,0,5,2,6.69
2010,0,5,3,4.57
2010,0,5,4,2.33
2010,0,5,5,4.78
2010,0,5,6,5.19
2010,0,6,1,.85
2010,0,6,2,.47
2010,0,6,3,.55
2010,0,6,4,.48
2010,0,6,5,.18
2010,0,6,6,1.66
2010,0,8,1,13.28
2010,0,8,2,6.99
2010,0,8,3,7.50
2010,0,8,4,5.46
2010,0,8,5,8.30
2010,0,8,6,9.74
2010,0,9,1,4.52
2010,0,9,2,4.67
2010,0,9,3,4.32
2010,0,9,4,3.15
2010,0,9,5,4.48
2010,0,9,6,7.06
2010,0,10,1,13.40
2010,0,10,2,14.54
2010,0,10,3,7.13
2010,0,10,4,3.20
2010,0,10,5,8.00
2010,0,10,6,9.68
2010,0,11,1,6.05
2010,0,11,2,5.62
2010,0,11,3,4.23
2010,0,11,4,2.06
2010,0,11,5,4.69
2010,0,11,6,4.64
2010,0,12,1,18.73
2010,0,12,2,21.77
2010,0,12,3,8.57
2010,0,12,4,11.37
2010,0,12,5,16.91
2010,0,12,6,11.78
2010,1,0,1,8.98
2010,1,0,2,7.81
2010,1,0,3,7.69
2010,1,0,4,3.92
2010,1,0,5,8.64
2010,1,0,6,8.60
2010,1,1,1,22.29
2010,1,1,2,38.43
2010,1,1,3,41.86
2010,1,1,4,29.64
2010,1,1,5,39.93
2010,1,1,6,31.89
2010,1,2,3,.91
2010,1,2,4,.34
2010,1,2,5,1.70
2010,1,2,6,.94
2010,1,3,1,27.50
2010,1,3,2,24.52
2010,1,3,3,16.69
2010,1,3,4,11.52
2010,1,3,5,26.51
2010,1,3,6,17.73
2010,1,4,1,142.86
2010,1,4,3,3.85
2010,1,4,4,.74
2010,1,4,5,9.03
2010,1,4,6,4.15
2010,1,5,1,8.74
2010,1,5,2,9.40
2010,1,5,3,7.39
2010,1,5,4,3.18
2010,1,5,5,6.39
2010,1,5,6,7.75
2010,1,6,1,2.05
2010,1,6,2,1.52
2010,1,6,3,1.98
2010,1,6,4,.12
2010,1,6,6,4.93
2010,1,8,1,17.82
2010,1,8,2,8.24
2010,1,8,3,10.76
2010,1,8,4,6.13
2010,1,8,5,11.79
2010,1,8,6,13.63
2010,1,9,1,5.05
2010,1,9,2,6.35
2010,1,9,3,6.18
2010,1,9,4,2.99
2010,1,9,5,4.14
2010,1,9,6,9.43
2010,1,10,1,19.48
2010,1,10,2,19.46
2010,1,10,3,11.25
2010,1,10,4,3.97
2010,1,10,5,12.85
2010,1,10,6,15.42
2010,1,11,1,8.86
2010,1,11,2,7.60
2010,1,11,3,7.05
2010,1,11,4,3.09
2010,1,11,5,6.55
2010,1,11,6,7.07
2010,1,12,1,25.00
2010,1,12,2,28.71
2010,1,12,3,13.36
2010,1,12,4,11.29
2010,1,12,5,28.29
2010,1,12,6,15.78
2010,2,0,1,5.72
2010,2,0,2,5.07
2010,2,0,3,3.87
2010,2,0,4,2.59
2010,2,0,5,5.60
2010,2,0,6,4.41
2010,2,1,1,18.29
2010,2,1,2,23.76
2010,2,1,3,19.00
2010,2,1,4,17.54
2010,2,1,5,29.81
2010,2,1,6,12.30
2010,2,2,2,11.63
2010,2,2,4,.53
2010,2,2,5,.36
2010,2,2,6,1.58
2010,2,3,1,10.14
2010,2,3,2,9.58
2010,2,3,3,8.16
2010,2,3,4,9.97
2010,2,3,5,14.46
2010,2,3,6,10.13
2010,2,4,3,9.80
2010,2,4,4,6.75
2010,2,4,5,6.44
2010,2,4,6,7.78
2010,2,5,1,5.66
2010,2,5,2,5.96
2010,2,5,3,3.67
2010,2,5,4,1.65
2010,2,5,5,4.55
2010,2,5,6,4.21
2010,2,6,2,.30
2010,2,6,3,1.51
2010,2,6,4,.84
2010,2,6,6,8.93
2010,2,8,1,13.20
2010,2,8,2,7.83
2010,2,8,3,6.02
2010,2,8,4,4.84
2010,2,8,5,7.56
2010,2,8,6,7.57
2010,2,9,1,4.78
2010,2,9,2,4.69
2010,2,9,3,3.37
2010,2,9,4,2.63
2010,2,9,5,5.20
2010,2,9,6,6.21
2010,2,10,1,11.96
2010,2,10,2,11.37
2010,2,10,3,5.74
2010,2,10,4,2.90
2010,2,10,5,6.71
2010,2,10,6,7.65
2010,2,11,1,5.30
2010,2,11,2,4.61
2010,2,11,3,3.42
2010,2,11,4,1.45
2010,2,11,5,4.43
2010,2,11,6,3.52
2010,2,12,1,14.61
2010,2,12,2,46.15
2010,2,12,3,8.31
2010,2,12,4,9.67
2010,2,12,5,14.68
2010,2,12,6,9.90
2010,3,0,1,5.60
2010,3,0,2,4.66
2010,3,0,3,3.59
2010,3,0,4,2.79
2010,3,0,5,4.25
2010,3,0,6,3.94
2010,3,1,1,21.72
2010,3,1,2,39.23
2010,3,1,3,15.63
2010,3,1,4,17.04
2010,3,1,5,11.60
2010,3,1,6,14.46
2010,3,2,1,5.00
2010,3,2,3,.24
2010,3,2,4,.59
2010,3,2,5,6.78
2010,3,2,6,.74
2010,3,3,1,16.95
2010,3,3,2,15.58
2010,3,3,3,7.02
2010,3,3,4,10.94
2010,3,3,5,9.55
2010,3,3,6,9.56
2010,3,4,5,2.13
2010,3,4,6,250.00
2010,3,5,1,5.28
2010,3,5,2,5.00
2010,3,5,3,3.52
2010,3,5,4,1.97
2010,3,5,5,3.51
2010,3,5,6,3.66
2010,3,6,1,.83
2010,3,6,2,.57
2010,3,6,3,.91
2010,3,6,4,.16
2010,3,6,5,3.68
2010,3,6,6,4.11
2010,3,8,1,12.67
2010,3,8,2,4.55
2010,3,8,3,6.66
2010,3,8,4,5.00
2010,3,8,5,6.33
2010,3,8,6,7.51
2010,3,9,1,3.95
2010,3,9,2,2.84
2010,3,9,3,3.56
2010,3,9,4,3.13
2010,3,9,5,3.57
2010,3,9,6,5.16
2010,3,10,1,13.43
2010,3,10,2,15.97
2010,3,10,3,5.84
2010,3,10,4,2.63
2010,3,10,5,5.80
2010,3,10,6,6.46
2010,3,11,1,5.05
2010,3,11,2,4.85
2010,3,11,3,3.10
2010,3,11,4,1.74
2010,3,11,5,3.45
2010,3,11,6,3.29
2010,3,12,1,23.13
2010,3,12,2,17.36
2010,3,12,3,6.89
2010,3,12,4,10.34
2010,3,12,5,9.11
2010,3,12,6,8.05
2010,4,0,1,5.46
2010,4,0,2,6.02
2010,4,0,3,3.83
2010,4,0,4,3.67
2010,4,0,5,5.34
2010,4,0,6,6.41
2010,4,1,1,28.37
2010,4,1,2,31.72
2010,4,1,3,22.75
2010,4,1,4,23.96
2010,4,1,5,26.18
2010,4,1,6,24.62
2010,4,2,1,2.34
2010,4,2,2,9.55
2010,4,2,3,.72
2010,4,2,4,1.23
2010,4,2,5,2.08
2010,4,2,6,1.72
2010,4,3,1,26.63
2010,4,3,2,43.48
2010,4,3,3,10.66
2010,4,3,4,14.76
2010,4,3,5,14.78
2010,4,3,6,17.29
2010,4,4,5,1.66
2010,4,4,6,5.65
2010,4,5,1,5.22
2010,4,5,2,6.28
2010,4,5,3,3.54
2010,4,5,4,2.50
2010,4,5,5,4.69
2010,4,5,6,5.70
2010,4,6,1,2.12
2010,4,6,2,.66
2010,4,6,3,1.66
2010,4,6,4,.82
2010,4,6,5,1.94
2010,4,6,6,8.62
2010,4,8,1,11.81
2010,4,8,2,12.92
2010,4,8,3,5.80
2010,4,8,4,5.23
2010,4,8,5,4.97
2010,4,8,6,10.68
2010,4,9,1,5.06
2010,4,9,2,4.54
2010,4,9,3,3.24
2010,4,9,4,5.65
2010,4,9,5,4.26
2010,4,9,6,8.51
2010,4,10,1,12.65
2010,4,10,2,14.55
2010,4,10,3,5.22
2010,4,10,4,3.04
2010,4,10,5,5.85
2010,4,10,6,10.03
2010,4,11,1,5.11
2010,4,11,2,5.58
2010,4,11,3,3.35
2010,4,11,4,2.09
2010,4,11,5,4.33
2010,4,11,6,5.36
2010,4,12,1,26.60
2010,4,12,2,53.44
2010,4,12,3,11.28
2010,4,12,4,13.97
2010,4,12,5,15.67
2010,4,12,6,18.56
2009,0,0,1,8.83
2009,0,0,2,7.02
2009,0,0,3,6.29
2009,0,0,4,4.07
2009,0,0,5,6.94
2009,0,0,6,6.95
2009,0,1,1,25.37
2009,0,1,2,39.89
2009,0,1,3,32.60
2009,0,1,4,31.07
2009,0,1,5,31.32
2009,0,1,6,22.87
2009,0,2,1,2.74
2009,0,2,2,7.35
2009,0,2,3,.53
2009,0,2,4,.76
2009,0,2,5,1.22
2009,0,2,6,.33
2009,0,3,1,18.96
2009,0,3,2,18.68
2009,0,3,3,14.13
2009,0,3,4,15.14
2009,0,3,5,16.83
2009,0,3,6,14.10
2009,0,4,1,6.21
2009,0,4,3,.99
2009,0,4,4,2.27
2009,0,4,5,2.93
2009,0,4,6,4.61
2009,0,5,1,8.46
2009,0,5,2,7.68
2009,0,5,3,5.89
2009,0,5,4,2.74
2009,0,5,5,5.74
2009,0,5,6,6.31
2009,0,6,1,2.02
2009,0,6,2,.75
2009,0,6,3,1.63
2009,0,6,4,.75
2009,0,6,5,.18
2009,0,6,6,2.36
2009,0,8,1,16.79
2009,0,8,2,10.79
2009,0,8,3,8.91
2009,0,8,4,7.10
2009,0,8,5,9.80
2009,0,8,6,12.11
2009,0,9,1,5.92
2009,0,9,2,5.57
2009,0,9,3,6.17
2009,0,9,4,4.42
2009,0,9,5,5.88
2009,0,9,6,8.78
2009,0,10,1,18.02
2009,0,10,2,19.27
2009,0,10,3,8.77
2009,0,10,4,4.28
2009,0,10,5,9.13
2009,0,10,6,11.76
2009,0,11,1,8.34
2009,0,11,2,6.57
2009,0,11,3,5.51
2009,0,11,4,2.35
2009,0,11,5,5.52
2009,0,11,6,5.70
2009,0,12,1,20.64
2009,0,12,2,19.23
2009,0,12,3,14.10
2009,0,12,4,15.08
2009,0,12,5,17.11
2009,0,12,6,13.61
2009,1,0,1,13.10
2009,1,0,2,8.89
2009,1,0,3,9.34
2009,1,0,4,4.92
2009,1,0,5,9.79
2009,1,0,6,9.97
2009,1,1,1,35.09
2009,1,1,2,50.24
2009,1,1,3,50.14
2009,1,1,4,38.58
2009,1,1,5,41.34
2009,1,1,6,34.37
2009,1,2,1,5.98
2009,1,2,2,6.76
2009,1,2,3,1.55
2009,1,2,4,.41
2009,1,2,5,1.06
2009,1,2,6,41.67
2009,1,3,1,18.84
2009,1,3,2,12.75
2009,1,3,3,17.84
2009,1,3,4,16.97
2009,1,3,5,21.97
2009,1,3,6,14.72
2009,1,4,1,5.26
2009,1,4,3,4.07
2009,1,4,4,.77
2009,1,4,5,5.12
2009,1,4,6,5.32
2009,1,5,1,12.84
2009,1,5,2,10.68
2009,1,5,3,9.05
2009,1,5,4,3.64
2009,1,5,5,8.15
2009,1,5,6,9.09
2009,1,6,1,3.02
2009,1,6,2,.94
2009,1,6,3,3.70
2009,1,6,4,.52
2009,1,6,6,1.31
2009,1,8,1,25.14
2009,1,8,2,11.49
2009,1,8,3,11.03
2009,1,8,4,7.49
2009,1,8,5,13.95
2009,1,8,6,16.95
2009,1,9,1,7.34
2009,1,9,2,7.16
2009,1,9,3,8.52
2009,1,9,4,4.49
2009,1,9,5,6.07
2009,1,9,6,11.54
2009,1,10,1,27.95
2009,1,10,2,21.18
2009,1,10,3,12.12
2009,1,10,4,4.79
2009,1,10,5,13.86
2009,1,10,6,18.05
2009,1,11,1,13.05
2009,1,11,2,9.25
2009,1,11,3,8.65
2009,1,11,4,3.35
2009,1,11,5,8.14
2009,1,11,6,8.20
2009,1,12,1,16.67
2009,1,12,2,12.35
2009,1,12,3,17.36
2009,1,12,4,17.00
2009,1,12,5,22.75
2009,1,12,6,13.13
2009,2,0,1,7.92
2009,2,0,2,6.40
2009,2,0,3,5.89
2009,2,0,4,3.51
2009,2,0,5,6.41
2009,2,0,6,6.03
2009,2,1,1,23.45
2009,2,1,2,34.80
2009,2,1,3,34.20
2009,2,1,4,25.05
2009,2,1,5,31.80
2009,2,1,6,19.49
2009,2,2,2,17.39
2009,2,2,4,.74
2009,2,2,5,.58
2009,2,3,1,14.60
2009,2,3,2,27.89
2009,2,3,3,14.44
2009,2,3,4,13.53
2009,2,3,5,14.00
2009,2,3,6,15.47
2009,2,4,3,26.32
2009,2,4,4,6.95
2009,2,4,5,3.30
2009,2,4,6,8.10
2009,2,5,1,7.67
2009,2,5,2,6.62
2009,2,5,3,5.43
2009,2,5,4,2.20
2009,2,5,5,5.33
2009,2,5,6,5.59
2009,2,6,1,1.85
2009,2,6,2,.79
2009,2,6,3,1.37
2009,2,6,4,.89
2009,2,6,5,1.42
2009,2,6,6,3.35
2009,2,8,1,16.32
2009,2,8,2,11.92
2009,2,8,3,9.01
2009,2,8,4,6.65
2009,2,8,5,9.55
2009,2,8,6,10.22
2009,2,9,1,6.22
2009,2,9,2,5.36
2009,2,9,3,5.30
2009,2,9,4,3.72
2009,2,9,5,5.08
2009,2,9,6,7.71
2009,2,10,1,16.69
2009,2,10,2,17.84
2009,2,10,3,8.73
2009,2,10,4,3.95
2009,2,10,5,8.75
2009,2,10,6,9.82
2009,2,11,1,7.43
2009,2,11,2,5.51
2009,2,11,3,5.12
2009,2,11,4,1.89
2009,2,11,5,5.15
2009,2,11,6,4.97
2009,2,12,1,16.26
2009,2,12,2,27.64
2009,2,12,3,14.32
2009,2,12,4,13.55
2009,2,12,5,14.48
2009,2,12,6,16.01
2009,3,0,1,6.75
2009,3,0,2,5.68
2009,3,0,3,4.90
2009,3,0,4,3.37
2009,3,0,5,4.97
2009,3,0,6,4.98
2009,3,1,1,20.55
2009,3,1,2,43.66
2009,3,1,3,26.83
2009,3,1,4,26.86
2009,3,1,5,21.14
2009,3,1,6,17.56
2009,3,2,2,11.11
2009,3,2,3,1.21
2009,3,2,4,1.01
2009,3,2,5,1.42
2009,3,3,1,25.52
2009,3,3,2,15.30
2009,3,3,3,10.94
2009,3,3,4,13.26
2009,3,3,5,11.93
2009,3,3,6,9.84
2009,3,4,1,5.38
2009,3,4,5,2.19
2009,3,4,6,3.82
2009,3,5,1,6.46
2009,3,5,2,5.97
2009,3,5,3,4.49
2009,3,5,4,2.10
2009,3,5,5,4.05
2009,3,5,6,4.58
2009,3,6,1,.97
2009,3,6,2,.62
2009,3,6,3,.94
2009,3,6,4,.17
2009,3,6,5,3.68
2009,3,6,6,6.39
2009,3,8,1,13.17
2009,3,8,2,8.82
2009,3,8,3,7.29
2009,3,8,4,6.54
2009,3,8,5,6.54
2009,3,8,6,8.03
2009,3,9,1,5.26
2009,3,9,2,3.64
2009,3,9,3,4.86
2009,3,9,4,4.14
2009,3,9,5,5.27
2009,3,9,6,6.55
2009,3,10,1,13.09
2009,3,10,2,18.55
2009,3,10,3,7.69
2009,3,10,4,4.00
2009,3,10,5,6.37
2009,3,10,6,7.99
2009,3,11,1,6.19
2009,3,11,2,5.61
2009,3,11,3,4.10
2009,3,11,4,1.75
2009,3,11,5,3.83
2009,3,11,6,4.19
2009,3,12,1,23.85
2009,3,12,2,19.46
2009,3,12,3,12.39
2009,3,12,4,12.22
2009,3,12,5,12.00
2009,3,12,6,8.24
2009,4,0,1,7.08
2009,4,0,2,7.20
2009,4,0,3,4.57
2009,4,0,4,4.66
2009,4,0,5,6.46
2009,4,0,6,7.09
2009,4,1,1,35.94
2009,4,1,2,44.41
2009,4,1,3,14.94
2009,4,1,4,36.57
2009,4,1,5,34.62
2009,4,1,6,23.37
2009,4,2,1,2.29
2009,4,2,2,23.67
2009,4,2,3,.39
2009,4,2,4,1.36
2009,4,2,5,2.00
2009,4,2,6,1.72
2009,4,3,1,30.77
2009,4,3,2,32.03
2009,4,3,3,19.63
2009,4,3,4,17.92
2009,4,3,5,20.23
2009,4,3,6,20.24
2009,4,4,5,1.68
2009,4,5,1,6.52
2009,4,5,2,7.24
2009,4,5,3,4.31
2009,4,5,4,3.03
2009,4,5,5,5.41
2009,4,5,6,6.30
2009,4,6,1,3.55
2009,4,6,2,1.15
2009,4,6,3,1.68
2009,4,6,4,1.42
2009,4,6,5,1.34
2009,4,6,6,6.54
2009,4,8,1,13.34
2009,4,8,2,14.31
2009,4,8,3,7.22
2009,4,8,4,7.40
2009,4,8,5,6.27
2009,4,8,6,13.25
2009,4,9,1,4.54
2009,4,9,2,6.32
2009,4,9,3,4.71
2009,4,9,4,7.23
2009,4,9,5,6.92
2009,4,9,6,9.46
2009,4,10,1,16.73
2009,4,10,2,21.86
2009,4,10,3,4.89
2009,4,10,4,4.29
2009,4,10,5,6.61
2009,4,10,6,11.22
2009,4,11,1,6.80
2009,4,11,2,5.92
2009,4,11,3,4.07
2009,4,11,4,2.66
2009,4,11,5,4.93
2009,4,11,6,5.85
2009,4,12,1,38.15
2009,4,12,2,42.25
2009,4,12,3,18.56
2009,4,12,4,16.83
2009,4,12,5,20.54
2009,4,12,6,20.99
2008,0,0,1,8.99
2008,0,0,2,7.05
2008,0,0,3,7.02
2008,0,0,4,4.58
2008,0,0,5,6.85
2008,0,0,6,7.55
2008,0,1,1,28.28
2008,0,1,2,44.34
2008,0,1,3,34.13
2008,0,1,4,36.79
2008,0,1,5,27.66
2008,0,1,6,24.16
2008,0,2,1,3.27
2008,0,2,2,4.05
2008,0,2,3,1.02
2008,0,2,4,.96
2008,0,2,5,1.95
2008,0,2,6,1.43
2008,0,3,1,18.81
2008,0,3,2,17.80
2008,0,3,3,18.18
2008,0,3,4,17.92
2008,0,3,5,17.30
2008,0,3,6,17.41
2008,0,4,1,8.50
2008,0,4,2,64.52
2008,0,4,3,1.04
2008,0,4,4,4.48
2008,0,4,5,2.01
2008,0,4,6,9.47
2008,0,5,1,8.53
2008,0,5,2,7.54
2008,0,5,3,6.48
2008,0,5,4,3.00
2008,0,5,5,5.66
2008,0,5,6,6.79
2008,0,6,1,2.68
2008,0,6,2,1.11
2008,0,6,3,1.58
2008,0,6,4,1.10
2008,0,6,5,.57
2008,0,6,6,3.08
2008,0,8,1,16.52
2008,0,8,2,8.51
2008,0,8,3,10.50
2008,0,8,4,7.24
2008,0,8,5,9.31
2008,0,8,6,12.39
2008,0,9,1,6.48
2008,0,9,2,5.56
2008,0,9,3,7.08
2008,0,9,4,4.64
2008,0,9,5,6.51
2008,0,9,6,10.10
2008,0,10,1,18.94
2008,0,10,2,19.33
2008,0,10,3,9.92
2008,0,10,4,4.80
2008,0,10,5,8.77
2008,0,10,6,12.13
2008,0,11,1,8.39
2008,0,11,2,6.66
2008,0,11,3,6.05
2008,0,11,4,2.70
2008,0,11,5,5.32
2008,0,11,6,6.18
2008,0,12,1,18.21
2008,0,12,2,16.60
2008,0,12,3,17.53
2008,0,12,4,17.73
2008,0,12,5,17.43
2008,0,12,6,17.17
2008,1,0,1,13.83
2008,1,0,2,9.63
2008,1,0,3,10.32
2008,1,0,4,5.55
2008,1,0,5,9.59
2008,1,0,6,11.70
2008,1,1,1,48.93
2008,1,1,2,58.64
2008,1,1,3,54.79
2008,1,1,4,42.74
2008,1,1,5,36.12
2008,1,1,6,45.78
2008,1,2,1,4.12
2008,1,2,2,2.36
2008,1,2,3,1.69
2008,1,2,4,.98
2008,1,2,5,2.51
2008,1,2,6,41.67
2008,1,3,1,26.05
2008,1,3,2,24.34
2008,1,3,3,23.23
2008,1,3,4,20.08
2008,1,3,5,18.47
2008,1,3,6,28.96
2008,1,4,1,5.85
2008,1,4,2,250.00
2008,1,4,3,4.33
2008,1,4,4,4.04
2008,1,4,5,2.69
2008,1,4,6,19.34
2008,1,5,1,13.31
2008,1,5,2,11.02
2008,1,5,3,9.72
2008,1,5,4,4.01
2008,1,5,5,8.28
2008,1,5,6,10.38
2008,1,6,1,4.19
2008,1,6,2,1.22
2008,1,6,3,3.44
2008,1,6,4,1.11
2008,1,6,5,.30
2008,1,6,6,3.08
2008,1,8,1,22.64
2008,1,8,2,9.97
2008,1,8,3,12.86
2008,1,8,4,7.24
2008,1,8,5,13.39
2008,1,8,6,17.02
2008,1,9,1,8.99
2008,1,9,2,7.53
2008,1,9,3,9.35
2008,1,9,4,4.87
2008,1,9,5,7.39
2008,1,9,6,14.08
2008,1,10,1,29.89
2008,1,10,2,24.72
2008,1,10,3,14.23
2008,1,10,4,5.32
2008,1,10,5,13.50
2008,1,10,6,20.55
2008,1,11,1,13.25
2008,1,11,2,9.84
2008,1,11,3,9.26
2008,1,11,4,3.79
2008,1,11,5,7.98
2008,1,11,6,9.37
2008,1,12,1,26.58
2008,1,12,2,20.05
2008,1,12,3,22.90
2008,1,12,4,20.24
2008,1,12,5,18.57
2008,1,12,6,29.50
2008,2,0,1,8.71
2008,2,0,2,5.86
2008,2,0,3,7.08
2008,2,0,4,4.03
2008,2,0,5,5.86
2008,2,0,6,6.64
2008,2,1,1,21.77
2008,2,1,2,36.59
2008,2,1,3,37.44
2008,2,1,4,27.54
2008,2,1,5,28.93
2008,2,1,6,15.29
2008,2,2,1,6.79
2008,2,2,2,18.69
2008,2,2,3,.46
2008,2,2,4,.70
2008,2,2,5,.37
2008,2,3,1,27.03
2008,2,3,2,21.82
2008,2,3,3,16.11
2008,2,3,4,15.65
2008,2,3,5,13.85
2008,2,3,6,19.53
2008,2,4,1,19.48
2008,2,4,3,14.34
2008,2,4,4,10.72
2008,2,4,5,2.28
2008,2,4,6,5.29
2008,2,5,1,8.39
2008,2,5,2,6.01
2008,2,5,3,6.56
2008,2,5,4,2.52
2008,2,5,5,4.83
2008,2,5,6,6.12
2008,2,6,1,2.12
2008,2,6,2,1.02
2008,2,6,3,1.30
2008,2,6,4,1.55
2008,2,6,5,2.21
2008,2,6,6,3.78
2008,2,8,1,21.34
2008,2,8,2,9.72
2008,2,8,3,10.92
2008,2,8,4,7.62
2008,2,8,5,8.25
2008,2,8,6,11.01
2008,2,9,1,6.35
2008,2,9,2,4.90
2008,2,9,3,7.07
2008,2,9,4,4.51
2008,2,9,5,5.30
2008,2,9,6,10.36
2008,2,10,1,19.94
2008,2,10,2,17.57
2008,2,10,3,10.31
2008,2,10,4,4.57
2008,2,10,5,7.63
2008,2,10,6,9.71
2008,2,11,1,8.29
2008,2,11,2,5.24
2008,2,11,3,6.11
2008,2,11,4,2.26
2008,2,11,5,4.62
2008,2,11,6,5.29
2008,2,12,1,17.67
2008,2,12,2,9.85
2008,2,12,3,16.89
2008,2,12,4,14.74
2008,2,12,5,13.88
2008,2,12,6,18.31
2008,3,0,1,6.46
2008,3,0,2,6.15
2008,3,0,3,5.10
2008,3,0,4,3.63
2008,3,0,5,4.73
2008,3,0,6,5.33
2008,3,1,1,21.12
2008,3,1,2,41.35
2008,3,1,3,24.33
2008,3,1,4,30.09
2008,3,1,5,19.06
2008,3,1,6,17.88
2008,3,2,1,7.01
2008,3,2,2,11.49
2008,3,2,3,.26
2008,3,2,4,.97
2008,3,2,5,2.82
2008,3,2,6,15.15
2008,3,3,1,16.77
2008,3,3,2,20.20
2008,3,3,3,18.30
2008,3,3,4,14.08
2008,3,3,5,14.38
2008,3,3,6,11.42
2008,3,4,5,3.36
2008,3,4,6,4.07
2008,3,5,1,6.21
2008,3,5,2,6.43
2008,3,5,3,4.56
2008,3,5,4,2.50
2008,3,5,5,3.57
2008,3,5,6,4.69
2008,3,6,1,1.75
2008,3,6,2,1.05
2008,3,6,3,1.58
2008,3,6,4,.18
2008,3,6,6,4.34
2008,3,8,1,13.32
2008,3,8,2,6.81
2008,3,8,3,7.94
2008,3,8,4,5.77
2008,3,8,5,5.60
2008,3,8,6,10.95
2008,3,9,1,5.80
2008,3,9,2,4.58
2008,3,9,3,5.78
2008,3,9,4,4.30
2008,3,9,5,5.88
2008,3,9,6,6.83
2008,3,10,1,12.89
2008,3,10,2,17.10
2008,3,10,3,7.43
2008,3,10,4,3.67
2008,3,10,5,5.83
2008,3,10,6,9.37
2008,3,11,1,6.05
2008,3,11,2,5.79
2008,3,11,3,4.12
2008,3,11,4,2.23
2008,3,11,5,3.24
2008,3,11,6,4.39
2008,3,12,1,22.02
2008,3,12,2,25.91
2008,3,12,3,18.86
2008,3,12,4,13.15
2008,3,12,5,14.67
2008,3,12,6,12.60
2008,4,0,1,6.19
2008,4,0,2,6.32
2008,4,0,3,5.11
2008,4,0,4,5.34
2008,4,0,5,7.51
2008,4,0,6,6.51
2008,4,1,1,39.71
2008,4,1,2,45.39
2008,4,1,3,16.62
2008,4,1,4,52.04
2008,4,1,5,29.78
2008,4,1,6,24.08
2008,4,2,1,333.33
2008,4,2,2,17.44
2008,4,2,3,.39
2008,4,2,4,1.68
2008,4,2,5,2.49
2008,4,2,6,1.71
2008,4,3,1,20.51
2008,4,3,2,22.73
2008,4,3,3,17.76
2008,4,3,4,24.27
2008,4,3,5,24.53
2008,4,3,6,14.85
2008,4,5,1,5.64
2008,4,5,2,6.25
2008,4,5,3,4.89
2008,4,5,4,2.86
2008,4,5,5,6.28
2008,4,5,6,6.22
2008,4,6,1,4.25
2008,4,6,2,1.59
2008,4,6,3,2.94
2008,4,6,4,1.17
2008,4,6,5,1.38
2008,4,6,6,8.13
2008,4,8,1,12.51
2008,4,8,2,12.41
2008,4,8,3,8.70
2008,4,8,4,8.34
2008,4,8,5,8.38
2008,4,8,6,9.16
2008,4,9,1,4.96
2008,4,9,2,4.77
2008,4,9,3,4.30
2008,4,9,4,6.00
2008,4,9,5,6.68
2008,4,9,6,7.86
2008,4,10,1,17.16
2008,4,10,2,20.60
2008,4,10,3,6.11
2008,4,10,4,5.93
2008,4,10,5,7.92
2008,4,10,6,7.87
2008,4,11,1,5.72
2008,4,11,2,5.77
2008,4,11,3,4.72
2008,4,11,4,2.62
2008,4,11,5,5.77
2008,4,11,6,6.03
2008,4,12,1,24.66
2008,4,12,2,22.99
2008,4,12,3,18.28
2008,4,12,4,23.58
2008,4,12,5,25.20
2008,4,12,6,14.07
2007,0,0,1,8.26
2007,0,0,2,7.11
2007,0,0,3,6.77
2007,0,0,4,4.54
2007,0,0,5,6.59
2007,0,0,6,7.71
2007,0,1,1,22.94
2007,0,1,2,38.69
2007,0,1,3,27.75
2007,0,1,4,39.25
2007,0,1,5,28.76
2007,0,1,6,25.63
2007,0,2,1,2.46
2007,0,2,2,4.62
2007,0,2,3,.96
2007,0,2,4,.68
2007,0,2,5,1.56
2007,0,2,6,.79
2007,0,3,1,16.50
2007,0,3,2,19.45
2007,0,3,3,18.37
2007,0,3,4,18.64
2007,0,3,5,17.04
2007,0,3,6,18.28
2007,0,4,1,7.12
2007,0,4,2,90.91
2007,0,4,3,1.24
2007,0,4,4,5.14
2007,0,4,5,3.64
2007,0,4,6,5.63
2007,0,5,1,7.88
2007,0,5,2,7.72
2007,0,5,3,6.45
2007,0,5,4,2.89
2007,0,5,5,5.35
2007,0,5,6,7.02
2007,0,6,1,2.77
2007,0,6,2,1.19
2007,0,6,3,1.49
2007,0,6,4,1.06
2007,0,6,5,.40
2007,0,6,6,5.38
2007,0,8,1,15.48
2007,0,8,2,8.59
2007,0,8,3,9.22
2007,0,8,4,7.33
2007,0,8,5,8.75
2007,0,8,6,10.51
2007,0,9,1,6.36
2007,0,9,2,5.60
2007,0,9,3,6.35
2007,0,9,4,4.39
2007,0,9,5,5.88
2007,0,9,6,10.31
2007,0,10,1,17.27
2007,0,10,2,18.62
2007,0,10,3,8.54
2007,0,10,4,4.67
2007,0,10,5,8.72
2007,0,10,6,10.81
2007,0,11,1,7.75
2007,0,11,2,6.80
2007,0,11,3,6.17
2007,0,11,4,2.68
2007,0,11,5,5.11
2007,0,11,6,6.59
2007,0,12,1,15.08
2007,0,12,2,16.47
2007,0,12,3,17.68
2007,0,12,4,18.57
2007,0,12,5,16.87
2007,0,12,6,18.21
2007,1,0,1,13.33
2007,1,0,2,9.51
2007,1,0,3,9.83
2007,1,0,4,5.72
2007,1,0,5,9.67
2007,1,0,6,11.98
2007,1,1,1,44.80
2007,1,1,2,47.97
2007,1,1,3,47.89
2007,1,1,4,44.27
2007,1,1,5,36.57
2007,1,1,6,45.36
2007,1,2,1,6.38
2007,1,2,2,22.86
2007,1,2,3,2.00
2007,1,2,4,.96
2007,1,2,5,1.83
2007,1,2,6,41.24
2007,1,3,1,23.77
2007,1,3,2,30.59
2007,1,3,3,24.01
2007,1,3,4,21.91
2007,1,3,5,20.93
2007,1,3,6,36.04
2007,1,4,1,428.57
2007,1,4,2,250.00
2007,1,4,4,8.53
2007,1,4,5,8.59
2007,1,4,6,17.32
2007,1,5,1,13.10
2007,1,5,2,11.47
2007,1,5,3,9.46
2007,1,5,4,4.05
2007,1,5,5,8.53
2007,1,5,6,10.82
2007,1,6,1,3.84
2007,1,6,2,1.03
2007,1,6,3,3.27
2007,1,6,4,1.17
2007,1,6,5,.32
2007,1,6,6,6.83
2007,1,8,1,21.58
2007,1,8,2,9.55
2007,1,8,3,11.47
2007,1,8,4,7.09
2007,1,8,5,10.76
2007,1,8,6,14.14
2007,1,9,1,9.18
2007,1,9,2,7.25
2007,1,9,3,7.56
2007,1,9,4,4.96
2007,1,9,5,6.35
2007,1,9,6,14.39
2007,1,10,1,28.75
2007,1,10,2,20.38
2007,1,10,3,12.15
2007,1,10,4,5.22
2007,1,10,5,12.16
2007,1,10,6,18.34
2007,1,11,1,12.92
2007,1,11,2,10.45
2007,1,11,3,9.41
2007,1,11,4,4.00
2007,1,11,5,8.49
2007,1,11,6,9.98
2007,1,12,1,22.22
2007,1,12,2,22.36
2007,1,12,3,23.86
2007,1,12,4,21.53
2007,1,12,5,21.17
2007,1,12,6,37.86
2007,2,0,1,7.77
2007,2,0,2,6.25
2007,2,0,3,6.81
2007,2,0,4,3.52
2007,2,0,5,5.42
2007,2,0,6,7.03
2007,2,1,1,14.42
2007,2,1,2,36.47
2007,2,1,3,20.35
2007,2,1,4,37.49
2007,2,1,5,27.87
2007,2,1,6,21.61
2007,2,2,1,7.05
2007,2,2,2,3.44
2007,2,2,3,.54
2007,2,2,4,.26
2007,2,2,5,.30
2007,2,2,6,4.78
2007,2,3,1,10.70
2007,2,3,2,21.94
2007,2,3,3,17.39
2007,2,3,4,14.57
2007,2,3,5,13.11
2007,2,3,6,18.90
2007,2,4,1,21.28
2007,2,4,3,12.99
2007,2,4,4,8.28
2007,2,4,5,2.36
2007,2,4,6,7.41
2007,2,5,1,7.57
2007,2,5,2,6.25
2007,2,5,3,6.82
2007,2,5,4,2.00
2007,2,5,5,4.20
2007,2,5,6,6.51
2007,2,6,1,2.42
2007,2,6,2,1.37
2007,2,6,3,1.50
2007,2,6,4,.97
2007,2,6,5,1.55
2007,2,6,6,6.12
2007,2,8,1,22.13
2007,2,8,2,11.24
2007,2,8,3,9.28
2007,2,8,4,6.83
2007,2,8,5,8.85
2007,2,8,6,9.09
2007,2,9,1,6.36
2007,2,9,2,4.78
2007,2,9,3,6.90
2007,2,9,4,3.50
2007,2,9,5,4.54
2007,2,9,6,10.00
2007,2,10,1,19.38
2007,2,10,2,20.61
2007,2,10,3,7.66
2007,2,10,4,4.19
2007,2,10,5,8.15
2007,2,10,6,9.36
2007,2,11,1,7.25
2007,2,11,2,5.79
2007,2,11,3,6.38
2007,2,11,4,1.85
2007,2,11,5,4.03
2007,2,11,6,6.08
2007,2,12,1,14.21
2007,2,12,2,25.53
2007,2,12,3,15.64
2007,2,12,4,14.27
2007,2,12,5,12.70
2007,2,12,6,16.72
2007,3,0,1,5.89
2007,3,0,2,5.92
2007,3,0,3,5.16
2007,3,0,4,3.90
2007,3,0,5,4.63
2007,3,0,6,5.25
2007,3,1,1,20.79
2007,3,1,2,37.38
2007,3,1,3,24.11
2007,3,1,4,34.72
2007,3,1,5,17.82
2007,3,1,6,19.65
2007,3,2,2,5.85
2007,3,2,3,1.09
2007,3,2,4,.71
2007,3,2,5,1.40
2007,3,2,6,2.43
2007,3,3,1,19.76
2007,3,3,2,16.46
2007,3,3,3,16.30
2007,3,3,4,16.45
2007,3,3,5,14.23
2007,3,3,6,6.88
2007,3,4,2,666.67
2007,3,4,5,3.43
2007,3,5,1,5.59
2007,3,5,2,6.15
2007,3,5,3,4.63
2007,3,5,4,2.47
2007,3,5,5,3.46
2007,3,5,6,4.77
2007,3,6,1,3.11
2007,3,6,2,.97
2007,3,6,3,1.99
2007,3,6,4,.56
2007,3,6,6,4.29
2007,3,8,1,11.86
2007,3,8,2,8.97
2007,3,8,3,7.97
2007,3,8,4,6.52
2007,3,8,5,6.23
2007,3,8,6,9.62
2007,3,9,1,5.15
2007,3,9,2,4.92
2007,3,9,3,6.24
2007,3,9,4,4.69
2007,3,9,5,6.16
2007,3,9,6,7.57
2007,3,10,1,12.15
2007,3,10,2,16.44
2007,3,10,3,7.65
2007,3,10,4,3.85
2007,3,10,5,5.98
2007,3,10,6,8.08
2007,3,11,1,5.58
2007,3,11,2,5.22
2007,3,11,3,4.22
2007,3,11,4,2.27
2007,3,11,5,3.14
2007,3,11,6,4.51
2007,3,12,1,22.10
2007,3,12,2,21.16
2007,3,12,3,16.61
2007,3,12,4,15.68
2007,3,12,5,13.52
2007,3,12,6,8.77
2007,4,0,1,5.35
2007,4,0,2,6.67
2007,4,0,3,4.89
2007,4,0,4,5.27
2007,4,0,5,6.90
2007,4,0,6,6.61
2007,4,1,1,25.51
2007,4,1,2,36.10
2007,4,1,3,19.47
2007,4,1,4,43.10
2007,4,1,5,39.07
2007,4,1,6,17.71
2007,4,2,2,9.46
2007,4,2,3,.37
2007,4,2,4,1.17
2007,4,2,5,3.94
2007,4,2,6,.76
2007,4,3,1,9.11
2007,4,3,2,43.48
2007,4,3,3,18.45
2007,4,3,4,23.61
2007,4,3,5,20.98
2007,4,3,6,18.73
2007,4,5,1,5.20
2007,4,5,2,6.85
2007,4,5,3,4.70
2007,4,5,4,3.03
2007,4,5,5,5.43
2007,4,5,6,6.24
2007,4,6,1,4.30
2007,4,6,2,2.42
2007,4,6,4,.92
2007,4,6,5,1.45
2007,4,6,6,7.66
2007,4,8,1,12.06
2007,4,8,2,9.29
2007,4,8,3,6.36
2007,4,8,4,9.59
2007,4,8,5,8.19
2007,4,8,6,8.78
2007,4,9,1,4.54
2007,4,9,2,5.34
2007,4,9,3,2.57
2007,4,9,4,5.46
2007,4,9,5,5.64
2007,4,9,6,8.85
2007,4,10,1,12.87
2007,4,10,2,20.70
2007,4,10,3,5.64
2007,4,10,4,5.71
2007,4,10,5,8.86
2007,4,10,6,7.05
2007,4,11,1,5.43
2007,4,11,2,5.86
2007,4,11,3,4.70
2007,4,11,4,2.81
2007,4,11,5,5.06
2007,4,11,6,6.15
2007,4,12,1,14.01
2007,4,12,2,36.46
2007,4,12,3,18.52
2007,4,12,4,23.23
2007,4,12,5,21.99
2007,4,12,6,15.84
2006,0,0,1,7.58
2006,0,0,2,6.89
2006,0,0,3,6.59
2006,0,0,4,4.40
2006,0,0,5,6.72
2006,0,0,6,7.46
2006,0,1,1,21.91
2006,0,1,2,35.89
2006,0,1,3,27.63
2006,0,1,4,34.45
2006,0,1,5,26.95
2006,0,1,6,22.61
2006,0,2,1,1.97
2006,0,2,2,28.57
2006,0,2,3,.75
2006,0,2,4,.65
2006,0,2,5,1.41
2006,0,2,6,1.53
2006,0,3,1,20.83
2006,0,3,2,14.65
2006,0,3,3,16.70
2006,0,3,4,17.64
2006,0,3,5,18.22
2006,0,3,6,16.11
2006,0,4,1,9.92
2006,0,4,2,95.24
2006,0,4,3,10.53
2006,0,4,4,4.61
2006,0,4,5,4.35
2006,0,4,6,7.42
2006,0,5,1,7.10
2006,0,5,2,7.39
2006,0,5,3,6.26
2006,0,5,4,2.96
2006,0,5,5,5.44
2006,0,5,6,6.95
2006,0,6,1,2.92
2006,0,6,2,1.75
2006,0,6,3,2.12
2006,0,6,4,1.13
2006,0,6,5,.52
2006,0,6,6,4.57
2006,0,8,1,13.26
2006,0,8,2,8.23
2006,0,8,3,8.66
2006,0,8,4,6.86
2006,0,8,5,8.60
2006,0,8,6,9.18
2006,0,9,1,5.98
2006,0,9,2,5.69
2006,0,9,3,5.43
2006,0,9,4,4.42
2006,0,9,5,6.47
2006,0,9,6,8.35
2006,0,10,1,15.14
2006,0,10,2,17.41
2006,0,10,3,8.50
2006,0,10,4,4.46
2006,0,10,5,8.72
2006,0,10,6,10.39
2006,0,11,1,6.98
2006,0,11,2,6.49
2006,0,11,3,6.14
2006,0,11,4,2.71
2006,0,11,5,5.13
2006,0,11,6,6.71
2006,0,12,1,20.06
2006,0,12,2,17.17
2006,0,12,3,16.26
2006,0,12,4,17.53
2006,0,12,5,17.48
2006,0,12,6,15.69
2006,1,0,1,13.08
2006,1,0,2,9.52
2006,1,0,3,10.18
2006,1,0,4,5.49
2006,1,0,5,9.76
2006,1,0,6,11.97
2006,1,1,1,40.60
2006,1,1,2,49.65
2006,1,1,3,42.08
2006,1,1,4,51.88
2006,1,1,5,43.52
2006,1,1,6,38.67
2006,1,2,1,4.41
2006,1,2,2,200.00
2006,1,2,3,.29
2006,1,2,4,.88
2006,1,2,5,1.13
2006,1,2,6,8.70
2006,1,3,1,34.88
2006,1,3,2,10.39
2006,1,3,3,23.97
2006,1,3,4,19.23
2006,1,3,5,20.38
2006,1,3,6,25.57
2006,1,4,1,666.67
2006,1,4,2,250.00
2006,1,4,3,133.33
2006,1,4,4,7.21
2006,1,4,5,9.20
2006,1,4,6,15.38
2006,1,5,1,12.62
2006,1,5,2,11.25
2006,1,5,3,10.01
2006,1,5,4,3.88
2006,1,5,5,8.29
2006,1,5,6,10.96
2006,1,6,1,3.49
2006,1,6,2,1.64
2006,1,6,3,3.73
2006,1,6,4,.94
2006,1,6,5,.67
2006,1,6,6,6.01
2006,1,8,1,21.50
2006,1,8,2,9.29
2006,1,8,3,10.88
2006,1,8,4,7.52
2006,1,8,5,11.46
2006,1,8,6,14.65
2006,1,9,1,7.92
2006,1,9,2,7.53
2006,1,9,3,7.16
2006,1,9,4,4.67
2006,1,9,5,6.68
2006,1,9,6,12.35
2006,1,10,1,27.65
2006,1,10,2,22.30
2006,1,10,3,11.83
2006,1,10,4,5.77
2006,1,10,5,13.92
2006,1,10,6,19.11
2006,1,11,1,12.71
2006,1,11,2,9.98
2006,1,11,3,10.07
2006,1,11,4,3.87
2006,1,11,5,8.20
2006,1,11,6,10.53
2006,1,12,1,34.25
2006,1,12,2,13.84
2006,1,12,3,24.21
2006,1,12,4,18.50
2006,1,12,5,19.30
2006,1,12,6,21.59
2006,2,0,1,6.62
2006,2,0,2,6.74
2006,2,0,3,6.57
2006,2,0,4,3.45
2006,2,0,5,5.52
2006,2,0,6,6.06
2006,2,1,1,12.83
2006,2,1,2,37.09
2006,2,1,3,21.89
2006,2,1,4,27.91
2006,2,1,5,27.14
2006,2,1,6,13.85
2006,2,2,1,62.50
2006,2,2,3,.29
2006,2,2,4,.41
2006,2,2,5,.39
2006,2,2,6,1.33
2006,2,3,1,10.95
2006,2,3,2,14.29
2006,2,3,3,17.09
2006,2,3,4,13.79
2006,2,3,5,16.86
2006,2,3,6,14.80
2006,2,4,1,24.00
2006,2,4,4,7.61
2006,2,4,5,4.98
2006,2,4,6,7.87
2006,2,5,1,6.40
2006,2,5,2,6.82
2006,2,5,3,6.53
2006,2,5,4,2.39
2006,2,5,5,4.23
2006,2,5,6,5.76
2006,2,6,1,2.98
2006,2,6,2,2.03
2006,2,6,3,2.66
2006,2,6,4,1.03
2006,2,6,5,2.05
2006,2,6,6,5.49
2006,2,8,1,15.08
2006,2,8,2,12.40
2006,2,8,3,8.91
2006,2,8,4,5.19
2006,2,8,5,7.44
2006,2,8,6,8.45
2006,2,9,1,6.30
2006,2,9,2,5.24
2006,2,9,3,6.03
2006,2,9,4,3.95
2006,2,9,5,4.48
2006,2,9,6,6.11
2006,2,10,1,12.83
2006,2,10,2,20.76
2006,2,10,3,7.09
2006,2,10,4,3.34
2006,2,10,5,7.39
2006,2,10,6,8.70
2006,2,11,1,6.20
2006,2,11,2,6.42
2006,2,11,3,6.37
2006,2,11,4,2.12
2006,2,11,5,3.95
2006,2,11,6,5.66
2006,2,12,1,14.36
2006,2,12,2,14.29
2006,2,12,3,15.09
2006,2,12,4,13.63
2006,2,12,5,17.48
2006,2,12,6,12.76
2006,3,0,1,5.58
2006,3,0,2,5.16
2006,3,0,3,4.71
2006,3,0,4,3.80
2006,3,0,5,5.33
2006,3,0,6,5.14
2006,3,1,1,22.57
2006,3,1,2,29.39
2006,3,1,3,23.38
2006,3,1,4,29.74
2006,3,1,5,24.96
2006,3,1,6,20.58
2006,3,2,3,1.13
2006,3,2,4,.58
2006,3,2,5,1.78
2006,3,2,6,6.10
2006,3,3,1,23.94
2006,3,3,2,26.46
2006,3,3,3,15.81
2006,3,3,4,14.45
2006,3,3,5,16.10
2006,3,3,6,8.82
2006,3,4,5,2.35
2006,3,5,1,5.00
2006,3,5,2,5.30
2006,3,5,3,4.20
2006,3,5,4,2.61
2006,3,5,5,4.03
2006,3,5,6,5.06
2006,3,6,1,3.13
2006,3,6,2,1.50
2006,3,6,3,1.41
2006,3,6,4,1.17
2006,3,6,6,2.08
2006,3,8,1,10.49
2006,3,8,2,7.01
2006,3,8,3,7.78
2006,3,8,4,6.47
2006,3,8,5,6.56
2006,3,8,6,5.33
2006,3,9,1,5.28
2006,3,9,2,4.75
2006,3,9,3,3.63
2006,3,9,4,4.95
2006,3,9,5,7.70
2006,3,9,6,6.53
2006,3,10,1,15.34
2006,3,10,2,13.60
2006,3,10,3,7.98
2006,3,10,4,3.83
2006,3,10,5,6.62
2006,3,10,6,5.62
2006,3,11,1,4.97
2006,3,11,2,4.24
2006,3,11,3,4.04
2006,3,11,4,2.33
2006,3,11,5,3.74
2006,3,11,6,4.87
2006,3,12,1,20.69
2006,3,12,2,37.93
2006,3,12,3,15.97
2006,3,12,4,13.94
2006,3,12,5,14.29
2006,3,12,6,10.02
2006,4,0,1,4.69
2006,4,0,2,5.94
2006,4,0,3,4.51
2006,4,0,4,5.19
2006,4,0,5,6.30
2006,4,0,6,6.99
2006,4,1,1,29.72
2006,4,1,2,34.30
2006,4,1,3,23.88
2006,4,1,4,30.00
2006,4,1,5,9.85
2006,4,1,6,25.20
2006,4,2,3,.39
2006,4,2,4,1.11
2006,4,2,5,3.15
2006,4,2,6,.78
2006,4,3,1,20.59
2006,4,3,2,22.94
2006,4,3,3,12.24
2006,4,3,4,26.81
2006,4,3,5,19.90
2006,4,3,6,22.63
2006,4,4,3,153.85
2006,4,4,5,6.90
2006,4,5,1,4.34
2006,4,5,2,6.34
2006,4,5,3,4.07
2006,4,5,4,2.91
2006,4,5,5,5.44
2006,4,5,6,6.39
2006,4,6,1,3.68
2006,4,6,2,2.68
2006,4,6,3,5.33
2006,4,6,4,.65
2006,4,6,6,9.84
2006,4,8,1,10.43
2006,4,8,2,8.75
2006,4,8,3,6.40
2006,4,8,4,8.58
2006,4,8,5,7.74
2006,4,8,6,7.37
2006,4,9,1,4.54
2006,4,9,2,4.75
2006,4,9,3,3.40
2006,4,9,4,5.10
2006,4,9,5,6.30
2006,4,9,6,10.42
2006,4,10,1,9.55
2006,4,10,2,15.40
2006,4,10,3,6.54
2006,4,10,4,4.94
2006,4,10,5,6.44
2006,4,10,6,8.61
2006,4,11,1,4.25
2006,4,11,2,5.90
2006,4,11,3,4.01
2006,4,11,4,2.73
2006,4,11,5,4.88
2006,4,11,6,6.20
2006,4,12,1,22.99
2006,4,12,2,29.63
2006,4,12,3,13.18
2006,4,12,4,26.08
2006,4,12,5,20.01
2006,4,12,6,21.28
2005,0,0,1,6.71
2005,0,0,2,6.55
2005,0,0,3,5.83
2005,0,0,4,4.56
2005,0,0,5,6.44
2005,0,0,6,7.17
2005,0,1,1,20.71
2005,0,1,2,37.04
2005,0,1,3,25.03
2005,0,1,4,35.44
2005,0,1,5,31.09
2005,0,1,6,23.96
2005,0,2,1,1.57
2005,0,2,2,.81
2005,0,2,3,1.10
2005,0,2,4,.56
2005,0,2,5,1.19
2005,0,2,6,1.20
2005,0,3,1,19.74
2005,0,3,2,9.00
2005,0,3,3,15.23
2005,0,3,4,18.28
2005,0,3,5,17.78
2005,0,3,6,17.61
2005,0,4,1,14.12
2005,0,4,2,454.55
2005,0,4,3,11.63
2005,0,4,4,2.95
2005,0,4,5,6.29
2005,0,4,6,7.57
2005,0,5,1,6.19
2005,0,5,2,6.83
2005,0,5,3,5.64
2005,0,5,4,3.11
2005,0,5,5,5.09
2005,0,5,6,6.68
2005,0,6,1,3.00
2005,0,6,2,1.97
2005,0,6,3,1.37
2005,0,6,4,1.51
2005,0,6,5,.33
2005,0,6,6,6.12
2005,0,8,1,11.47
2005,0,8,2,7.95
2005,0,8,3,6.37
2005,0,8,4,7.12
2005,0,8,5,7.93
2005,0,8,6,6.82
2005,0,9,1,5.39
2005,0,9,2,5.40
2005,0,9,3,5.65
2005,0,9,4,4.71
2005,0,9,5,6.70
2005,0,9,6,8.99
2005,0,10,1,13.38
2005,0,10,2,18.96
2005,0,10,3,6.79
2005,0,10,4,4.57
2005,0,10,5,8.72
2005,0,10,6,9.30
2005,0,11,1,6.03
2005,0,11,2,5.92
2005,0,11,3,5.45
2005,0,11,4,2.86
2005,0,11,5,4.74
2005,0,11,6,6.40
2005,0,12,1,22.13
2005,0,12,2,10.77
2005,0,12,3,14.50
2005,0,12,4,18.15
2005,0,12,5,16.88
2005,0,12,6,16.88
2005,1,0,1,11.08
2005,1,0,2,8.51
2005,1,0,3,8.85
2005,1,0,4,5.51
2005,1,0,5,8.92
2005,1,0,6,11.06
2005,1,1,1,33.71
2005,1,1,2,49.57
2005,1,1,3,36.23
2005,1,1,4,50.05
2005,1,1,5,52.20
2005,1,1,6,35.43
2005,1,2,1,4.54
2005,1,2,2,16.39
2005,1,2,3,1.28
2005,1,2,4,.56
2005,1,2,5,2.68
2005,1,2,6,5.33
2005,1,3,1,36.52
2005,1,3,2,17.96
2005,1,3,3,27.04
2005,1,3,4,18.99
2005,1,3,5,18.83
2005,1,3,6,24.19
2005,1,4,1,16.95
2005,1,4,4,2.84
2005,1,4,5,9.81
2005,1,4,6,24.14
2005,1,5,1,10.04
2005,1,5,2,9.35
2005,1,5,3,8.71
2005,1,5,4,4.08
2005,1,5,5,7.25
2005,1,5,6,10.31
2005,1,6,1,4.55
2005,1,6,2,2.25
2005,1,6,3,3.41
2005,1,6,4,1.32
2005,1,6,5,.71
2005,1,6,6,10.46
2005,1,8,1,21.12
2005,1,8,2,8.69
2005,1,8,3,7.54
2005,1,8,4,7.43
2005,1,8,5,10.09
2005,1,8,6,9.40
2005,1,9,1,8.38
2005,1,9,2,6.81
2005,1,9,3,7.94
2005,1,9,4,5.45
2005,1,9,5,7.43
2005,1,9,6,14.14
2005,1,10,1,25.51
2005,1,10,2,24.39
2005,1,10,3,8.98
2005,1,10,4,5.63
2005,1,10,5,14.20
2005,1,10,6,14.40
2005,1,11,1,10.10
2005,1,11,2,8.23
2005,1,11,3,8.50
2005,1,11,4,3.85
2005,1,11,5,6.81
2005,1,11,6,9.78
2005,1,12,1,35.43
2005,1,12,2,15.35
2005,1,12,3,26.19
2005,1,12,4,18.24
2005,1,12,5,17.40
2005,1,12,6,24.69
2005,2,0,1,5.96
2005,2,0,2,6.76
2005,2,0,3,5.61
2005,2,0,4,3.62
2005,2,0,5,5.24
2005,2,0,6,6.46
2005,2,1,1,19.39
2005,2,1,2,42.21
2005,2,1,3,28.45
2005,2,1,4,27.96
2005,2,1,5,26.62
2005,2,1,6,35.71
2005,2,2,2,3.79
2005,2,2,3,.61
2005,2,2,4,.36
2005,2,2,6,76.92
2005,2,3,1,11.01
2005,2,3,2,7.19
2005,2,3,3,9.49
2005,2,3,4,15.02
2005,2,3,5,16.63
2005,2,3,6,18.33
2005,2,4,1,27.27
2005,2,4,4,4.98
2005,2,4,5,7.63
2005,2,4,6,8.47
2005,2,5,1,5.63
2005,2,5,2,6.73
2005,2,5,3,5.57
2005,2,5,4,2.38
2005,2,5,5,3.98
2005,2,5,6,6.08
2005,2,6,1,4.02
2005,2,6,2,2.09
2005,2,6,3,1.72
2005,2,6,4,1.66
2005,2,6,6,2.36
2005,2,8,1,10.48
2005,2,8,2,11.29
2005,2,8,3,6.85
2005,2,8,4,6.12
2005,2,8,5,6.68
2005,2,8,6,7.39
2005,2,9,1,5.94
2005,2,9,2,5.34
2005,2,9,3,5.86
2005,2,9,4,4.33
2005,2,9,5,5.48
2005,2,9,6,6.36
2005,2,10,1,13.23
2005,2,10,2,24.14
2005,2,10,3,6.85
2005,2,10,4,3.45
2005,2,10,5,6.98
2005,2,10,6,9.35
2005,2,11,1,5.36
2005,2,11,2,5.97
2005,2,11,3,5.28
2005,2,11,4,2.20
2005,2,11,5,3.53
2005,2,11,6,5.97
2005,2,12,1,16.47
2005,2,12,2,14.35
2005,2,12,3,8.68
2005,2,12,4,14.69
2005,2,12,5,16.58
2005,2,12,6,15.17
2005,3,0,1,4.91
2005,3,0,2,4.76
2005,3,0,3,4.49
2005,3,0,4,4.35
2005,3,0,5,5.70
2005,3,0,6,4.78
2005,3,1,1,18.35
2005,3,1,2,27.51
2005,3,1,3,15.53
2005,3,1,4,30.00
2005,3,1,5,24.50
2005,3,1,6,15.90
2005,3,2,3,.59
2005,3,2,4,.66
2005,3,2,5,.83
2005,3,2,6,4.90
2005,3,3,1,21.31
2005,3,3,2,3.11
2005,3,3,3,11.01
2005,3,3,4,18.12
2005,3,3,5,19.34
2005,3,3,6,15.66
2005,3,4,3,45.45
2005,3,4,4,.98
2005,3,4,5,5.00
2005,3,5,1,4.57
2005,3,5,2,4.85
2005,3,5,3,4.28
2005,3,5,4,2.85
2005,3,5,5,4.24
2005,3,5,6,4.53
2005,3,6,1,3.41
2005,3,6,2,1.61
2005,3,6,3,1.12
2005,3,6,4,1.24
2005,3,6,6,5.19
2005,3,8,1,7.17
2005,3,8,2,7.38
2005,3,8,3,7.52
2005,3,8,4,7.39
2005,3,8,5,6.44
2005,3,8,6,3.36
2005,3,9,1,4.11
2005,3,9,2,4.24
2005,3,9,3,4.11
2005,3,9,4,4.98
2005,3,9,5,6.60
2005,3,9,6,7.48
2005,3,10,1,11.22
2005,3,10,2,12.70
2005,3,10,3,5.87
2005,3,10,4,4.54
2005,3,10,5,6.50
2005,3,10,6,5.22
2005,3,11,1,4.60
2005,3,11,2,4.12
2005,3,11,3,4.20
2005,3,11,4,2.58
2005,3,11,5,4.13
2005,3,11,6,4.30
2005,3,12,1,20.37
2005,3,12,2,16.19
2005,3,12,3,10.95
2005,3,12,4,17.57
2005,3,12,5,17.87
2005,3,12,6,15.68
2005,4,0,1,4.63
2005,4,0,2,6.24
2005,4,0,3,4.02
2005,4,0,4,4.94
2005,4,0,5,5.84
2005,4,0,6,6.70
2005,4,1,1,25.69
2005,4,1,2,37.79
2005,4,1,3,21.45
2005,4,1,4,37.04
2005,4,1,5,22.56
2005,4,1,6,21.98
2005,4,2,3,1.98
2005,4,2,4,1.04
2005,4,2,5,2.56
2005,4,2,6,.82
2005,4,3,1,18.52
2005,4,3,2,31.25
2005,4,3,3,17.02
2005,4,3,4,23.10
2005,4,3,5,14.65
2005,4,3,6,15.93
2005,4,4,5,7.14
2005,4,5,1,4.58
2005,4,5,2,6.50
2005,4,5,3,3.73
2005,4,5,4,3.08
2005,4,5,5,5.05
2005,4,5,6,6.20
2005,4,6,1,3.88
2005,4,6,2,2.58
2005,4,6,4,1.06
2005,4,6,6,8.83
2005,4,8,1,9.39
2005,4,8,2,11.01
2005,4,8,3,2.67
2005,4,8,4,7.12
2005,4,8,5,7.77
2005,4,8,6,8.29
2005,4,9,1,4.99
2005,4,9,2,5.12
2005,4,9,3,2.80
2005,4,9,4,4.55
2005,4,9,5,6.07
2005,4,9,6,9.99
2005,4,10,1,7.30
2005,4,10,2,18.50
2005,4,10,3,4.71
2005,4,10,4,4.54
2005,4,10,5,6.86
2005,4,10,6,8.97
2005,4,11,1,4.25
2005,4,11,2,5.78
2005,4,11,3,3.74
2005,4,11,4,3.04
2005,4,11,5,4.63
2005,4,11,6,6.03
2005,4,12,1,20.90
2005,4,12,2,11.49
2005,4,12,3,18.41
2005,4,12,4,22.58
2005,4,12,5,14.85
2005,4,12,6,15.76
2004,0,0,1,6.25
2004,0,0,2,6.21
2004,0,0,3,5.28
2004,0,0,4,4.34
2004,0,0,5,6.62
2004,0,0,6,7.10
2004,0,1,1,16.30
2004,0,1,2,38.57
2004,0,1,3,26.33
2004,0,1,4,30.46
2004,0,1,5,29.10
2004,0,1,6,24.98
2004,0,2,1,1.61
2004,0,2,2,3.31
2004,0,2,3,.09
2004,0,2,4,.49
2004,0,2,5,.94
2004,0,2,6,2.38
2004,0,3,1,16.44
2004,0,3,2,15.03
2004,0,3,3,15.00
2004,0,3,4,19.06
2004,0,3,5,16.03
2004,0,3,6,18.14
2004,0,4,1,16.13
2004,0,4,3,2.68
2004,0,4,4,2.24
2004,0,4,5,5.38
2004,0,4,6,11.83
2004,0,5,1,6.06
2004,0,5,2,6.12
2004,0,5,3,5.02
2004,0,5,4,2.98
2004,0,5,5,5.57
2004,0,5,6,6.74
2004,0,6,1,2.13
2004,0,6,2,2.24
2004,0,6,3,1.55
2004,0,6,4,1.60
2004,0,6,5,.27
2004,0,6,6,5.26
2004,0,8,1,8.97
2004,0,8,2,7.66
2004,0,8,3,5.32
2004,0,8,4,5.74
2004,0,8,5,8.19
2004,0,8,6,5.40
2004,0,9,1,4.40
2004,0,9,2,4.63
2004,0,9,3,5.07
2004,0,9,4,4.29
2004,0,9,5,6.52
2004,0,9,6,8.90
2004,0,10,1,11.54
2004,0,10,2,20.27
2004,0,10,3,6.67
2004,0,10,4,3.85
2004,0,10,5,8.39
2004,0,10,6,8.88
2004,0,11,1,5.94
2004,0,11,2,5.68
2004,0,11,3,4.84
2004,0,11,4,2.79
2004,0,11,5,5.34
2004,0,11,6,6.41
2004,0,12,1,17.59
2004,0,12,2,18.29
2004,0,12,3,14.24
2004,0,12,4,18.83
2004,0,12,5,14.87
2004,0,12,6,17.01
2004,1,0,1,9.72
2004,1,0,2,8.21
2004,1,0,3,8.26
2004,1,0,4,5.00
2004,1,0,5,8.61
2004,1,0,6,10.68
2004,1,1,1,29.46
2004,1,1,2,61.34
2004,1,1,3,38.88
2004,1,1,4,47.86
2004,1,1,5,49.54
2004,1,1,6,42.57
2004,1,2,1,4.64
2004,1,2,2,4.29
2004,1,2,3,1.36
2004,1,2,4,.15
2004,1,2,5,.78
2004,1,2,6,5.49
2004,1,3,1,23.26
2004,1,3,2,26.67
2004,1,3,3,27.66
2004,1,3,4,19.74
2004,1,3,5,16.56
2004,1,3,6,22.58
2004,1,4,1,19.61
2004,1,4,3,5.95
2004,1,4,4,1.97
2004,1,4,5,8.14
2004,1,4,6,35.40
2004,1,5,1,9.50
2004,1,5,2,7.88
2004,1,5,3,7.92
2004,1,5,4,3.78
2004,1,5,5,7.53
2004,1,5,6,10.23
2004,1,6,1,3.18
2004,1,6,2,3.06
2004,1,6,3,3.06
2004,1,6,4,1.22
2004,1,6,5,.43
2004,1,6,6,8.93
2004,1,8,1,15.63
2004,1,8,2,7.73
2004,1,8,3,6.56
2004,1,8,4,4.97
2004,1,8,5,9.18
2004,1,8,6,7.47
2004,1,9,1,5.85
2004,1,9,2,5.56
2004,1,9,3,6.75
2004,1,9,4,4.39
2004,1,9,5,7.29
2004,1,9,6,12.18
2004,1,10,1,21.58
2004,1,10,2,30.61
2004,1,10,3,9.04
2004,1,10,4,4.33
2004,1,10,5,11.95
2004,1,10,6,14.13
2004,1,11,1,9.57
2004,1,11,2,7.94
2004,1,11,3,7.86
2004,1,11,4,3.70
2004,1,11,5,7.27
2004,1,11,6,9.72
2004,1,12,1,19.71
2004,1,12,2,30.56
2004,1,12,3,26.28
2004,1,12,4,19.00
2004,1,12,5,14.87
2004,1,12,6,22.86
2004,2,0,1,5.68
2004,2,0,2,5.77
2004,2,0,3,4.64
2004,2,0,4,3.47
2004,2,0,5,5.76
2004,2,0,6,6.07
2004,2,1,1,16.06
2004,2,1,2,41.37
2004,2,1,3,24.32
2004,2,1,4,25.66
2004,2,1,5,26.49
2004,2,1,6,26.50
2004,2,2,4,.45
2004,2,2,5,1.56
2004,2,2,6,76.92
2004,2,3,1,14.75
2004,2,3,2,15.24
2004,2,3,3,10.47
2004,2,3,4,14.05
2004,2,3,5,14.68
2004,2,3,6,15.36
2004,2,4,1,30.93
2004,2,4,4,4.09
2004,2,4,5,6.83
2004,2,5,1,5.86
2004,2,5,2,5.60
2004,2,5,3,4.46
2004,2,5,4,2.31
2004,2,5,5,4.62
2004,2,5,6,5.89
2004,2,6,1,3.31
2004,2,6,2,2.13
2004,2,6,3,2.13
2004,2,6,4,2.33
2004,2,6,6,1.25
2004,2,8,1,7.05
2004,2,8,2,9.60
2004,2,8,3,5.26
2004,2,8,4,5.43
2004,2,8,5,8.32
2004,2,8,6,5.77
2004,2,9,1,4.51
2004,2,9,2,4.35
2004,2,9,3,5.07
2004,2,9,4,3.74
2004,2,9,5,4.73
2004,2,9,6,7.24
2004,2,10,1,9.22
2004,2,10,2,22.33
2004,2,10,3,6.26
2004,2,10,4,3.56
2004,2,10,5,8.18
2004,2,10,6,8.06
2004,2,11,1,5.76
2004,2,11,2,5.01
2004,2,11,3,4.19
2004,2,11,4,2.17
2004,2,11,5,4.40
2004,2,11,6,5.67
2004,2,12,1,18.55
2004,2,12,2,31.75
2004,2,12,3,9.06
2004,2,12,4,13.77
2004,2,12,5,14.22
2004,2,12,6,10.57
2004,3,0,1,4.80
2004,3,0,2,5.07
2004,3,0,3,4.08
2004,3,0,4,4.21
2004,3,0,5,5.94
2004,3,0,6,5.17
2004,3,1,1,26.26
2004,3,1,2,25.22
2004,3,1,3,19.63
2004,3,1,4,20.33
2004,3,1,5,21.69
2004,3,1,6,18.69
2004,3,2,2,3.94
2004,3,2,4,.67
2004,3,2,5,.83
2004,3,2,6,4.94
2004,3,3,1,20.03
2004,3,3,2,19.61
2004,3,3,3,13.19
2004,3,3,4,20.50
2004,3,3,5,17.01
2004,3,3,6,19.16
2004,3,4,3,9.52
2004,3,4,5,3.07
2004,3,5,1,4.45
2004,3,5,2,4.92
2004,3,5,3,3.87
2004,3,5,4,2.65
2004,3,5,5,4.74
2004,3,5,6,4.91
2004,3,6,1,2.91
2004,3,6,2,2.50
2004,3,6,3,1.09
2004,3,6,4,.66
2004,3,6,5,2.13
2004,3,6,6,5.21
2004,3,8,1,8.92
2004,3,8,2,8.79
2004,3,8,3,4.67
2004,3,8,4,7.01
2004,3,8,5,7.45
2004,3,8,6,3.14
2004,3,9,1,3.51
2004,3,9,2,4.44
2004,3,9,3,3.58
2004,3,9,4,5.19
2004,3,9,5,5.78
2004,3,9,6,8.68
2004,3,10,1,11.36
2004,3,10,2,16.04
2004,3,10,3,5.52
2004,3,10,4,3.83
2004,3,10,5,6.83
2004,3,10,6,5.48
2004,3,11,1,4.51
2004,3,11,2,4.26
2004,3,11,3,3.74
2004,3,11,4,2.37
2004,3,11,5,4.73
2004,3,11,6,4.54
2004,3,12,1,19.20
2004,3,12,2,25.16
2004,3,12,3,12.99
2004,3,12,4,19.73
2004,3,12,5,15.96
2004,3,12,6,19.31
2004,4,0,1,4.57
2004,4,0,2,5.86
2004,4,0,3,4.06
2004,4,0,4,4.93
2004,4,0,5,6.13
2004,4,0,6,6.81
2004,4,1,1,22.18
2004,4,1,2,31.65
2004,4,1,3,24.24
2004,4,1,4,32.55
2004,4,1,5,20.33
2004,4,1,6,24.20
2004,4,2,2,10.10
2004,4,2,4,1.21
2004,4,2,5,3.15
2004,4,2,6,90.91
2004,4,3,1,22.10
2004,4,3,2,31.25
2004,4,3,3,8.89
2004,4,3,4,24.15
2004,4,3,5,14.95
2004,4,3,6,18.39
2004,4,4,3,7.14
2004,4,4,5,14.60
2004,4,4,6,10.31
2004,4,5,1,4.49
2004,4,5,2,6.35
2004,4,5,3,3.78
2004,4,5,4,3.26
2004,4,5,5,5.59
2004,4,5,6,6.35
2004,4,6,1,1.86
2004,4,6,2,1.65
2004,4,6,3,4.51
2004,4,6,4,1.52
2004,4,6,6,8.40
2004,4,8,1,11.95
2004,4,8,2,12.56
2004,4,8,3,4.96
2004,4,8,4,5.07
2004,4,8,5,6.51
2004,4,8,6,6.80
2004,4,9,1,5.94
2004,4,9,2,3.99
2004,4,9,3,3.75
2004,4,9,4,4.94
2004,4,9,5,8.06
2004,4,9,6,7.91
2004,4,10,1,8.48
2004,4,10,2,15.38
2004,4,10,3,5.52
2004,4,10,4,3.45
2004,4,10,5,6.16
2004,4,10,6,8.98
2004,4,11,1,4.14
2004,4,11,2,6.11
2004,4,11,3,3.64
2004,4,11,4,3.30
2004,4,11,5,5.08
2004,4,11,6,6.24
2004,4,12,1,25.32
2004,4,12,2,11.36
2004,4,12,3,9.59
2004,4,12,4,23.38
2004,4,12,5,14.00
2004,4,12,6,18.84
2003,0,0,1,6.69
2003,0,0,2,6.32
2003,0,0,3,5.03
2003,0,0,4,4.42
2003,0,0,5,7.32
2003,0,0,6,7.30
2003,0,1,1,21.39
2003,0,1,2,37.62
2003,0,1,3,21.06
2003,0,1,4,32.30
2003,0,1,5,25.58
2003,0,1,6,28.73
2003,0,2,1,4.37
2003,0,2,2,1.12
2003,0,2,3,.18
2003,0,2,4,.80
2003,0,2,5,1.39
2003,0,2,6,1.19
2003,0,3,1,19.30
2003,0,3,2,19.58
2003,0,3,3,19.90
2003,0,3,4,17.53
2003,0,3,5,17.45
2003,0,3,6,18.32
2003,0,4,1,23.74
2003,0,4,3,3.93
2003,0,4,4,2.03
2003,0,4,5,4.99
2003,0,4,6,3.94
2003,0,5,1,6.42
2003,0,5,2,6.08
2003,0,5,3,4.69
2003,0,5,4,3.28
2003,0,5,5,6.40
2003,0,5,6,6.95
2003,0,6,1,1.79
2003,0,6,2,2.24
2003,0,6,3,1.38
2003,0,6,4,1.75
2003,0,6,5,.50
2003,0,6,6,4.25
2003,0,8,1,8.90
2003,0,8,2,8.69
2003,0,8,3,5.29
2003,0,8,4,5.27
2003,0,8,5,8.39
2003,0,8,6,5.51
2003,0,9,1,4.00
2003,0,9,2,4.89
2003,0,9,3,4.29
2003,0,9,4,4.67
2003,0,9,5,6.72
2003,0,9,6,8.95
2003,0,10,1,13.40
2003,0,10,2,18.59
2003,0,10,3,6.32
2003,0,10,4,3.97
2003,0,10,5,8.50
2003,0,10,6,9.27
2003,0,11,1,6.43
2003,0,11,2,5.65
2003,0,11,3,4.61
2003,0,11,4,3.07
2003,0,11,5,6.22
2003,0,11,6,6.63
2003,0,12,1,19.48
2003,0,12,2,23.96
2003,0,12,3,18.18
2003,0,12,4,17.10
2003,0,12,5,15.89
2003,0,12,6,16.56
2003,1,0,1,11.13
2003,1,0,2,8.35
2003,1,0,3,7.75
2003,1,0,4,4.79
2003,1,0,5,9.53
2003,1,0,6,10.88
2003,1,1,1,32.41
2003,1,1,2,62.11
2003,1,1,3,39.88
2003,1,1,4,45.50
2003,1,1,5,41.36
2003,1,1,6,51.51
2003,1,2,1,4.71
2003,1,2,2,4.48
2003,1,2,3,1.78
2003,1,2,4,.61
2003,1,2,5,.78
2003,1,2,6,3.47
2003,1,3,1,25.79
2003,1,3,2,25.58
2003,1,3,3,32.30
2003,1,3,4,16.16
2003,1,3,5,18.62
2003,1,3,6,25.37
2003,1,4,1,54.35
2003,1,4,3,23.67
2003,1,4,4,1.03
2003,1,4,5,7.41
2003,1,5,1,11.17
2003,1,5,2,7.73
2003,1,5,3,6.97
2003,1,5,4,3.80
2003,1,5,5,9.09
2003,1,5,6,10.58
2003,1,6,1,3.89
2003,1,6,2,3.61
2003,1,6,3,3.80
2003,1,6,4,1.09
2003,1,6,5,.46
2003,1,6,6,6.57
2003,1,8,1,12.97
2003,1,8,2,7.88
2003,1,8,3,6.83
2003,1,8,4,5.21
2003,1,8,5,7.62
2003,1,8,6,6.85
2003,1,9,1,5.88
2003,1,9,2,5.90
2003,1,9,3,7.19
2003,1,9,4,4.33
2003,1,9,5,6.45
2003,1,9,6,11.64
2003,1,10,1,20.38
2003,1,10,2,28.44
2003,1,10,3,10.11
2003,1,10,4,4.46
2003,1,10,5,10.50
2003,1,10,6,13.66
2003,1,11,1,11.41
2003,1,11,2,7.74
2003,1,11,3,6.84
2003,1,11,4,3.74
2003,1,11,5,9.12
2003,1,11,6,10.21
2003,1,12,1,30.77
2003,1,12,2,31.61
2003,1,12,3,27.48
2003,1,12,4,15.53
2003,1,12,5,15.76
2003,1,12,6,23.19
2003,2,0,1,5.77
2003,2,0,2,6.10
2003,2,0,3,4.30
2003,2,0,4,3.79
2003,2,0,5,7.06
2003,2,0,6,6.16
2003,2,1,1,20.03
2003,2,1,2,40.80
2003,2,1,3,11.81
2003,2,1,4,23.47
2003,2,1,5,28.01
2003,2,1,6,26.39
2003,2,2,1,10.53
2003,2,2,3,.34
2003,2,2,4,.62
2003,2,2,5,.34
2003,2,3,1,14.22
2003,2,3,2,12.88
2003,2,3,3,14.75
2003,2,3,4,15.30
2003,2,3,5,15.91
2003,2,3,6,17.30
2003,2,4,4,4.20
2003,2,4,5,7.13
2003,2,4,6,12.12
2003,2,5,1,5.59
2003,2,5,2,6.00
2003,2,5,3,4.20
2003,2,5,4,2.73
2003,2,5,5,5.76
2003,2,5,6,5.84
2003,2,6,1,5.16
2003,2,6,2,1.78
2003,2,6,3,1.92
2003,2,6,4,2.25
2003,2,6,5,2.01
2003,2,6,6,4.64
2003,2,8,1,9.22
2003,2,8,2,9.71
2003,2,8,3,5.30
2003,2,8,4,5.20
2003,2,8,5,11.27
2003,2,8,6,5.99
2003,2,9,1,3.05
2003,2,9,2,4.29
2003,2,9,3,4.07
2003,2,9,4,4.79
2003,2,9,5,7.14
2003,2,9,6,7.63
2003,2,10,1,13.31
2003,2,10,2,20.44
2003,2,10,3,4.83
2003,2,10,4,3.66
2003,2,10,5,10.08
2003,2,10,6,9.28
2003,2,11,1,5.77
2003,2,11,2,5.83
2003,2,11,3,4.07
2003,2,11,4,2.49
2003,2,11,5,5.46
2003,2,11,6,5.46
2003,2,12,1,11.55
2003,2,12,2,13.77
2003,2,12,3,12.75
2003,2,12,4,14.09
2003,2,12,5,14.86
2003,2,12,6,16.39
2003,3,0,1,5.20
2003,3,0,2,5.21
2003,3,0,3,4.02
2003,3,0,4,4.31
2003,3,0,5,6.27
2003,3,0,6,5.44
2003,3,1,1,22.99
2003,3,1,2,37.00
2003,3,1,3,18.44
2003,3,1,4,26.36
2003,3,1,5,19.93
2003,3,1,6,20.82
2003,3,2,1,9.40
2003,3,2,2,4.07
2003,3,2,3,.32
2003,3,2,4,.76
2003,3,2,5,2.16
2003,3,2,6,4.41
2003,3,3,1,22.19
2003,3,3,2,23.68
2003,3,3,3,18.23
2003,3,3,4,17.98
2003,3,3,5,18.85
2003,3,3,6,10.14
2003,3,4,3,15.08
2003,3,4,5,16.95
2003,3,5,1,4.74
2003,3,5,2,4.80
2003,3,5,3,3.71
2003,3,5,4,3.11
2003,3,5,5,5.05
2003,3,5,6,5.18
2003,3,6,1,2.20
2003,3,6,2,1.97
2003,3,6,3,.70
2003,3,6,4,1.40
2003,3,6,6,6.20
2003,3,8,1,9.23
2003,3,8,2,11.72
2003,3,8,3,4.48
2003,3,8,4,5.56
2003,3,8,5,6.84
2003,3,8,6,4.91
2003,3,9,1,3.93
2003,3,9,2,4.52
2003,3,9,3,1.95
2003,3,9,4,5.78
2003,3,9,5,6.55
2003,3,9,6,8.20
2003,3,10,1,12.69
2003,3,10,2,15.72
2003,3,10,3,5.81
2003,3,10,4,3.70
2003,3,10,5,7.08
2003,3,10,6,6.85
2003,3,11,1,4.73
2003,3,11,2,4.21
2003,3,11,3,3.70
2003,3,11,4,2.85
2003,3,11,5,4.89
2003,3,11,6,4.94
2003,3,12,1,21.62
2003,3,12,2,29.35
2003,3,12,3,19.06
2003,3,12,4,16.97
2003,3,12,5,17.65
2003,3,12,6,10.53
2003,4,0,1,4.21
2003,4,0,2,5.52
2003,4,0,3,3.93
2003,4,0,4,5.11
2003,4,0,5,6.20
2003,4,0,6,7.06
2003,4,1,1,22.04
2003,4,1,2,21.81
2003,4,1,3,14.35
2003,4,1,4,39.01
2003,4,1,5,12.67
2003,4,1,6,28.34
2003,4,2,2,10.99
2003,4,2,4,1.85
2003,4,2,5,2.48
2003,4,2,6,5.54
2003,4,3,1,26.01
2003,4,3,2,27.87
2003,4,3,3,14.86
2003,4,3,4,23.09
2003,4,3,5,14.95
2003,4,3,6,27.88
2003,4,4,3,444.44
2003,4,4,4,3.50
2003,4,4,5,14.71
2003,4,4,6,10.53
2003,4,5,1,4.18
2003,4,5,2,5.89
2003,4,5,3,3.89
2003,4,5,4,3.50
2003,4,5,5,5.82
2003,4,5,6,6.64
2003,4,6,2,1.74
2003,4,6,3,2.48
2003,4,6,4,1.61
2003,4,6,5,5.68
2003,4,6,6,11.60
2003,4,8,1,8.06
2003,4,8,2,10.04
2003,4,8,3,3.91
2003,4,8,4,4.19
2003,4,8,5,6.81
2003,4,8,6,6.38
2003,4,9,1,4.20
2003,4,9,2,4.82
2003,4,9,3,2.05
2003,4,9,4,4.71
2003,4,9,5,4.96
2003,4,9,6,9.81
2003,4,10,1,7.66
2003,4,10,2,12.71
2003,4,10,3,3.76
2003,4,10,4,3.97
2003,4,10,5,5.72
2003,4,10,6,8.14
2003,4,11,1,3.96
2003,4,11,2,5.16
2003,4,11,3,3.88
2003,4,11,4,3.53
2003,4,11,5,5.57
2003,4,11,6,6.52
2003,4,12,1,29.90
2003,4,12,2,22.52
2003,4,12,3,16.23
2003,4,12,4,22.88
2003,4,12,5,14.58
2003,4,12,6,9.86
2002,0,0,1,6.47
2002,0,0,2,6.27
2002,0,0,3,4.93
2002,0,0,4,4.53
2002,0,0,5,7.01
2002,0,0,6,7.05
2002,0,1,1,20.87
2002,0,1,2,35.21
2002,0,1,3,18.25
2002,0,1,4,33.81
2002,0,1,5,27.18
2002,0,1,6,28.71
2002,0,2,1,6.19
2002,0,2,2,2.78
2002,0,2,3,.58
2002,0,2,4,.87
2002,0,2,5,1.23
2002,0,2,6,1.42
2002,0,3,1,23.70
2002,0,3,2,17.23
2002,0,3,3,20.81
2002,0,3,4,18.79
2002,0,3,5,16.36
2002,0,3,6,17.81
2002,0,4,1,10.99
2002,0,4,3,7.84
2002,0,4,4,2.41
2002,0,4,5,3.26
2002,0,4,6,8.47
2002,0,5,1,6.07
2002,0,5,2,6.33
2002,0,5,3,4.61
2002,0,5,4,3.10
2002,0,5,5,6.09
2002,0,5,6,6.60
2002,0,6,1,2.61
2002,0,6,2,2.03
2002,0,6,3,1.33
2002,0,6,4,2.17
2002,0,6,5,.80
2002,0,6,6,5.25
2002,0,8,1,8.94
2002,0,8,2,5.94
2002,0,8,3,5.48
2002,0,8,4,6.31
2002,0,8,5,8.14
2002,0,8,6,5.27
2002,0,9,1,4.28
2002,0,9,2,4.61
2002,0,9,3,4.10
2002,0,9,4,5.14
2002,0,9,5,6.31
2002,0,9,6,10.16
2002,0,10,1,13.50
2002,0,10,2,17.73
2002,0,10,3,6.28
2002,0,10,4,4.38
2002,0,10,5,8.19
2002,0,10,6,9.15
2002,0,11,1,5.98
2002,0,11,2,5.94
2002,0,11,3,4.50
2002,0,11,4,2.94
2002,0,11,5,5.99
2002,0,11,6,6.22
2002,0,12,1,25.58
2002,0,12,2,17.74
2002,0,12,3,19.21
2002,0,12,4,18.27
2002,0,12,5,15.04
2002,0,12,6,16.33
2002,1,0,1,10.85
2002,1,0,2,7.92
2002,1,0,3,6.70
2002,1,0,4,4.67
2002,1,0,5,9.39
2002,1,0,6,9.00
2002,1,1,1,31.67
2002,1,1,2,55.20
2002,1,1,3,25.85
2002,1,1,4,47.05
2002,1,1,5,39.45
2002,1,1,6,47.23
2002,1,2,1,7.09
2002,1,2,3,3.74
2002,1,2,4,.55
2002,1,2,5,.49
2002,1,2,6,1.08
2002,1,3,1,36.59
2002,1,3,2,16.71
2002,1,3,3,28.36
2002,1,3,4,17.38
2002,1,3,5,22.11
2002,1,3,6,22.36
2002,1,4,1,13.70
2002,1,4,3,138.89
2002,1,4,4,1.06
2002,1,4,5,3.94
2002,1,4,6,20.00
2002,1,5,1,10.71
2002,1,5,2,8.09
2002,1,5,3,6.28
2002,1,5,4,3.44
2002,1,5,5,8.40
2002,1,5,6,8.35
2002,1,6,1,5.45
2002,1,6,2,2.62
2002,1,6,3,2.76
2002,1,6,4,1.34
2002,1,6,5,.97
2002,1,6,6,7.44
2002,1,8,1,12.77
2002,1,8,2,5.74
2002,1,8,3,5.75
2002,1,8,4,5.54
2002,1,8,5,8.78
2002,1,8,6,7.07
2002,1,9,1,6.07
2002,1,9,2,5.07
2002,1,9,3,5.92
2002,1,9,4,4.25
2002,1,9,5,6.56
2002,1,9,6,11.03
2002,1,10,1,19.24
2002,1,10,2,30.28
2002,1,10,3,8.52
2002,1,10,4,4.67
2002,1,10,5,10.70
2002,1,10,6,13.59
2002,1,11,1,11.02
2002,1,11,2,8.04
2002,1,11,3,6.04
2002,1,11,4,3.38
2002,1,11,5,8.40
2002,1,11,6,7.89
2002,1,12,1,33.40
2002,1,12,2,17.34
2002,1,12,3,29.86
2002,1,12,4,16.64
2002,1,12,5,19.43
2002,1,12,6,19.55
2002,2,0,1,5.62
2002,2,0,2,6.25
2002,2,0,3,4.64
2002,2,0,4,4.12
2002,2,0,5,6.66
2002,2,0,6,6.13
2002,2,1,1,21.21
2002,2,1,2,41.00
2002,2,1,3,14.36
2002,2,1,4,28.09
2002,2,1,5,30.87
2002,2,1,6,31.07
2002,2,2,1,8.60
2002,2,2,3,.35
2002,2,2,4,.95
2002,2,2,5,.44
2002,2,2,6,25.97
2002,2,3,1,20.73
2002,2,3,2,16.22
2002,2,3,3,19.28
2002,2,3,4,17.38
2002,2,3,5,16.33
2002,2,3,6,14.30
2002,2,4,4,4.26
2002,2,4,5,3.69
2002,2,4,6,12.99
2002,2,5,1,5.10
2002,2,5,2,6.45
2002,2,5,3,4.23
2002,2,5,4,2.58
2002,2,5,5,5.37
2002,2,5,6,5.77
2002,2,6,1,6.28
2002,2,6,2,2.19
2002,2,6,3,3.80
2002,2,6,4,3.01
2002,2,6,6,4.44
2002,2,8,1,10.53
2002,2,8,2,5.48
2002,2,8,3,7.41
2002,2,8,4,6.88
2002,2,8,5,9.93
2002,2,8,6,4.21
2002,2,9,1,4.21
2002,2,9,2,4.58
2002,2,9,3,3.74
2002,2,9,4,5.82
2002,2,9,5,6.33
2002,2,9,6,10.75
2002,2,10,1,14.14
2002,2,10,2,17.82
2002,2,10,3,6.18
2002,2,10,4,4.30
2002,2,10,5,8.94
2002,2,10,6,8.77
2002,2,11,1,5.14
2002,2,11,2,6.30
2002,2,11,3,4.19
2002,2,11,4,2.47
2002,2,11,5,5.22
2002,2,11,6,5.14
2002,2,12,1,21.20
2002,2,12,2,14.93
2002,2,12,3,17.86
2002,2,12,4,15.88
2002,2,12,5,15.31
2002,2,12,6,13.94
2002,3,0,1,4.77
2002,3,0,2,5.54
2002,3,0,3,4.34
2002,3,0,4,4.49
2002,3,0,5,6.11
2002,3,0,6,5.92
2002,3,1,1,35.48
2002,3,1,2,32.31
2002,3,1,3,19.09
2002,3,1,4,30.83
2002,3,1,5,23.32
2002,3,1,6,17.63
2002,3,2,1,9.54
2002,3,2,2,4.22
2002,3,2,4,.94
2002,3,2,5,1.95
2002,3,2,6,.92
2002,3,3,1,17.78
2002,3,3,2,24.21
2002,3,3,3,18.90
2002,3,3,4,18.52
2002,3,3,5,14.81
2002,3,3,6,10.42
2002,3,4,3,23.26
2002,3,4,4,1.12
2002,3,4,5,3.31
2002,3,5,1,4.45
2002,3,5,2,5.06
2002,3,5,3,4.02
2002,3,5,4,3.10
2002,3,5,5,5.16
2002,3,5,6,5.76
2002,3,6,1,1.01
2002,3,6,2,2.34
2002,3,6,3,4.40
2002,3,6,4,1.52
2002,3,6,6,9.69
2002,3,8,1,9.55
2002,3,8,2,10.85
2002,3,8,3,4.76
2002,3,8,4,6.36
2002,3,8,5,6.52
2002,3,8,6,5.08
2002,3,9,1,4.62
2002,3,9,2,4.76
2002,3,9,3,1.73
2002,3,9,4,5.95
2002,3,9,5,6.79
2002,3,9,6,8.57
2002,3,10,1,14.95
2002,3,10,2,16.67
2002,3,10,3,6.05
2002,3,10,4,4.39
2002,3,10,5,6.87
2002,3,10,6,6.24
2002,3,11,1,4.20
2002,3,11,2,4.51
2002,3,11,3,4.03
2002,3,11,4,2.85
2002,3,11,5,5.08
2002,3,11,6,5.61
2002,3,12,1,18.58
2002,3,12,2,28.30
2002,3,12,3,20.15
2002,3,12,4,17.83
2002,3,12,5,13.69
2002,3,12,6,11.46
2002,4,0,1,4.65
2002,4,0,2,5.17
2002,4,0,3,3.94
2002,4,0,4,5.11
2002,4,0,5,5.56
2002,4,0,6,7.57
2002,4,1,1,17.08
2002,4,1,2,17.35
2002,4,1,3,14.72
2002,4,1,4,31.29
2002,4,1,5,13.94
2002,4,1,6,30.00
2002,4,2,1,11.74
2002,4,2,2,10.34
2002,4,2,4,1.52
2002,4,2,5,2.50
2002,4,2,6,4.92
2002,4,3,1,42.37
2002,4,3,2,31.53
2002,4,3,3,14.13
2002,4,3,4,24.36
2002,4,3,5,9.54
2002,4,3,6,33.65
2002,4,4,3,444.44
2002,4,4,4,7.41
2002,4,4,5,7.41
2002,4,4,6,10.75
2002,4,5,1,4.10
2002,4,5,2,5.75
2002,4,5,3,3.93
2002,4,5,4,3.34
2002,4,5,5,5.45
2002,4,5,6,6.87
2002,4,6,1,1.77
2002,4,6,2,1.10
2002,4,6,3,4.17
2002,4,6,4,2.15
2002,4,6,5,.92
2002,4,6,6,9.72
2002,4,8,1,10.45
2002,4,8,2,5.41
2002,4,8,3,3.53
2002,4,8,4,6.08
2002,4,8,5,5.51
2002,4,8,6,10.70
2002,4,9,1,5.06
2002,4,9,2,3.95
2002,4,9,3,3.96
2002,4,9,4,6.07
2002,4,9,5,2.69
2002,4,9,6,13.58
2002,4,10,1,9.64
2002,4,10,2,10.62
2002,4,10,3,3.49
2002,4,10,4,3.92
2002,4,10,5,5.73
2002,4,10,6,9.56
2002,4,11,1,3.90
2002,4,11,2,5.34
2002,4,11,3,3.77
2002,4,11,4,3.35
2002,4,11,5,5.33
2002,4,11,6,6.64
2002,4,12,1,47.14
2002,4,12,2,23.26
2002,4,12,3,15.57
2002,4,12,4,23.71
2002,4,12,5,9.78
2002,4,12,6,29.18
2001,0,0,1,6.49
2001,0,0,2,5.72
2001,0,0,3,4.52
2001,0,0,4,5.03
2001,0,0,5,6.64
2001,0,0,6,6.93
2001,0,1,1,21.91
2001,0,1,2,28.32
2001,0,1,3,16.57
2001,0,1,4,35.35
2001,0,1,5,29.77
2001,0,1,6,25.82
2001,0,2,1,6.35
2001,0,2,2,3.26
2001,0,2,3,.69
2001,0,2,4,.77
2001,0,2,5,1.69
2001,0,2,6,1.46
2001,0,3,1,28.13
2001,0,3,2,15.31
2001,0,3,3,17.50
2001,0,3,4,22.72
2001,0,3,5,16.02
2001,0,3,6,17.36
2001,0,4,1,21.37
2001,0,4,3,4.54
2001,0,4,4,2.22
2001,0,4,5,2.06
2001,0,4,6,4.59
2001,0,5,1,6.08
2001,0,5,2,6.03
2001,0,5,3,4.25
2001,0,5,4,3.33
2001,0,5,5,5.54
2001,0,5,6,6.50
2001,0,6,1,2.19
2001,0,6,2,2.13
2001,0,6,3,1.48
2001,0,6,4,2.59
2001,0,6,5,1.43
2001,0,6,6,5.43
2001,0,8,1,8.95
2001,0,8,2,3.49
2001,0,8,3,5.22
2001,0,8,4,6.84
2001,0,8,5,7.83
2001,0,8,6,5.74
2001,0,9,1,4.88
2001,0,9,2,4.79
2001,0,9,3,4.52
2001,0,9,4,6.59
2001,0,9,5,6.86
2001,0,9,6,10.27
2001,0,10,1,13.44
2001,0,10,2,13.87
2001,0,10,3,5.56
2001,0,10,4,4.56
2001,0,10,5,8.54
2001,0,10,6,8.92
2001,0,11,1,5.91
2001,0,11,2,5.36
2001,0,11,3,4.13
2001,0,11,4,3.11
2001,0,11,5,5.40
2001,0,11,6,6.19
2001,0,12,1,28.12
2001,0,12,2,14.17
2001,0,12,3,15.32
2001,0,12,4,21.97
2001,0,12,5,14.11
2001,0,12,6,15.14
2001,1,0,1,10.29
2001,1,0,2,7.72
2001,1,0,3,6.04
2001,1,0,4,5.15
2001,1,0,5,8.76
2001,1,0,6,9.11
2001,1,1,1,31.77
2001,1,1,2,37.70
2001,1,1,3,22.32
2001,1,1,4,44.09
2001,1,1,5,37.75
2001,1,1,6,49.72
2001,1,2,1,7.23
2001,1,2,3,1.43
2001,1,2,4,.65
2001,1,2,5,.50
2001,1,2,6,5.52
2001,1,3,1,35.03
2001,1,3,2,19.37
2001,1,3,3,25.78
2001,1,3,4,21.42
2001,1,3,5,23.50
2001,1,3,6,25.44
2001,1,4,1,34.48
2001,1,4,3,12.74
2001,1,4,4,1.12
2001,1,4,5,2.82
2001,1,4,6,7.25
2001,1,5,1,10.34
2001,1,5,2,8.60
2001,1,5,3,5.70
2001,1,5,4,3.48
2001,1,5,5,7.55
2001,1,5,6,8.33
2001,1,6,1,3.99
2001,1,6,2,2.89
2001,1,6,3,4.26
2001,1,6,4,2.03
2001,1,6,5,1.77
2001,1,6,6,8.47
2001,1,8,1,12.90
2001,1,8,2,3.70
2001,1,8,3,6.03
2001,1,8,4,6.77
2001,1,8,5,7.58
2001,1,8,6,8.25
2001,1,9,1,5.05
2001,1,9,2,5.07
2001,1,9,3,6.64
2001,1,9,4,5.78
2001,1,9,5,7.72
2001,1,9,6,13.80
2001,1,10,1,18.72
2001,1,10,2,21.74
2001,1,10,3,6.64
2001,1,10,4,5.12
2001,1,10,5,9.92
2001,1,10,6,13.43
2001,1,11,1,10.61
2001,1,11,2,8.37
2001,1,11,3,5.45
2001,1,11,4,3.37
2001,1,11,5,7.40
2001,1,11,6,7.63
2001,1,12,1,35.32
2001,1,12,2,20.35
2001,1,12,3,20.53
2001,1,12,4,20.28
2001,1,12,5,19.43
2001,1,12,6,22.89
2001,2,0,1,5.89
2001,2,0,2,5.19
2001,2,0,3,4.23
2001,2,0,4,4.76
2001,2,0,5,6.47
2001,2,0,6,5.78
2001,2,1,1,30.43
2001,2,1,2,34.04
2001,2,1,3,17.58
2001,2,1,4,30.04
2001,2,1,5,32.83
2001,2,1,6,28.12
2001,2,2,1,11.11
2001,2,2,2,4.55
2001,2,2,3,.68
2001,2,2,4,.73
2001,2,2,5,1.35
2001,2,3,1,29.06
2001,2,3,2,18.67
2001,2,3,3,19.04
2001,2,3,4,21.64
2001,2,3,5,16.29
2001,2,3,6,15.50
2001,2,4,5,4.82
2001,2,5,1,5.16
2001,2,5,2,5.02
2001,2,5,3,3.81
2001,2,5,4,3.00
2001,2,5,5,5.06
2001,2,5,6,5.51
2001,2,6,1,3.74
2001,2,6,2,2.25
2001,2,6,3,3.37
2001,2,6,4,3.85
2001,2,6,5,2.27
2001,2,6,6,4.83
2001,2,8,1,8.76
2001,2,8,2,2.38
2001,2,8,3,6.55
2001,2,8,4,7.49
2001,2,8,5,9.31
2001,2,8,6,4.72
2001,2,9,1,5.42
2001,2,9,2,4.64
2001,2,9,3,3.27
2001,2,9,4,8.23
2001,2,9,5,7.78
2001,2,9,6,8.20
2001,2,10,1,14.94
2001,2,10,2,14.93
2001,2,10,3,6.22
2001,2,10,4,4.40
2001,2,10,5,9.06
2001,2,10,6,7.97
2001,2,11,1,5.09
2001,2,11,2,4.49
2001,2,11,3,3.84
2001,2,11,4,2.75
2001,2,11,5,4.87
2001,2,11,6,5.23
2001,2,12,1,28.57
2001,2,12,2,18.45
2001,2,12,3,16.03
2001,2,12,4,19.57
2001,2,12,5,14.37
2001,2,12,6,11.15
2001,3,0,1,4.93
2001,3,0,2,4.87
2001,3,0,3,4.01
2001,3,0,4,5.34
2001,3,0,5,5.29
2001,3,0,6,5.92
2001,3,1,1,22.08
2001,3,1,2,22.60
2001,3,1,3,17.42
2001,3,1,4,35.69
2001,3,1,5,26.91
2001,3,1,6,22.10
2001,3,2,1,9.90
2001,3,2,2,7.63
2001,3,2,3,.36
2001,3,2,4,.74
2001,3,2,5,1.70
2001,3,2,6,1.97
2001,3,3,1,20.70
2001,3,3,2,13.38
2001,3,3,3,13.25
2001,3,3,4,26.49
2001,3,3,5,11.09
2001,3,3,6,11.45
2001,3,4,3,18.63
2001,3,4,4,1.19
2001,3,5,1,4.53
2001,3,5,2,5.07
2001,3,5,3,3.79
2001,3,5,4,3.41
2001,3,5,5,4.38
2001,3,5,6,5.64
2001,3,6,1,2.23
2001,3,6,2,1.79
2001,3,6,3,1.26
2001,3,6,4,1.40
2001,3,6,5,2.78
2001,3,6,6,6.96
2001,3,8,1,8.59
2001,3,8,2,6.95
2001,3,8,3,4.37
2001,3,8,4,6.34
2001,3,8,5,6.19
2001,3,8,6,6.75
2001,3,9,1,5.97
2001,3,9,2,4.75
2001,3,9,3,2.73
2001,3,9,4,6.73
2001,3,9,5,5.14
2001,3,9,6,8.90
2001,3,10,1,11.52
2001,3,10,2,14.49
2001,3,10,3,5.40
2001,3,10,4,4.54
2001,3,10,5,7.43
2001,3,10,6,7.20
2001,3,11,1,4.23
2001,3,11,2,4.21
2001,3,11,3,3.74
2001,3,11,4,3.17
2001,3,11,5,4.33
2001,3,11,6,5.50
2001,3,12,1,15.04
2001,3,12,2,11.74
2001,3,12,3,14.30
2001,3,12,4,25.87
2001,3,12,5,10.29
2001,3,12,6,10.96
2001,4,0,1,4.97
2001,4,0,2,5.14
2001,4,0,3,3.73
2001,4,0,4,4.82
2001,4,0,5,6.04
2001,4,0,6,7.32
2001,4,1,1,8.77
2001,4,1,2,18.81
2001,4,1,3,15.56
2001,4,1,4,32.77
2001,4,1,5,21.57
2001,4,1,6,24.65
2001,4,2,1,9.48
2001,4,2,2,18.02
2001,4,2,3,.55
2001,4,2,4,1.43
2001,4,2,5,3.78
2001,4,2,6,3.47
2001,4,3,1,47.48
2001,4,3,2,24.91
2001,4,3,3,13.38
2001,4,3,4,20.39
2001,4,3,5,11.97
2001,4,3,6,24.86
2001,4,4,4,3.94
2001,4,4,6,10.99
2001,4,5,1,4.55
2001,4,5,2,5.50
2001,4,5,3,3.72
2001,4,5,4,3.42
2001,4,5,5,5.36
2001,4,5,6,6.99
2001,4,6,1,2.06
2001,4,6,2,2.50
2001,4,6,3,3.13
2001,4,6,4,1.85
2001,4,6,5,.99
2001,4,6,6,10.42
2001,4,8,1,11.45
2001,4,8,2,5.92
2001,4,8,3,4.84
2001,4,8,4,5.67
2001,4,8,5,7.83
2001,4,8,6,3.81
2001,4,9,1,6.58
2001,4,9,2,5.10
2001,4,9,3,4.57
2001,4,9,4,6.59
2001,4,9,5,3.66
2001,4,9,6,11.76
2001,4,10,1,7.69
2001,4,10,2,8.05
2001,4,10,3,3.18
2001,4,10,4,3.81
2001,4,10,5,7.84
2001,4,10,6,7.26
2001,4,11,1,4.20
2001,4,11,2,4.87
2001,4,11,3,3.48
2001,4,11,4,3.35
2001,4,11,5,5.25
2001,4,11,6,6.90
2001,4,12,1,49.47
2001,4,12,2,18.35
2001,4,12,3,14.79
2001,4,12,4,19.80
2001,4,12,5,11.76
2001,4,12,6,16.37
2000,0,0,1,6.14
2000,0,0,2,5.45
2000,0,0,3,4.78
2000,0,0,4,5.67
2000,0,0,5,6.30
2000,0,0,6,6.31
2000,0,1,1,21.09
2000,0,1,2,23.59
2000,0,1,3,18.33
2000,0,1,4,41.06
2000,0,1,5,30.42
2000,0,1,6,28.59
2000,0,2,1,5.43
2000,0,2,2,1.24
2000,0,2,3,.50
2000,0,2,4,.89
2000,0,2,5,1.79
2000,0,2,6,1.76
2000,0,3,1,23.91
2000,0,3,2,15.88
2000,0,3,3,18.46
2000,0,3,4,27.50
2000,0,3,5,15.71
2000,0,3,6,17.47
2000,0,4,1,21.98
2000,0,4,3,1.97
2000,0,4,4,1.66
2000,0,4,5,1.83
2000,0,4,6,13.41
2000,0,5,1,5.70
2000,0,5,2,5.59
2000,0,5,3,4.50
2000,0,5,4,3.60
2000,0,5,5,5.19
2000,0,5,6,5.72
2000,0,6,1,1.49
2000,0,6,2,2.24
2000,0,6,3,1.77
2000,0,6,4,2.99
2000,0,6,5,1.83
2000,0,6,6,6.01
2000,0,8,1,10.06
2000,0,8,2,6.25
2000,0,8,3,5.19
2000,0,8,4,7.09
2000,0,8,5,6.83
2000,0,8,6,6.17
2000,0,9,1,4.53
2000,0,9,2,4.81
2000,0,9,3,4.93
2000,0,9,4,8.02
2000,0,9,5,6.64
2000,0,9,6,11.58
2000,0,10,1,13.39
2000,0,10,2,12.61
2000,0,10,3,5.85
2000,0,10,4,5.12
2000,0,10,5,8.27
2000,0,10,6,9.19
2000,0,11,1,5.54
2000,0,11,2,4.93
2000,0,11,3,4.37
2000,0,11,4,3.36
2000,0,11,5,5.04
2000,0,11,6,5.30
2000,0,12,1,24.08
2000,0,12,2,17.58
2000,0,12,3,16.41
2000,0,12,4,26.13
2000,0,12,5,13.79
2000,0,12,6,16.29
2000,1,0,1,9.26
2000,1,0,2,6.32
2000,1,0,3,6.20
2000,1,0,4,6.34
2000,1,0,5,8.01
2000,1,0,6,8.50
2000,1,1,1,31.46
2000,1,1,2,30.25
2000,1,1,3,21.07
2000,1,1,4,58.17
2000,1,1,5,44.28
2000,1,1,6,44.15
2000,1,2,1,12.35
2000,1,2,3,.39
2000,1,2,4,.26
2000,1,2,5,.51
2000,1,2,6,2.11
2000,1,3,1,33.29
2000,1,3,2,19.80
2000,1,3,3,29.74
2000,1,3,4,29.05
2000,1,3,5,21.41
2000,1,3,6,25.09
2000,1,4,1,23.26
2000,1,4,3,8.55
2000,1,4,4,1.18
2000,1,4,5,1.92
2000,1,4,6,7.19
2000,1,5,1,8.72
2000,1,5,2,6.55
2000,1,5,3,5.70
2000,1,5,4,4.17
2000,1,5,5,6.64
2000,1,5,6,7.58
2000,1,6,1,2.82
2000,1,6,2,3.18
2000,1,6,3,6.04
2000,1,6,4,3.67
2000,1,6,5,1.41
2000,1,6,6,13.05
2000,1,8,1,15.63
2000,1,8,2,4.84
2000,1,8,3,7.01
2000,1,8,4,7.06
2000,1,8,5,7.25
2000,1,8,6,7.81
2000,1,9,1,4.71
2000,1,9,2,5.01
2000,1,9,3,6.33
2000,1,9,4,9.52
2000,1,9,5,6.88
2000,1,9,6,17.04
2000,1,10,1,21.77
2000,1,10,2,17.49
2000,1,10,3,7.66
2000,1,10,4,5.73
2000,1,10,5,10.24
2000,1,10,6,12.44
2000,1,11,1,8.84
2000,1,11,2,6.11
2000,1,11,3,5.49
2000,1,11,4,3.86
2000,1,11,5,6.52
2000,1,11,6,6.70
2000,1,12,1,35.59
2000,1,12,2,20.41
2000,1,12,3,23.92
2000,1,12,4,26.45
2000,1,12,5,17.63
2000,1,12,6,22.96
2000,2,0,1,5.86
2000,2,0,2,5.25
2000,2,0,3,4.89
2000,2,0,4,5.82
2000,2,0,5,6.34
2000,2,0,6,5.25
2000,2,1,1,27.42
2000,2,1,2,29.79
2000,2,1,3,21.84
2000,2,1,4,36.76
2000,2,1,5,36.81
2000,2,1,6,30.07
2000,2,2,1,10.73
2000,2,2,3,.35
2000,2,2,4,1.00
2000,2,2,5,2.48
2000,2,3,1,16.61
2000,2,3,2,10.73
2000,2,3,3,12.96
2000,2,3,4,30.65
2000,2,3,5,17.11
2000,2,3,6,12.00
2000,2,4,4,4.43
2000,2,4,5,3.35
2000,2,4,6,35.46
2000,2,5,1,5.47
2000,2,5,2,5.48
2000,2,5,3,4.63
2000,2,5,4,3.25
2000,2,5,5,4.87
2000,2,5,6,4.78
2000,2,6,1,2.38
2000,2,6,2,1.87
2000,2,6,3,3.49
2000,2,6,4,3.59
2000,2,6,5,3.62
2000,2,6,6,5.80
2000,2,8,1,8.65
2000,2,8,2,7.09
2000,2,8,3,5.51
2000,2,8,4,9.00
2000,2,8,5,7.31
2000,2,8,6,9.17
2000,2,9,1,3.93
2000,2,9,2,4.42
2000,2,9,3,3.74
2000,2,9,4,8.24
2000,2,9,5,6.69
2000,2,9,6,7.91
2000,2,10,1,14.82
2000,2,10,2,14.50
2000,2,10,3,6.58
2000,2,10,4,5.64
2000,2,10,5,9.23
2000,2,10,6,8.86
2000,2,11,1,5.46
2000,2,11,2,4.90
2000,2,11,3,4.64
2000,2,11,4,3.11
2000,2,11,5,4.72
2000,2,11,6,4.55
2000,2,12,1,20.80
2000,2,12,2,11.14
2000,2,12,3,11.93
2000,2,12,4,28.24
2000,2,12,5,15.04
2000,2,12,6,10.43
2000,3,0,1,4.94
2000,3,0,2,5.16
2000,3,0,3,4.19
2000,3,0,4,5.51
2000,3,0,5,5.15
2000,3,0,6,5.63
2000,3,1,1,18.09
2000,3,1,2,16.99
2000,3,1,3,19.07
2000,3,1,4,36.42
2000,3,1,5,23.22
2000,3,1,6,22.76
2000,3,2,1,6.13
2000,3,2,3,.39
2000,3,2,4,1.11
2000,3,2,5,1.72
2000,3,2,6,10.64
2000,3,3,1,21.28
2000,3,3,2,9.94
2000,3,3,3,17.26
2000,3,3,4,27.86
2000,3,3,5,10.85
2000,3,3,6,13.57
2000,3,4,5,3.04
2000,3,5,1,4.51
2000,3,5,2,5.40
2000,3,5,3,3.98
2000,3,5,4,3.52
2000,3,5,5,4.26
2000,3,5,6,5.20
2000,3,6,1,1.90
2000,3,6,2,2.50
2000,3,6,3,2.38
2000,3,6,4,1.55
2000,3,6,5,1.91
2000,3,6,6,8.33
2000,3,8,1,11.81
2000,3,8,2,9.08
2000,3,8,3,3.33
2000,3,8,4,5.77
2000,3,8,5,5.61
2000,3,8,6,7.78
2000,3,9,1,5.67
2000,3,9,2,5.38
2000,3,9,3,4.66
2000,3,9,4,8.06
2000,3,9,5,5.48
2000,3,9,6,10.67
2000,3,10,1,11.98
2000,3,10,2,9.90
2000,3,10,3,4.97
2000,3,10,4,4.52
2000,3,10,5,7.13
2000,3,10,6,8.97
2000,3,11,1,4.19
2000,3,11,2,4.44
2000,3,11,3,3.85
2000,3,11,4,3.28
2000,3,11,5,4.21
2000,3,11,6,4.88
2000,3,12,1,19.30
2000,3,12,2,12.25
2000,3,12,3,17.64
2000,3,12,4,26.54
2000,3,12,5,9.97
2000,3,12,6,14.72
2000,4,0,1,4.45
2000,4,0,2,5.13
2000,4,0,3,3.69
2000,4,0,4,4.66
2000,4,0,5,5.64
2000,4,0,6,6.00
2000,4,1,1,21.21
2000,4,1,2,20.23
2000,4,1,3,12.86
2000,4,1,4,34.39
2000,4,1,5,16.52
2000,4,1,6,24.28
2000,4,2,2,11.36
2000,4,2,3,.59
2000,4,2,4,1.75
2000,4,2,5,2.96
2000,4,2,6,4.44
2000,4,3,1,22.01
2000,4,3,2,35.09
2000,4,3,3,17.51
2000,4,3,4,19.15
2000,4,3,5,12.35
2000,4,3,6,26.71
2000,4,4,3,10.87
2000,4,5,1,4.29
2000,4,5,2,4.74
2000,4,5,3,3.58
2000,4,5,4,3.32
2000,4,5,5,5.17
2000,4,5,6,5.58
2000,4,6,1,7.13
2000,4,6,2,2.56
2000,4,6,3,3.33
2000,4,6,4,1.00
2000,4,6,5,3.95
2000,4,6,6,6.14
2000,4,8,1,6.94
2000,4,8,2,12.82
2000,4,8,3,3.47
2000,4,8,4,4.51
2000,4,8,5,6.43
2000,4,8,6,9.71
2000,4,9,1,8.88
2000,4,9,2,4.48
2000,4,9,3,4.10
2000,4,9,4,5.53
2000,4,9,5,5.62
2000,4,9,6,10.68
2000,4,10,1,6.25
2000,4,10,2,12.48
2000,4,10,3,3.33
2000,4,10,4,4.02
2000,4,10,5,6.04
2000,4,10,6,7.41
2000,4,11,1,4.11
2000,4,11,2,4.39
2000,4,11,3,3.40
2000,4,11,4,3.31
2000,4,11,5,4.88
2000,4,11,6,5.40
2000,4,12,1,29.41
2000,4,12,2,39.77
2000,4,12,3,21.46
2000,4,12,4,18.71
2000,4,12,5,12.04
2000,4,12,6,20.44
